WIDTH=8;
DEPTH=38400;
ADDRESS_RADIX=UNS;
DATA_RADIX=HEX;

CONTENT BEGIN
0 : 00;
1 : 00;
2 : 00;
3 : 00;
4 : 00;
5 : 00;
6 : 00;
7 : 00;
8 : 00;
9 : 00;
10 : 00;
11 : 00;
12 : 00;
13 : 00;
14 : 00;
15 : 00;
16 : 00;
17 : 00;
18 : 00;
19 : 00;
20 : 00;
21 : 00;
22 : 00;
23 : 00;
24 : 00;
25 : 00;
26 : 00;
27 : 00;
28 : 00;
29 : 00;
30 : 00;
31 : 00;
32 : 00;
33 : 00;
34 : 00;
35 : 00;
36 : 00;
37 : 00;
38 : 00;
39 : 00;
40 : 00;
41 : 00;
42 : 00;
43 : 00;
44 : 00;
45 : 00;
46 : 00;
47 : 00;
48 : 00;
49 : 00;
50 : 00;
51 : 00;
52 : 00;
53 : 00;
54 : 00;
55 : 00;
56 : 00;
57 : 00;
58 : 00;
59 : 00;
60 : 00;
61 : 00;
62 : 00;
63 : 00;
64 : 00;
65 : 00;
66 : 00;
67 : 00;
68 : 00;
69 : 00;
70 : 00;
71 : 00;
72 : 00;
73 : 00;
74 : 00;
75 : 00;
76 : 00;
77 : 00;
78 : 00;
79 : 00;
80 : 00;
81 : 00;
82 : 00;
83 : 00;
84 : 00;
85 : 00;
86 : 00;
87 : 00;
88 : 00;
89 : 00;
90 : 00;
91 : 00;
92 : 00;
93 : 00;
94 : 00;
95 : 00;
96 : 00;
97 : 00;
98 : 00;
99 : 00;
100 : 00;
101 : 00;
102 : 00;
103 : 00;
104 : 00;
105 : 00;
106 : 00;
107 : 00;
108 : 00;
109 : 00;
110 : 00;
111 : 00;
112 : 00;
113 : 00;
114 : 00;
115 : 00;
116 : 00;
117 : 00;
118 : 00;
119 : 00;
120 : 00;
121 : 00;
122 : 00;
123 : 00;
124 : 00;
125 : 00;
126 : 00;
127 : 00;
128 : 00;
129 : 00;
130 : 00;
131 : 00;
132 : 00;
133 : 00;
134 : 00;
135 : 00;
136 : 00;
137 : 00;
138 : 00;
139 : 00;
140 : 00;
141 : 00;
142 : 00;
143 : 00;
144 : 00;
145 : 00;
146 : 00;
147 : 00;
148 : 00;
149 : 00;
150 : 00;
151 : 00;
152 : 00;
153 : 00;
154 : 00;
155 : 00;
156 : 00;
157 : 00;
158 : 00;
159 : 00;
160 : 00;
161 : 00;
162 : 00;
163 : 00;
164 : 00;
165 : 00;
166 : 00;
167 : 00;
168 : 00;
169 : 00;
170 : 00;
171 : 00;
172 : 00;
173 : 00;
174 : 00;
175 : 00;
176 : 00;
177 : 00;
178 : 00;
179 : 00;
180 : 00;
181 : 00;
182 : 00;
183 : 00;
184 : 00;
185 : 00;
186 : 00;
187 : 00;
188 : 00;
189 : 00;
190 : 00;
191 : 00;
192 : 00;
193 : 00;
194 : 00;
195 : 00;
196 : 00;
197 : 00;
198 : 00;
199 : 00;
200 : 00;
201 : 00;
202 : 00;
203 : 00;
204 : 00;
205 : 00;
206 : 00;
207 : 00;
208 : 00;
209 : 00;
210 : 00;
211 : 00;
212 : 00;
213 : 00;
214 : 00;
215 : 00;
216 : 00;
217 : 00;
218 : 00;
219 : 00;
220 : 00;
221 : 00;
222 : 00;
223 : 00;
224 : 00;
225 : 00;
226 : 00;
227 : 00;
228 : 00;
229 : 00;
230 : 00;
231 : 00;
232 : 00;
233 : 00;
234 : 00;
235 : 00;
236 : 00;
237 : 00;
238 : 00;
239 : 00;
240 : 00;
241 : 00;
242 : 00;
243 : 00;
244 : 00;
245 : 00;
246 : 00;
247 : 00;
248 : 00;
249 : 00;
250 : 00;
251 : 00;
252 : 00;
253 : 00;
254 : 00;
255 : 00;
256 : 00;
257 : 00;
258 : 00;
259 : 00;
260 : 00;
261 : 00;
262 : 00;
263 : 00;
264 : 00;
265 : 00;
266 : 00;
267 : 00;
268 : 00;
269 : 00;
270 : 00;
271 : 00;
272 : 00;
273 : 00;
274 : 00;
275 : 00;
276 : 00;
277 : 00;
278 : 00;
279 : 00;
280 : 00;
281 : 00;
282 : 00;
283 : 00;
284 : 00;
285 : 00;
286 : 00;
287 : 00;
288 : 00;
289 : 00;
290 : 00;
291 : 00;
292 : 00;
293 : 00;
294 : 00;
295 : 00;
296 : 00;
297 : 00;
298 : 00;
299 : 00;
300 : 00;
301 : 00;
302 : 00;
303 : 00;
304 : 00;
305 : 00;
306 : 00;
307 : 00;
308 : 00;
309 : 00;
310 : 00;
311 : 00;
312 : 00;
313 : 00;
314 : 00;
315 : 00;
316 : 00;
317 : 00;
318 : 00;
319 : 00;
320 : 00;
321 : 00;
322 : 00;
323 : 00;
324 : 00;
325 : 00;
326 : 00;
327 : 00;
328 : 00;
329 : 00;
330 : 00;
331 : 00;
332 : 00;
333 : 00;
334 : 00;
335 : 00;
336 : 00;
337 : 00;
338 : 00;
339 : 00;
340 : 00;
341 : 00;
342 : 00;
343 : 00;
344 : 00;
345 : 00;
346 : 00;
347 : 00;
348 : 00;
349 : 00;
350 : 00;
351 : 00;
352 : 00;
353 : 00;
354 : 00;
355 : 00;
356 : 00;
357 : 00;
358 : 00;
359 : 00;
360 : 00;
361 : 00;
362 : 00;
363 : 00;
364 : 00;
365 : 00;
366 : 00;
367 : 00;
368 : 00;
369 : 00;
370 : 00;
371 : 00;
372 : 00;
373 : 00;
374 : 00;
375 : 00;
376 : 00;
377 : 00;
378 : 00;
379 : 00;
380 : 00;
381 : 00;
382 : 00;
383 : 00;
384 : 00;
385 : 00;
386 : 00;
387 : 00;
388 : 00;
389 : 00;
390 : 00;
391 : 00;
392 : 00;
393 : 00;
394 : 00;
395 : 00;
396 : 00;
397 : 00;
398 : 00;
399 : 00;
400 : 00;
401 : 00;
402 : 00;
403 : 00;
404 : 00;
405 : 00;
406 : 00;
407 : 00;
408 : 00;
409 : 00;
410 : 00;
411 : 00;
412 : 00;
413 : 00;
414 : 00;
415 : 00;
416 : 00;
417 : 00;
418 : 00;
419 : 00;
420 : 00;
421 : 00;
422 : 00;
423 : 00;
424 : 00;
425 : 00;
426 : 00;
427 : 00;
428 : 00;
429 : 00;
430 : 00;
431 : 00;
432 : 00;
433 : 00;
434 : 00;
435 : 00;
436 : 00;
437 : 00;
438 : 00;
439 : 00;
440 : 00;
441 : 00;
442 : 00;
443 : 00;
444 : 00;
445 : 00;
446 : 00;
447 : 00;
448 : 00;
449 : 00;
450 : 00;
451 : 00;
452 : 00;
453 : 00;
454 : 00;
455 : 00;
456 : 00;
457 : 00;
458 : 00;
459 : 00;
460 : 00;
461 : 00;
462 : 00;
463 : 00;
464 : 00;
465 : 00;
466 : 00;
467 : 00;
468 : 00;
469 : 00;
470 : 00;
471 : 00;
472 : 00;
473 : 00;
474 : 00;
475 : 00;
476 : 00;
477 : 00;
478 : 00;
479 : 00;
480 : 00;
481 : 00;
482 : 00;
483 : 00;
484 : 00;
485 : 00;
486 : 00;
487 : 00;
488 : 00;
489 : 00;
490 : 00;
491 : 00;
492 : 00;
493 : 00;
494 : 00;
495 : 00;
496 : 00;
497 : 00;
498 : 00;
499 : 00;
500 : 00;
501 : 00;
502 : 00;
503 : 00;
504 : 00;
505 : 00;
506 : 00;
507 : 00;
508 : 00;
509 : 00;
510 : 00;
511 : 00;
512 : 00;
513 : 00;
514 : 00;
515 : 00;
516 : 00;
517 : 00;
518 : 00;
519 : 00;
520 : 00;
521 : 00;
522 : 00;
523 : 00;
524 : 00;
525 : 00;
526 : 00;
527 : 00;
528 : 00;
529 : 00;
530 : 00;
531 : 00;
532 : 00;
533 : 00;
534 : 00;
535 : 00;
536 : 00;
537 : 00;
538 : 00;
539 : 00;
540 : 00;
541 : 00;
542 : 00;
543 : 00;
544 : 00;
545 : 00;
546 : 00;
547 : 00;
548 : 00;
549 : 00;
550 : 00;
551 : 00;
552 : 00;
553 : 00;
554 : 00;
555 : 00;
556 : 00;
557 : 00;
558 : 00;
559 : 00;
560 : 00;
561 : 00;
562 : 00;
563 : 00;
564 : 00;
565 : 00;
566 : 00;
567 : 00;
568 : 00;
569 : 00;
570 : 00;
571 : 00;
572 : 00;
573 : 00;
574 : 00;
575 : 00;
576 : 00;
577 : 00;
578 : 00;
579 : 00;
580 : 00;
581 : 00;
582 : 00;
583 : 00;
584 : 00;
585 : 00;
586 : 00;
587 : 00;
588 : 00;
589 : 00;
590 : 00;
591 : 00;
592 : 00;
593 : 00;
594 : 00;
595 : 00;
596 : 00;
597 : 00;
598 : 00;
599 : 00;
600 : 00;
601 : 00;
602 : 00;
603 : 00;
604 : 00;
605 : 00;
606 : 00;
607 : 00;
608 : 00;
609 : 00;
610 : 00;
611 : 00;
612 : 00;
613 : 00;
614 : 00;
615 : 00;
616 : 00;
617 : 00;
618 : 00;
619 : 00;
620 : 00;
621 : 00;
622 : 00;
623 : 00;
624 : 00;
625 : 00;
626 : 00;
627 : 00;
628 : 00;
629 : 00;
630 : 00;
631 : 00;
632 : 00;
633 : 00;
634 : 00;
635 : 00;
636 : 00;
637 : 00;
638 : 00;
639 : 00;
640 : 00;
641 : 00;
642 : 00;
643 : 00;
644 : 00;
645 : 00;
646 : 00;
647 : 00;
648 : 00;
649 : 00;
650 : 00;
651 : 00;
652 : 00;
653 : 00;
654 : 00;
655 : 00;
656 : 00;
657 : 00;
658 : 00;
659 : 00;
660 : 00;
661 : 00;
662 : 00;
663 : 00;
664 : 00;
665 : 00;
666 : 00;
667 : 00;
668 : 00;
669 : 00;
670 : 00;
671 : 00;
672 : 00;
673 : 00;
674 : 00;
675 : 00;
676 : 00;
677 : 00;
678 : 00;
679 : 00;
680 : 00;
681 : 00;
682 : 00;
683 : 00;
684 : 00;
685 : 00;
686 : 00;
687 : 00;
688 : 00;
689 : 00;
690 : 00;
691 : 00;
692 : 00;
693 : 00;
694 : 00;
695 : 00;
696 : 00;
697 : 00;
698 : 00;
699 : 00;
700 : 00;
701 : 00;
702 : 00;
703 : 00;
704 : 00;
705 : 00;
706 : 00;
707 : 00;
708 : 00;
709 : 00;
710 : 00;
711 : 00;
712 : 00;
713 : 00;
714 : 00;
715 : 00;
716 : 00;
717 : 00;
718 : 00;
719 : 00;
720 : 00;
721 : 00;
722 : 00;
723 : 00;
724 : 00;
725 : 00;
726 : 00;
727 : 00;
728 : 00;
729 : 00;
730 : 00;
731 : 00;
732 : 00;
733 : 00;
734 : 00;
735 : 00;
736 : 00;
737 : 00;
738 : 00;
739 : 00;
740 : 00;
741 : 00;
742 : 00;
743 : 00;
744 : 00;
745 : 00;
746 : 00;
747 : 00;
748 : 00;
749 : 00;
750 : 00;
751 : 00;
752 : 00;
753 : 00;
754 : 00;
755 : 00;
756 : 00;
757 : 00;
758 : 00;
759 : 00;
760 : 00;
761 : 00;
762 : 00;
763 : 00;
764 : 00;
765 : 00;
766 : 00;
767 : 00;
768 : 00;
769 : 00;
770 : 00;
771 : 00;
772 : 00;
773 : 00;
774 : 00;
775 : 00;
776 : 00;
777 : 00;
778 : 00;
779 : 00;
780 : 00;
781 : 00;
782 : 00;
783 : 00;
784 : 00;
785 : 00;
786 : 00;
787 : 00;
788 : 00;
789 : 00;
790 : 00;
791 : 00;
792 : 00;
793 : 00;
794 : 00;
795 : 00;
796 : 00;
797 : 00;
798 : 00;
799 : 00;
800 : 00;
801 : 00;
802 : 00;
803 : 00;
804 : 00;
805 : 00;
806 : 00;
807 : 00;
808 : 00;
809 : 00;
810 : 00;
811 : 00;
812 : 00;
813 : 00;
814 : 00;
815 : 00;
816 : 00;
817 : 00;
818 : 00;
819 : 00;
820 : 00;
821 : 00;
822 : 00;
823 : 00;
824 : 00;
825 : 00;
826 : 00;
827 : 00;
828 : 00;
829 : 00;
830 : 00;
831 : 00;
832 : 00;
833 : 00;
834 : 00;
835 : 00;
836 : 00;
837 : 00;
838 : 00;
839 : 00;
840 : 00;
841 : 00;
842 : 00;
843 : 00;
844 : 00;
845 : 00;
846 : 00;
847 : 00;
848 : 00;
849 : 00;
850 : 00;
851 : 00;
852 : 00;
853 : 00;
854 : 00;
855 : 00;
856 : 00;
857 : 00;
858 : 00;
859 : 00;
860 : 00;
861 : 00;
862 : 00;
863 : 00;
864 : 00;
865 : 00;
866 : 00;
867 : 00;
868 : 00;
869 : 00;
870 : 00;
871 : 00;
872 : 00;
873 : 00;
874 : 00;
875 : 00;
876 : 00;
877 : 00;
878 : 00;
879 : 00;
880 : 00;
881 : 00;
882 : 00;
883 : 00;
884 : 00;
885 : 00;
886 : 00;
887 : 00;
888 : 00;
889 : 00;
890 : 00;
891 : 00;
892 : 00;
893 : 00;
894 : 00;
895 : 00;
896 : 00;
897 : 00;
898 : 00;
899 : 00;
900 : 00;
901 : 00;
902 : 00;
903 : 00;
904 : 00;
905 : 00;
906 : 00;
907 : 00;
908 : 00;
909 : 00;
910 : 00;
911 : 00;
912 : 00;
913 : 00;
914 : 00;
915 : 00;
916 : 00;
917 : 00;
918 : 00;
919 : 00;
920 : 00;
921 : 00;
922 : 00;
923 : 00;
924 : 00;
925 : 00;
926 : 00;
927 : 00;
928 : 00;
929 : 00;
930 : 00;
931 : 00;
932 : 00;
933 : 00;
934 : 00;
935 : 00;
936 : 00;
937 : 00;
938 : 00;
939 : 00;
940 : 00;
941 : 00;
942 : 00;
943 : 00;
944 : 00;
945 : 00;
946 : 00;
947 : 00;
948 : 00;
949 : 00;
950 : 00;
951 : 00;
952 : 00;
953 : 00;
954 : 00;
955 : 00;
956 : 00;
957 : 00;
958 : 00;
959 : 00;
960 : 00;
961 : 00;
962 : 00;
963 : 00;
964 : 00;
965 : 00;
966 : 00;
967 : 00;
968 : 00;
969 : 00;
970 : 00;
971 : 00;
972 : 00;
973 : 00;
974 : 00;
975 : 00;
976 : 00;
977 : 00;
978 : 00;
979 : 00;
980 : 00;
981 : 00;
982 : 00;
983 : 00;
984 : 00;
985 : 00;
986 : 00;
987 : 00;
988 : 00;
989 : 00;
990 : 00;
991 : 00;
992 : 00;
993 : 00;
994 : 00;
995 : 00;
996 : 00;
997 : 00;
998 : 00;
999 : 00;
1000 : 00;
1001 : 00;
1002 : 00;
1003 : 00;
1004 : 00;
1005 : 00;
1006 : 00;
1007 : 00;
1008 : 00;
1009 : 00;
1010 : 00;
1011 : 00;
1012 : 00;
1013 : 00;
1014 : 00;
1015 : 00;
1016 : 00;
1017 : 00;
1018 : 00;
1019 : 00;
1020 : 00;
1021 : 00;
1022 : 00;
1023 : 00;
1024 : 00;
1025 : 00;
1026 : 00;
1027 : 00;
1028 : 00;
1029 : 00;
1030 : 00;
1031 : 00;
1032 : 00;
1033 : 00;
1034 : 00;
1035 : 00;
1036 : 00;
1037 : 00;
1038 : 00;
1039 : 00;
1040 : 00;
1041 : 00;
1042 : 00;
1043 : 00;
1044 : 00;
1045 : 00;
1046 : 00;
1047 : 00;
1048 : 00;
1049 : 00;
1050 : 00;
1051 : 00;
1052 : 00;
1053 : 00;
1054 : 00;
1055 : 00;
1056 : 00;
1057 : 00;
1058 : 00;
1059 : 00;
1060 : 00;
1061 : 00;
1062 : 00;
1063 : 00;
1064 : 00;
1065 : 00;
1066 : 00;
1067 : 00;
1068 : 00;
1069 : 00;
1070 : 00;
1071 : 00;
1072 : 00;
1073 : 00;
1074 : 00;
1075 : 00;
1076 : 00;
1077 : 00;
1078 : 00;
1079 : 00;
1080 : 00;
1081 : 00;
1082 : 00;
1083 : 00;
1084 : 00;
1085 : 00;
1086 : 00;
1087 : 00;
1088 : 00;
1089 : 00;
1090 : 00;
1091 : 00;
1092 : 00;
1093 : 00;
1094 : 00;
1095 : 00;
1096 : 00;
1097 : 00;
1098 : 00;
1099 : 00;
1100 : 00;
1101 : 00;
1102 : 00;
1103 : 00;
1104 : 00;
1105 : 00;
1106 : 00;
1107 : 00;
1108 : 00;
1109 : 00;
1110 : 00;
1111 : 00;
1112 : 00;
1113 : 00;
1114 : 00;
1115 : 00;
1116 : 00;
1117 : 00;
1118 : 00;
1119 : 00;
1120 : 00;
1121 : 00;
1122 : 00;
1123 : 00;
1124 : 00;
1125 : 00;
1126 : 00;
1127 : 00;
1128 : 00;
1129 : 00;
1130 : 00;
1131 : 00;
1132 : 00;
1133 : 00;
1134 : 00;
1135 : 00;
1136 : 00;
1137 : 00;
1138 : 00;
1139 : 00;
1140 : 00;
1141 : 00;
1142 : 00;
1143 : 00;
1144 : 00;
1145 : 00;
1146 : 00;
1147 : 00;
1148 : 00;
1149 : 00;
1150 : 00;
1151 : 00;
1152 : 00;
1153 : 00;
1154 : 00;
1155 : 00;
1156 : 00;
1157 : 00;
1158 : 00;
1159 : 00;
1160 : 00;
1161 : 00;
1162 : 00;
1163 : 00;
1164 : 00;
1165 : 00;
1166 : 00;
1167 : 00;
1168 : 00;
1169 : 00;
1170 : 00;
1171 : 00;
1172 : 00;
1173 : 00;
1174 : 00;
1175 : 00;
1176 : 00;
1177 : 00;
1178 : 00;
1179 : 00;
1180 : 00;
1181 : 00;
1182 : 00;
1183 : 00;
1184 : 00;
1185 : 00;
1186 : 00;
1187 : 00;
1188 : 00;
1189 : 00;
1190 : 00;
1191 : 00;
1192 : 00;
1193 : 00;
1194 : 00;
1195 : 00;
1196 : 00;
1197 : 00;
1198 : 00;
1199 : 00;
1200 : 00;
1201 : 00;
1202 : 00;
1203 : 00;
1204 : 00;
1205 : 00;
1206 : 00;
1207 : 00;
1208 : 00;
1209 : 00;
1210 : 00;
1211 : 00;
1212 : 00;
1213 : 00;
1214 : 00;
1215 : 00;
1216 : 00;
1217 : 00;
1218 : 00;
1219 : 00;
1220 : 00;
1221 : 00;
1222 : 00;
1223 : 00;
1224 : 00;
1225 : 00;
1226 : 00;
1227 : 00;
1228 : 00;
1229 : 00;
1230 : 00;
1231 : 00;
1232 : 00;
1233 : 00;
1234 : 00;
1235 : 00;
1236 : 00;
1237 : 00;
1238 : 00;
1239 : 00;
1240 : 00;
1241 : 00;
1242 : 00;
1243 : 00;
1244 : 00;
1245 : 00;
1246 : 00;
1247 : 00;
1248 : 00;
1249 : 00;
1250 : 00;
1251 : 00;
1252 : 00;
1253 : 00;
1254 : 00;
1255 : 00;
1256 : 00;
1257 : 00;
1258 : 00;
1259 : 00;
1260 : 00;
1261 : 00;
1262 : 00;
1263 : 00;
1264 : 00;
1265 : 00;
1266 : 00;
1267 : 00;
1268 : 00;
1269 : 00;
1270 : 00;
1271 : 00;
1272 : 00;
1273 : 00;
1274 : 00;
1275 : 00;
1276 : 00;
1277 : 00;
1278 : 00;
1279 : 00;
1280 : 00;
1281 : 00;
1282 : 00;
1283 : 00;
1284 : 00;
1285 : 00;
1286 : 00;
1287 : 00;
1288 : 00;
1289 : 00;
1290 : 00;
1291 : 00;
1292 : 00;
1293 : 00;
1294 : 00;
1295 : 00;
1296 : 00;
1297 : 00;
1298 : 00;
1299 : 00;
1300 : 00;
1301 : 00;
1302 : 00;
1303 : 00;
1304 : 00;
1305 : 00;
1306 : 00;
1307 : 00;
1308 : 00;
1309 : 00;
1310 : 00;
1311 : 00;
1312 : 00;
1313 : 00;
1314 : 00;
1315 : 00;
1316 : 00;
1317 : 00;
1318 : 00;
1319 : 00;
1320 : 00;
1321 : 00;
1322 : 00;
1323 : 00;
1324 : 00;
1325 : 00;
1326 : 00;
1327 : 00;
1328 : 00;
1329 : 00;
1330 : 00;
1331 : 00;
1332 : 00;
1333 : 00;
1334 : 00;
1335 : 00;
1336 : 00;
1337 : 00;
1338 : 00;
1339 : 00;
1340 : 00;
1341 : 00;
1342 : 00;
1343 : 00;
1344 : 00;
1345 : 00;
1346 : 00;
1347 : 00;
1348 : 00;
1349 : 00;
1350 : 00;
1351 : 00;
1352 : 00;
1353 : 00;
1354 : 00;
1355 : 00;
1356 : 00;
1357 : 00;
1358 : 00;
1359 : 00;
1360 : 00;
1361 : 00;
1362 : 00;
1363 : 00;
1364 : 00;
1365 : 00;
1366 : 00;
1367 : 00;
1368 : 00;
1369 : 00;
1370 : 00;
1371 : 00;
1372 : 00;
1373 : 00;
1374 : 00;
1375 : 00;
1376 : 00;
1377 : 00;
1378 : 00;
1379 : 00;
1380 : 00;
1381 : 00;
1382 : 00;
1383 : 00;
1384 : 00;
1385 : 00;
1386 : 00;
1387 : 00;
1388 : 00;
1389 : 00;
1390 : 00;
1391 : 00;
1392 : 00;
1393 : 00;
1394 : 00;
1395 : 00;
1396 : 00;
1397 : 00;
1398 : 00;
1399 : 00;
1400 : 00;
1401 : 00;
1402 : 00;
1403 : 00;
1404 : 00;
1405 : 00;
1406 : 00;
1407 : 00;
1408 : 00;
1409 : 00;
1410 : 00;
1411 : 00;
1412 : 00;
1413 : 00;
1414 : 00;
1415 : 00;
1416 : 00;
1417 : 00;
1418 : 00;
1419 : 00;
1420 : 00;
1421 : 00;
1422 : 00;
1423 : 00;
1424 : 00;
1425 : 00;
1426 : 00;
1427 : 00;
1428 : 00;
1429 : 00;
1430 : 00;
1431 : 00;
1432 : 00;
1433 : 00;
1434 : 00;
1435 : 00;
1436 : 00;
1437 : 00;
1438 : 00;
1439 : 00;
1440 : 00;
1441 : 00;
1442 : 00;
1443 : 00;
1444 : 00;
1445 : 00;
1446 : 00;
1447 : 00;
1448 : 00;
1449 : 00;
1450 : 00;
1451 : 00;
1452 : 00;
1453 : 00;
1454 : 00;
1455 : 00;
1456 : 00;
1457 : 00;
1458 : 00;
1459 : 00;
1460 : 00;
1461 : 00;
1462 : 00;
1463 : 00;
1464 : 00;
1465 : 00;
1466 : 00;
1467 : 00;
1468 : 00;
1469 : 00;
1470 : 00;
1471 : 00;
1472 : 00;
1473 : 00;
1474 : 00;
1475 : 00;
1476 : 00;
1477 : 00;
1478 : 00;
1479 : 00;
1480 : 00;
1481 : 00;
1482 : 00;
1483 : 00;
1484 : 00;
1485 : 00;
1486 : 00;
1487 : 00;
1488 : 00;
1489 : 00;
1490 : 00;
1491 : 00;
1492 : 00;
1493 : 00;
1494 : 00;
1495 : 00;
1496 : 00;
1497 : 00;
1498 : 00;
1499 : 00;
1500 : 00;
1501 : 00;
1502 : 00;
1503 : 00;
1504 : 00;
1505 : 00;
1506 : 00;
1507 : 00;
1508 : 00;
1509 : 00;
1510 : 00;
1511 : 00;
1512 : 00;
1513 : 00;
1514 : 00;
1515 : 00;
1516 : 00;
1517 : 00;
1518 : 00;
1519 : 00;
1520 : 00;
1521 : 00;
1522 : 00;
1523 : 00;
1524 : 00;
1525 : 00;
1526 : 00;
1527 : 00;
1528 : 00;
1529 : 00;
1530 : 00;
1531 : 00;
1532 : 00;
1533 : 00;
1534 : 00;
1535 : 00;
1536 : 00;
1537 : 00;
1538 : 00;
1539 : 00;
1540 : 00;
1541 : 00;
1542 : 00;
1543 : 00;
1544 : 00;
1545 : 00;
1546 : 00;
1547 : 00;
1548 : 00;
1549 : 00;
1550 : 00;
1551 : 00;
1552 : 00;
1553 : 00;
1554 : 00;
1555 : 00;
1556 : 00;
1557 : 00;
1558 : 00;
1559 : 00;
1560 : 00;
1561 : 00;
1562 : 00;
1563 : 00;
1564 : 00;
1565 : 00;
1566 : 00;
1567 : 00;
1568 : 00;
1569 : 00;
1570 : 00;
1571 : 00;
1572 : 00;
1573 : 00;
1574 : 00;
1575 : 00;
1576 : 00;
1577 : 00;
1578 : 00;
1579 : 00;
1580 : 00;
1581 : 00;
1582 : 00;
1583 : 00;
1584 : 00;
1585 : 00;
1586 : 00;
1587 : 00;
1588 : 00;
1589 : 00;
1590 : 00;
1591 : 00;
1592 : 00;
1593 : 00;
1594 : 00;
1595 : 00;
1596 : 00;
1597 : 00;
1598 : 00;
1599 : 00;
1600 : 00;
1601 : 00;
1602 : 00;
1603 : 00;
1604 : 00;
1605 : 00;
1606 : 00;
1607 : 00;
1608 : 00;
1609 : 00;
1610 : 00;
1611 : 00;
1612 : 00;
1613 : 00;
1614 : 00;
1615 : 00;
1616 : 00;
1617 : 00;
1618 : 00;
1619 : 00;
1620 : 00;
1621 : 00;
1622 : 00;
1623 : 00;
1624 : 00;
1625 : 00;
1626 : 00;
1627 : 00;
1628 : 00;
1629 : 00;
1630 : 00;
1631 : 00;
1632 : 00;
1633 : 00;
1634 : 00;
1635 : 00;
1636 : 00;
1637 : 00;
1638 : 00;
1639 : 00;
1640 : 00;
1641 : 00;
1642 : 00;
1643 : 00;
1644 : 00;
1645 : 00;
1646 : 00;
1647 : 00;
1648 : 00;
1649 : 00;
1650 : 00;
1651 : 00;
1652 : 00;
1653 : 00;
1654 : 00;
1655 : 00;
1656 : 00;
1657 : 00;
1658 : 00;
1659 : 00;
1660 : 00;
1661 : 00;
1662 : 00;
1663 : 00;
1664 : 00;
1665 : 00;
1666 : 00;
1667 : 00;
1668 : 00;
1669 : 00;
1670 : 00;
1671 : 00;
1672 : 00;
1673 : 00;
1674 : 00;
1675 : 00;
1676 : 00;
1677 : 00;
1678 : 00;
1679 : 00;
1680 : 00;
1681 : 00;
1682 : 00;
1683 : 00;
1684 : 00;
1685 : 00;
1686 : 00;
1687 : 00;
1688 : 00;
1689 : 00;
1690 : 00;
1691 : 00;
1692 : 00;
1693 : 00;
1694 : 00;
1695 : 00;
1696 : 00;
1697 : 00;
1698 : 00;
1699 : 00;
1700 : 00;
1701 : 00;
1702 : 00;
1703 : 00;
1704 : 00;
1705 : 00;
1706 : 00;
1707 : 00;
1708 : 00;
1709 : 00;
1710 : 00;
1711 : 00;
1712 : 00;
1713 : 00;
1714 : 00;
1715 : 00;
1716 : 00;
1717 : 00;
1718 : 00;
1719 : 00;
1720 : 00;
1721 : 00;
1722 : 00;
1723 : 00;
1724 : 00;
1725 : 00;
1726 : 00;
1727 : 00;
1728 : 00;
1729 : 00;
1730 : 00;
1731 : 00;
1732 : 00;
1733 : 00;
1734 : 00;
1735 : 00;
1736 : 00;
1737 : 00;
1738 : 00;
1739 : 00;
1740 : 00;
1741 : 00;
1742 : 00;
1743 : 00;
1744 : 00;
1745 : 00;
1746 : 00;
1747 : 00;
1748 : 00;
1749 : 00;
1750 : 00;
1751 : 00;
1752 : 00;
1753 : 00;
1754 : 00;
1755 : 00;
1756 : 00;
1757 : 00;
1758 : 00;
1759 : 00;
1760 : 00;
1761 : 00;
1762 : 00;
1763 : 00;
1764 : 00;
1765 : 00;
1766 : 00;
1767 : 00;
1768 : 00;
1769 : 00;
1770 : 00;
1771 : 00;
1772 : 00;
1773 : 00;
1774 : 00;
1775 : 00;
1776 : 00;
1777 : 00;
1778 : 00;
1779 : 00;
1780 : 00;
1781 : 00;
1782 : 00;
1783 : 00;
1784 : 00;
1785 : 00;
1786 : 00;
1787 : 00;
1788 : 00;
1789 : 00;
1790 : 00;
1791 : 00;
1792 : 00;
1793 : 00;
1794 : 00;
1795 : 00;
1796 : 00;
1797 : 00;
1798 : 00;
1799 : 00;
1800 : 00;
1801 : 00;
1802 : 00;
1803 : 00;
1804 : 00;
1805 : 00;
1806 : 00;
1807 : 00;
1808 : 00;
1809 : 00;
1810 : 00;
1811 : 00;
1812 : 00;
1813 : 00;
1814 : 00;
1815 : 00;
1816 : 00;
1817 : 00;
1818 : 00;
1819 : 00;
1820 : 00;
1821 : 00;
1822 : 00;
1823 : 00;
1824 : 00;
1825 : 00;
1826 : 00;
1827 : 00;
1828 : 00;
1829 : 00;
1830 : 00;
1831 : 00;
1832 : 00;
1833 : 00;
1834 : 00;
1835 : 00;
1836 : 00;
1837 : 00;
1838 : 00;
1839 : 00;
1840 : 00;
1841 : 00;
1842 : 00;
1843 : 00;
1844 : 00;
1845 : 00;
1846 : 00;
1847 : 00;
1848 : 00;
1849 : 00;
1850 : 00;
1851 : 00;
1852 : 00;
1853 : 00;
1854 : 00;
1855 : 00;
1856 : 00;
1857 : 00;
1858 : 00;
1859 : 00;
1860 : 00;
1861 : 00;
1862 : 00;
1863 : 00;
1864 : 00;
1865 : 00;
1866 : 00;
1867 : 00;
1868 : 00;
1869 : 00;
1870 : 00;
1871 : 00;
1872 : 00;
1873 : 00;
1874 : 00;
1875 : 00;
1876 : 00;
1877 : 00;
1878 : 00;
1879 : 00;
1880 : 00;
1881 : 00;
1882 : 00;
1883 : 00;
1884 : 00;
1885 : 00;
1886 : 00;
1887 : 00;
1888 : 00;
1889 : 00;
1890 : 00;
1891 : 00;
1892 : 00;
1893 : 00;
1894 : 00;
1895 : 00;
1896 : 00;
1897 : 00;
1898 : 00;
1899 : 00;
1900 : 00;
1901 : 00;
1902 : 00;
1903 : 00;
1904 : 00;
1905 : 00;
1906 : 00;
1907 : 00;
1908 : 00;
1909 : 00;
1910 : 00;
1911 : 00;
1912 : 00;
1913 : 00;
1914 : 00;
1915 : 00;
1916 : 00;
1917 : 00;
1918 : 00;
1919 : 00;
1920 : 00;
1921 : 00;
1922 : 00;
1923 : 00;
1924 : 00;
1925 : 00;
1926 : 00;
1927 : 00;
1928 : 00;
1929 : 00;
1930 : 00;
1931 : 00;
1932 : 00;
1933 : 00;
1934 : 00;
1935 : 00;
1936 : 00;
1937 : 00;
1938 : 00;
1939 : 00;
1940 : 00;
1941 : 00;
1942 : 00;
1943 : 00;
1944 : 00;
1945 : 00;
1946 : 20;
1947 : 00;
1948 : 00;
1949 : 00;
1950 : 00;
1951 : 00;
1952 : 00;
1953 : 00;
1954 : 00;
1955 : 00;
1956 : 00;
1957 : 00;
1958 : 00;
1959 : 00;
1960 : 00;
1961 : 00;
1962 : 00;
1963 : 00;
1964 : 00;
1965 : 00;
1966 : 00;
1967 : 00;
1968 : 00;
1969 : 00;
1970 : 00;
1971 : 00;
1972 : 00;
1973 : 00;
1974 : 00;
1975 : 00;
1976 : 00;
1977 : 00;
1978 : 00;
1979 : 00;
1980 : 00;
1981 : 00;
1982 : 00;
1983 : 00;
1984 : 00;
1985 : 00;
1986 : 00;
1987 : 00;
1988 : 00;
1989 : 00;
1990 : 00;
1991 : 00;
1992 : 00;
1993 : 00;
1994 : 00;
1995 : 00;
1996 : 00;
1997 : 00;
1998 : 00;
1999 : 00;
2000 : 00;
2001 : 00;
2002 : 00;
2003 : 00;
2004 : 00;
2005 : 00;
2006 : 00;
2007 : 00;
2008 : 00;
2009 : 00;
2010 : 00;
2011 : 00;
2012 : 00;
2013 : 00;
2014 : 00;
2015 : 00;
2016 : 00;
2017 : 00;
2018 : 00;
2019 : 00;
2020 : 00;
2021 : 00;
2022 : 00;
2023 : 00;
2024 : 00;
2025 : 00;
2026 : 00;
2027 : 00;
2028 : 00;
2029 : 00;
2030 : 00;
2031 : 00;
2032 : 00;
2033 : 00;
2034 : 00;
2035 : 00;
2036 : 00;
2037 : 00;
2038 : 00;
2039 : 00;
2040 : 00;
2041 : 00;
2042 : 00;
2043 : 00;
2044 : 00;
2045 : 00;
2046 : 00;
2047 : 00;
2048 : 00;
2049 : 00;
2050 : 00;
2051 : 00;
2052 : 00;
2053 : 00;
2054 : 00;
2055 : 00;
2056 : 00;
2057 : 00;
2058 : 00;
2059 : 00;
2060 : 00;
2061 : 00;
2062 : 00;
2063 : 00;
2064 : 00;
2065 : 00;
2066 : 00;
2067 : 00;
2068 : 00;
2069 : 00;
2070 : 00;
2071 : 00;
2072 : 00;
2073 : 00;
2074 : 00;
2075 : 00;
2076 : 00;
2077 : 00;
2078 : 00;
2079 : 00;
2080 : 00;
2081 : 00;
2082 : 00;
2083 : 00;
2084 : 00;
2085 : 00;
2086 : 00;
2087 : 00;
2088 : 00;
2089 : 00;
2090 : 00;
2091 : 00;
2092 : 00;
2093 : 00;
2094 : 00;
2095 : 00;
2096 : 00;
2097 : 00;
2098 : 00;
2099 : 00;
2100 : 00;
2101 : 00;
2102 : 00;
2103 : 00;
2104 : 00;
2105 : 00;
2106 : 00;
2107 : 00;
2108 : 00;
2109 : 00;
2110 : 00;
2111 : 00;
2112 : 00;
2113 : 00;
2114 : 00;
2115 : 00;
2116 : 00;
2117 : 00;
2118 : 00;
2119 : 00;
2120 : 00;
2121 : 00;
2122 : 00;
2123 : 00;
2124 : 00;
2125 : 00;
2126 : 00;
2127 : 00;
2128 : 00;
2129 : 00;
2130 : 00;
2131 : 00;
2132 : 00;
2133 : 00;
2134 : 00;
2135 : 00;
2136 : 00;
2137 : 00;
2138 : 00;
2139 : 00;
2140 : 00;
2141 : 00;
2142 : 00;
2143 : 00;
2144 : 00;
2145 : 00;
2146 : 00;
2147 : 00;
2148 : 00;
2149 : 00;
2150 : 00;
2151 : 00;
2152 : 00;
2153 : 00;
2154 : 00;
2155 : 00;
2156 : 00;
2157 : 00;
2158 : 00;
2159 : 00;
2160 : 00;
2161 : 00;
2162 : 00;
2163 : 00;
2164 : 00;
2165 : 00;
2166 : 00;
2167 : 00;
2168 : 00;
2169 : 00;
2170 : 00;
2171 : 00;
2172 : 00;
2173 : 00;
2174 : 00;
2175 : 00;
2176 : 00;
2177 : 00;
2178 : 00;
2179 : 00;
2180 : 00;
2181 : 00;
2182 : 00;
2183 : 00;
2184 : 20;
2185 : 20;
2186 : 20;
2187 : 00;
2188 : 00;
2189 : 00;
2190 : 00;
2191 : 00;
2192 : 00;
2193 : 00;
2194 : 00;
2195 : 00;
2196 : 00;
2197 : 00;
2198 : 00;
2199 : 00;
2200 : 00;
2201 : 00;
2202 : 00;
2203 : 00;
2204 : 00;
2205 : 00;
2206 : 00;
2207 : 00;
2208 : 00;
2209 : 00;
2210 : 00;
2211 : 00;
2212 : 00;
2213 : 00;
2214 : 00;
2215 : 00;
2216 : 00;
2217 : 00;
2218 : 00;
2219 : 00;
2220 : 00;
2221 : 00;
2222 : 00;
2223 : 00;
2224 : 00;
2225 : 00;
2226 : 00;
2227 : 00;
2228 : 00;
2229 : 00;
2230 : 00;
2231 : 00;
2232 : 00;
2233 : 00;
2234 : 00;
2235 : 00;
2236 : 00;
2237 : 00;
2238 : 00;
2239 : 00;
2240 : 00;
2241 : 00;
2242 : 00;
2243 : 00;
2244 : 00;
2245 : 00;
2246 : 00;
2247 : 00;
2248 : 00;
2249 : 00;
2250 : 00;
2251 : 00;
2252 : 00;
2253 : 00;
2254 : 00;
2255 : 00;
2256 : 00;
2257 : 00;
2258 : 00;
2259 : 00;
2260 : 00;
2261 : 00;
2262 : 00;
2263 : 00;
2264 : 00;
2265 : 00;
2266 : 00;
2267 : 00;
2268 : 00;
2269 : 00;
2270 : 00;
2271 : 00;
2272 : 00;
2273 : 00;
2274 : 00;
2275 : 00;
2276 : 00;
2277 : 00;
2278 : 00;
2279 : 00;
2280 : 00;
2281 : 00;
2282 : 00;
2283 : 00;
2284 : 00;
2285 : 00;
2286 : 00;
2287 : 00;
2288 : 00;
2289 : 00;
2290 : 00;
2291 : 00;
2292 : 00;
2293 : 00;
2294 : 00;
2295 : 00;
2296 : 00;
2297 : 00;
2298 : 00;
2299 : 00;
2300 : 00;
2301 : 00;
2302 : 00;
2303 : 00;
2304 : 00;
2305 : 00;
2306 : 00;
2307 : 00;
2308 : 00;
2309 : 00;
2310 : 00;
2311 : 00;
2312 : 00;
2313 : 00;
2314 : 00;
2315 : 00;
2316 : 00;
2317 : 00;
2318 : 00;
2319 : 00;
2320 : 00;
2321 : 00;
2322 : 00;
2323 : 00;
2324 : 00;
2325 : 00;
2326 : 00;
2327 : 00;
2328 : 00;
2329 : 00;
2330 : 00;
2331 : 00;
2332 : 00;
2333 : 00;
2334 : 00;
2335 : 00;
2336 : 00;
2337 : 00;
2338 : 00;
2339 : 00;
2340 : 00;
2341 : 00;
2342 : 00;
2343 : 00;
2344 : 00;
2345 : 00;
2346 : 00;
2347 : 00;
2348 : 00;
2349 : 00;
2350 : 00;
2351 : 00;
2352 : 00;
2353 : 00;
2354 : 00;
2355 : 00;
2356 : 00;
2357 : 00;
2358 : 00;
2359 : 00;
2360 : 00;
2361 : 00;
2362 : 00;
2363 : 00;
2364 : 00;
2365 : 00;
2366 : 00;
2367 : 00;
2368 : 00;
2369 : 00;
2370 : 00;
2371 : 00;
2372 : 00;
2373 : 00;
2374 : 00;
2375 : 00;
2376 : 00;
2377 : 00;
2378 : 00;
2379 : 00;
2380 : 00;
2381 : 00;
2382 : 00;
2383 : 00;
2384 : 00;
2385 : 00;
2386 : 00;
2387 : 00;
2388 : 00;
2389 : 00;
2390 : 00;
2391 : 00;
2392 : 00;
2393 : 00;
2394 : 00;
2395 : 00;
2396 : 00;
2397 : 00;
2398 : 00;
2399 : 00;
2400 : 00;
2401 : 00;
2402 : 00;
2403 : 00;
2404 : 00;
2405 : 00;
2406 : 00;
2407 : 00;
2408 : 00;
2409 : 00;
2410 : 00;
2411 : 00;
2412 : 00;
2413 : 00;
2414 : 00;
2415 : 00;
2416 : 00;
2417 : 00;
2418 : 00;
2419 : 00;
2420 : 00;
2421 : 00;
2422 : 00;
2423 : 00;
2424 : 20;
2425 : 20;
2426 : 20;
2427 : 00;
2428 : 00;
2429 : 00;
2430 : 00;
2431 : 20;
2432 : 20;
2433 : 00;
2434 : 00;
2435 : 00;
2436 : 00;
2437 : 00;
2438 : 00;
2439 : 00;
2440 : 00;
2441 : 00;
2442 : 00;
2443 : 00;
2444 : 00;
2445 : 00;
2446 : 00;
2447 : 00;
2448 : 00;
2449 : 00;
2450 : 00;
2451 : 00;
2452 : 00;
2453 : 00;
2454 : 00;
2455 : 00;
2456 : 00;
2457 : 00;
2458 : 00;
2459 : 00;
2460 : 00;
2461 : 00;
2462 : 00;
2463 : 00;
2464 : 00;
2465 : 00;
2466 : 00;
2467 : 00;
2468 : 00;
2469 : 00;
2470 : 00;
2471 : 00;
2472 : 00;
2473 : 00;
2474 : 00;
2475 : 00;
2476 : 00;
2477 : 00;
2478 : 00;
2479 : 00;
2480 : 00;
2481 : 00;
2482 : 00;
2483 : 00;
2484 : 00;
2485 : 00;
2486 : 00;
2487 : 00;
2488 : 00;
2489 : 00;
2490 : 00;
2491 : 00;
2492 : 00;
2493 : 00;
2494 : 00;
2495 : 00;
2496 : 00;
2497 : 00;
2498 : 00;
2499 : 00;
2500 : 00;
2501 : 00;
2502 : 00;
2503 : 00;
2504 : 00;
2505 : 00;
2506 : 00;
2507 : 00;
2508 : 00;
2509 : 00;
2510 : 00;
2511 : 00;
2512 : 00;
2513 : 00;
2514 : 00;
2515 : 00;
2516 : 00;
2517 : 00;
2518 : 00;
2519 : 00;
2520 : 00;
2521 : 00;
2522 : 00;
2523 : 00;
2524 : 00;
2525 : 00;
2526 : 00;
2527 : 00;
2528 : 00;
2529 : 00;
2530 : 00;
2531 : 00;
2532 : 00;
2533 : 00;
2534 : 00;
2535 : 00;
2536 : 00;
2537 : 00;
2538 : 00;
2539 : 00;
2540 : 00;
2541 : 00;
2542 : 00;
2543 : 00;
2544 : 00;
2545 : 00;
2546 : 00;
2547 : 00;
2548 : 00;
2549 : 00;
2550 : 00;
2551 : 00;
2552 : 00;
2553 : 00;
2554 : 00;
2555 : 00;
2556 : 00;
2557 : 00;
2558 : 00;
2559 : 00;
2560 : 00;
2561 : 00;
2562 : 00;
2563 : 00;
2564 : 00;
2565 : 00;
2566 : 00;
2567 : 00;
2568 : 00;
2569 : 00;
2570 : 00;
2571 : 00;
2572 : 00;
2573 : 00;
2574 : 00;
2575 : 00;
2576 : 00;
2577 : 00;
2578 : 00;
2579 : 00;
2580 : 00;
2581 : 00;
2582 : 00;
2583 : 00;
2584 : 00;
2585 : 00;
2586 : 00;
2587 : 00;
2588 : 00;
2589 : 00;
2590 : 00;
2591 : 00;
2592 : 00;
2593 : 00;
2594 : 00;
2595 : 00;
2596 : 00;
2597 : 00;
2598 : 00;
2599 : 00;
2600 : 00;
2601 : 00;
2602 : 00;
2603 : 00;
2604 : 00;
2605 : 00;
2606 : 00;
2607 : 00;
2608 : 00;
2609 : 00;
2610 : 00;
2611 : 00;
2612 : 00;
2613 : 00;
2614 : 00;
2615 : 00;
2616 : 00;
2617 : 00;
2618 : 00;
2619 : 00;
2620 : 00;
2621 : 00;
2622 : 00;
2623 : 00;
2624 : 00;
2625 : 00;
2626 : 00;
2627 : 00;
2628 : 00;
2629 : 00;
2630 : 00;
2631 : 00;
2632 : 00;
2633 : 00;
2634 : 00;
2635 : 00;
2636 : 00;
2637 : 00;
2638 : 00;
2639 : 00;
2640 : 00;
2641 : 00;
2642 : 00;
2643 : 00;
2644 : 00;
2645 : 00;
2646 : 00;
2647 : 00;
2648 : 00;
2649 : 00;
2650 : 00;
2651 : 00;
2652 : 00;
2653 : 00;
2654 : 00;
2655 : 00;
2656 : 00;
2657 : 00;
2658 : 00;
2659 : 00;
2660 : 00;
2661 : 00;
2662 : 00;
2663 : 00;
2664 : 20;
2665 : 20;
2666 : 20;
2667 : 00;
2668 : 00;
2669 : 00;
2670 : 20;
2671 : 20;
2672 : 20;
2673 : 20;
2674 : 20;
2675 : 20;
2676 : 20;
2677 : 20;
2678 : 20;
2679 : 00;
2680 : 00;
2681 : 00;
2682 : 00;
2683 : 00;
2684 : 00;
2685 : 00;
2686 : 00;
2687 : 00;
2688 : 00;
2689 : 00;
2690 : 00;
2691 : 00;
2692 : 00;
2693 : 00;
2694 : 00;
2695 : 00;
2696 : 00;
2697 : 00;
2698 : 00;
2699 : 00;
2700 : 00;
2701 : 00;
2702 : 00;
2703 : 00;
2704 : 00;
2705 : 00;
2706 : 00;
2707 : 00;
2708 : 00;
2709 : 00;
2710 : 00;
2711 : 00;
2712 : 00;
2713 : 00;
2714 : 00;
2715 : 00;
2716 : 00;
2717 : 00;
2718 : 00;
2719 : 00;
2720 : 00;
2721 : 00;
2722 : 00;
2723 : 00;
2724 : 00;
2725 : 00;
2726 : 00;
2727 : 00;
2728 : 00;
2729 : 00;
2730 : 00;
2731 : 00;
2732 : 00;
2733 : 00;
2734 : 00;
2735 : 00;
2736 : 00;
2737 : 00;
2738 : 00;
2739 : 00;
2740 : 00;
2741 : 00;
2742 : 00;
2743 : 00;
2744 : 00;
2745 : 00;
2746 : 00;
2747 : 00;
2748 : 00;
2749 : 00;
2750 : 00;
2751 : 00;
2752 : 00;
2753 : 00;
2754 : 00;
2755 : 00;
2756 : 00;
2757 : 00;
2758 : 00;
2759 : 00;
2760 : 00;
2761 : 00;
2762 : 00;
2763 : 00;
2764 : 00;
2765 : 00;
2766 : 00;
2767 : 00;
2768 : 00;
2769 : 00;
2770 : 00;
2771 : 00;
2772 : 00;
2773 : 00;
2774 : 00;
2775 : 00;
2776 : 00;
2777 : 00;
2778 : 00;
2779 : 00;
2780 : 00;
2781 : 00;
2782 : 00;
2783 : 00;
2784 : 00;
2785 : 00;
2786 : 00;
2787 : 00;
2788 : 00;
2789 : 00;
2790 : 00;
2791 : 00;
2792 : 00;
2793 : 00;
2794 : 00;
2795 : 00;
2796 : 00;
2797 : 00;
2798 : 00;
2799 : 00;
2800 : 00;
2801 : 00;
2802 : 00;
2803 : 00;
2804 : 00;
2805 : 00;
2806 : 00;
2807 : 00;
2808 : 00;
2809 : 00;
2810 : 00;
2811 : 00;
2812 : 00;
2813 : 00;
2814 : 00;
2815 : 00;
2816 : 00;
2817 : 00;
2818 : 00;
2819 : 00;
2820 : 00;
2821 : 00;
2822 : 00;
2823 : 00;
2824 : 00;
2825 : 00;
2826 : 00;
2827 : 00;
2828 : 00;
2829 : 00;
2830 : 00;
2831 : 00;
2832 : 00;
2833 : 00;
2834 : 00;
2835 : 00;
2836 : 00;
2837 : 00;
2838 : 00;
2839 : 00;
2840 : 00;
2841 : 00;
2842 : 00;
2843 : 00;
2844 : 00;
2845 : 00;
2846 : 00;
2847 : 00;
2848 : 00;
2849 : 00;
2850 : 00;
2851 : 00;
2852 : 00;
2853 : 00;
2854 : 00;
2855 : 00;
2856 : 00;
2857 : 00;
2858 : 00;
2859 : 00;
2860 : 00;
2861 : 00;
2862 : 00;
2863 : 00;
2864 : 00;
2865 : 00;
2866 : 00;
2867 : 00;
2868 : 00;
2869 : 00;
2870 : 00;
2871 : 00;
2872 : 00;
2873 : 00;
2874 : 00;
2875 : 00;
2876 : 00;
2877 : 00;
2878 : 00;
2879 : 00;
2880 : 00;
2881 : 00;
2882 : 00;
2883 : 00;
2884 : 00;
2885 : 00;
2886 : 00;
2887 : 00;
2888 : 00;
2889 : 00;
2890 : 00;
2891 : 00;
2892 : 00;
2893 : 00;
2894 : 00;
2895 : 00;
2896 : 00;
2897 : 00;
2898 : 00;
2899 : 00;
2900 : 00;
2901 : 00;
2902 : 00;
2903 : 00;
2904 : 20;
2905 : 20;
2906 : 20;
2907 : 00;
2908 : 00;
2909 : 20;
2910 : 20;
2911 : 20;
2912 : 20;
2913 : 20;
2914 : 20;
2915 : 20;
2916 : 20;
2917 : 20;
2918 : 20;
2919 : 00;
2920 : 00;
2921 : 00;
2922 : 00;
2923 : 00;
2924 : 00;
2925 : 00;
2926 : 00;
2927 : 00;
2928 : 00;
2929 : 00;
2930 : 00;
2931 : 00;
2932 : 00;
2933 : 00;
2934 : 00;
2935 : 00;
2936 : 00;
2937 : 00;
2938 : 00;
2939 : 00;
2940 : 00;
2941 : 00;
2942 : 00;
2943 : 00;
2944 : 00;
2945 : 00;
2946 : 00;
2947 : 00;
2948 : 00;
2949 : 00;
2950 : 00;
2951 : 00;
2952 : 00;
2953 : 00;
2954 : 00;
2955 : 00;
2956 : 00;
2957 : 00;
2958 : 00;
2959 : 00;
2960 : 00;
2961 : 00;
2962 : 00;
2963 : 00;
2964 : 00;
2965 : 00;
2966 : 00;
2967 : 00;
2968 : 00;
2969 : 00;
2970 : 00;
2971 : 00;
2972 : 00;
2973 : 00;
2974 : 00;
2975 : 00;
2976 : 00;
2977 : 00;
2978 : 00;
2979 : 00;
2980 : 00;
2981 : 00;
2982 : 00;
2983 : 00;
2984 : 00;
2985 : 00;
2986 : 00;
2987 : 00;
2988 : 00;
2989 : 00;
2990 : 00;
2991 : 00;
2992 : 00;
2993 : 00;
2994 : 00;
2995 : 00;
2996 : 00;
2997 : 00;
2998 : 00;
2999 : 00;
3000 : 00;
3001 : 00;
3002 : 00;
3003 : 00;
3004 : 00;
3005 : 00;
3006 : 00;
3007 : 00;
3008 : 00;
3009 : 00;
3010 : 00;
3011 : 00;
3012 : 00;
3013 : 00;
3014 : 00;
3015 : 00;
3016 : 00;
3017 : 00;
3018 : 00;
3019 : 00;
3020 : 00;
3021 : 00;
3022 : 00;
3023 : 00;
3024 : 00;
3025 : 00;
3026 : 00;
3027 : 00;
3028 : 00;
3029 : 00;
3030 : 00;
3031 : 00;
3032 : 00;
3033 : 00;
3034 : 00;
3035 : 00;
3036 : 00;
3037 : 00;
3038 : 00;
3039 : 00;
3040 : 00;
3041 : 00;
3042 : 00;
3043 : 00;
3044 : 00;
3045 : 00;
3046 : 00;
3047 : 00;
3048 : 00;
3049 : 00;
3050 : 00;
3051 : 00;
3052 : 00;
3053 : 00;
3054 : 00;
3055 : 00;
3056 : 00;
3057 : 00;
3058 : 00;
3059 : 00;
3060 : 00;
3061 : 00;
3062 : 00;
3063 : 00;
3064 : 00;
3065 : 00;
3066 : 00;
3067 : 00;
3068 : 00;
3069 : 00;
3070 : 00;
3071 : 00;
3072 : 00;
3073 : 00;
3074 : 00;
3075 : 00;
3076 : 00;
3077 : 00;
3078 : 00;
3079 : 00;
3080 : 00;
3081 : 00;
3082 : 00;
3083 : 00;
3084 : 00;
3085 : 00;
3086 : 00;
3087 : 00;
3088 : 00;
3089 : 00;
3090 : 00;
3091 : 00;
3092 : 00;
3093 : 00;
3094 : 00;
3095 : 00;
3096 : 00;
3097 : 00;
3098 : 00;
3099 : 00;
3100 : 00;
3101 : 00;
3102 : 00;
3103 : 00;
3104 : 00;
3105 : 00;
3106 : 00;
3107 : 00;
3108 : 00;
3109 : 00;
3110 : 00;
3111 : 00;
3112 : 00;
3113 : 00;
3114 : 00;
3115 : 00;
3116 : 00;
3117 : 00;
3118 : 00;
3119 : 00;
3120 : 00;
3121 : 00;
3122 : 00;
3123 : 00;
3124 : 00;
3125 : 00;
3126 : 00;
3127 : 00;
3128 : 00;
3129 : 00;
3130 : 00;
3131 : 00;
3132 : 00;
3133 : 00;
3134 : 00;
3135 : 00;
3136 : 00;
3137 : 00;
3138 : 00;
3139 : 00;
3140 : 00;
3141 : 00;
3142 : 00;
3143 : 00;
3144 : 00;
3145 : 00;
3146 : 00;
3147 : 00;
3148 : 00;
3149 : 20;
3150 : 20;
3151 : 20;
3152 : 20;
3153 : 20;
3154 : 20;
3155 : 20;
3156 : 20;
3157 : 20;
3158 : 20;
3159 : 00;
3160 : 00;
3161 : 00;
3162 : 00;
3163 : 00;
3164 : 00;
3165 : 00;
3166 : 00;
3167 : 00;
3168 : 00;
3169 : 00;
3170 : 00;
3171 : 00;
3172 : 00;
3173 : 00;
3174 : 00;
3175 : 00;
3176 : 00;
3177 : 00;
3178 : 00;
3179 : 00;
3180 : 00;
3181 : 00;
3182 : 00;
3183 : 00;
3184 : 00;
3185 : 00;
3186 : 00;
3187 : 00;
3188 : 00;
3189 : 00;
3190 : 00;
3191 : 00;
3192 : 00;
3193 : 00;
3194 : 00;
3195 : 00;
3196 : 00;
3197 : 00;
3198 : 00;
3199 : 00;
3200 : 00;
3201 : 00;
3202 : 00;
3203 : 00;
3204 : 00;
3205 : 00;
3206 : 00;
3207 : 00;
3208 : 00;
3209 : 00;
3210 : 00;
3211 : 00;
3212 : 00;
3213 : 00;
3214 : 00;
3215 : 00;
3216 : 00;
3217 : 00;
3218 : 00;
3219 : 00;
3220 : 00;
3221 : 00;
3222 : 00;
3223 : 00;
3224 : 00;
3225 : 00;
3226 : 00;
3227 : 00;
3228 : 00;
3229 : 00;
3230 : 00;
3231 : 00;
3232 : 00;
3233 : 00;
3234 : 00;
3235 : 00;
3236 : 00;
3237 : 00;
3238 : 00;
3239 : 00;
3240 : 00;
3241 : 00;
3242 : 00;
3243 : 00;
3244 : 00;
3245 : 00;
3246 : 00;
3247 : 00;
3248 : 00;
3249 : 00;
3250 : 00;
3251 : 00;
3252 : 00;
3253 : 00;
3254 : 00;
3255 : 00;
3256 : 00;
3257 : 00;
3258 : 00;
3259 : 00;
3260 : 00;
3261 : 00;
3262 : 00;
3263 : 00;
3264 : 00;
3265 : 00;
3266 : 00;
3267 : 00;
3268 : 00;
3269 : 00;
3270 : 00;
3271 : 00;
3272 : 00;
3273 : 00;
3274 : 00;
3275 : 00;
3276 : 00;
3277 : 00;
3278 : 00;
3279 : 00;
3280 : 00;
3281 : 00;
3282 : 00;
3283 : 00;
3284 : 00;
3285 : 00;
3286 : 00;
3287 : 00;
3288 : 00;
3289 : 00;
3290 : 00;
3291 : 00;
3292 : 00;
3293 : 00;
3294 : 00;
3295 : 00;
3296 : 00;
3297 : 00;
3298 : 00;
3299 : 00;
3300 : 00;
3301 : 00;
3302 : 00;
3303 : 00;
3304 : 00;
3305 : 00;
3306 : 00;
3307 : 00;
3308 : 00;
3309 : 00;
3310 : 00;
3311 : 00;
3312 : 00;
3313 : 00;
3314 : 00;
3315 : 00;
3316 : 00;
3317 : 00;
3318 : 00;
3319 : 00;
3320 : 00;
3321 : 00;
3322 : 00;
3323 : 00;
3324 : 00;
3325 : 00;
3326 : 00;
3327 : 00;
3328 : 00;
3329 : 00;
3330 : 00;
3331 : 00;
3332 : 00;
3333 : 00;
3334 : 00;
3335 : 00;
3336 : 00;
3337 : 00;
3338 : 00;
3339 : 00;
3340 : 00;
3341 : 00;
3342 : 00;
3343 : 00;
3344 : 00;
3345 : 00;
3346 : 00;
3347 : 00;
3348 : 00;
3349 : 00;
3350 : 00;
3351 : 00;
3352 : 00;
3353 : 00;
3354 : 00;
3355 : 00;
3356 : 00;
3357 : 00;
3358 : 00;
3359 : 00;
3360 : 00;
3361 : 00;
3362 : 00;
3363 : 00;
3364 : 00;
3365 : 00;
3366 : 00;
3367 : 00;
3368 : 00;
3369 : 00;
3370 : 00;
3371 : 00;
3372 : 00;
3373 : 00;
3374 : 00;
3375 : 00;
3376 : 00;
3377 : 00;
3378 : 00;
3379 : 00;
3380 : 00;
3381 : 00;
3382 : 00;
3383 : 00;
3384 : 00;
3385 : 00;
3386 : 00;
3387 : 00;
3388 : 00;
3389 : 20;
3390 : 20;
3391 : 20;
3392 : 20;
3393 : 20;
3394 : 20;
3395 : 20;
3396 : 20;
3397 : 20;
3398 : 00;
3399 : 00;
3400 : 00;
3401 : 00;
3402 : 00;
3403 : 00;
3404 : 00;
3405 : 00;
3406 : 00;
3407 : 00;
3408 : 00;
3409 : 00;
3410 : 00;
3411 : 00;
3412 : 00;
3413 : 00;
3414 : 00;
3415 : 00;
3416 : 00;
3417 : 00;
3418 : 00;
3419 : 00;
3420 : 00;
3421 : 00;
3422 : 00;
3423 : 00;
3424 : 00;
3425 : 00;
3426 : 00;
3427 : 00;
3428 : 00;
3429 : 00;
3430 : 00;
3431 : 00;
3432 : 00;
3433 : 00;
3434 : 00;
3435 : 00;
3436 : 00;
3437 : 00;
3438 : 00;
3439 : 00;
3440 : 00;
3441 : 00;
3442 : 00;
3443 : 00;
3444 : 00;
3445 : 00;
3446 : 00;
3447 : 00;
3448 : 00;
3449 : 00;
3450 : 00;
3451 : 00;
3452 : 00;
3453 : 00;
3454 : 00;
3455 : 00;
3456 : 00;
3457 : 00;
3458 : 00;
3459 : 00;
3460 : 00;
3461 : 00;
3462 : 00;
3463 : 00;
3464 : 00;
3465 : 00;
3466 : 00;
3467 : 00;
3468 : 00;
3469 : 00;
3470 : 00;
3471 : 00;
3472 : 00;
3473 : 00;
3474 : 00;
3475 : 00;
3476 : 00;
3477 : 00;
3478 : 00;
3479 : 00;
3480 : 00;
3481 : 00;
3482 : 00;
3483 : 00;
3484 : 00;
3485 : 00;
3486 : 00;
3487 : 00;
3488 : 00;
3489 : 00;
3490 : 00;
3491 : 00;
3492 : 00;
3493 : 00;
3494 : 00;
3495 : 00;
3496 : 00;
3497 : 00;
3498 : 00;
3499 : 00;
3500 : 00;
3501 : 00;
3502 : 00;
3503 : 00;
3504 : 00;
3505 : 00;
3506 : 00;
3507 : 00;
3508 : 00;
3509 : 00;
3510 : 00;
3511 : 00;
3512 : 00;
3513 : 00;
3514 : 00;
3515 : 00;
3516 : 00;
3517 : 00;
3518 : 00;
3519 : 00;
3520 : 00;
3521 : 00;
3522 : 00;
3523 : 00;
3524 : 00;
3525 : 00;
3526 : 00;
3527 : 00;
3528 : 00;
3529 : 00;
3530 : 00;
3531 : 00;
3532 : 00;
3533 : 00;
3534 : 00;
3535 : 00;
3536 : 00;
3537 : 00;
3538 : 00;
3539 : 00;
3540 : 00;
3541 : 00;
3542 : 00;
3543 : 00;
3544 : 00;
3545 : 00;
3546 : 00;
3547 : 00;
3548 : 00;
3549 : 00;
3550 : 00;
3551 : 00;
3552 : 00;
3553 : 00;
3554 : 00;
3555 : 00;
3556 : 00;
3557 : 00;
3558 : 00;
3559 : 00;
3560 : 00;
3561 : 00;
3562 : 00;
3563 : 00;
3564 : 00;
3565 : 00;
3566 : 00;
3567 : 00;
3568 : 00;
3569 : 00;
3570 : 00;
3571 : 00;
3572 : 00;
3573 : 00;
3574 : 00;
3575 : 00;
3576 : 00;
3577 : 00;
3578 : 00;
3579 : 00;
3580 : 00;
3581 : 00;
3582 : 00;
3583 : 00;
3584 : 00;
3585 : 00;
3586 : 00;
3587 : 00;
3588 : 00;
3589 : 00;
3590 : 00;
3591 : 00;
3592 : 00;
3593 : 00;
3594 : 00;
3595 : 00;
3596 : 00;
3597 : 00;
3598 : 00;
3599 : 00;
3600 : 00;
3601 : 00;
3602 : 00;
3603 : 00;
3604 : 00;
3605 : 00;
3606 : 00;
3607 : 00;
3608 : 00;
3609 : 00;
3610 : 00;
3611 : 00;
3612 : 00;
3613 : 00;
3614 : 00;
3615 : 00;
3616 : 00;
3617 : 00;
3618 : 00;
3619 : 00;
3620 : 00;
3621 : 00;
3622 : 00;
3623 : 00;
3624 : 00;
3625 : 00;
3626 : 00;
3627 : 00;
3628 : 00;
3629 : 00;
3630 : 20;
3631 : 20;
3632 : 20;
3633 : 20;
3634 : 20;
3635 : 20;
3636 : 20;
3637 : 00;
3638 : 00;
3639 : 20;
3640 : 44;
3641 : 8D;
3642 : 91;
3643 : 91;
3644 : 91;
3645 : 91;
3646 : 91;
3647 : 91;
3648 : 91;
3649 : 91;
3650 : 91;
3651 : 91;
3652 : 91;
3653 : 91;
3654 : 91;
3655 : 91;
3656 : 91;
3657 : 91;
3658 : 91;
3659 : 91;
3660 : 91;
3661 : 91;
3662 : 91;
3663 : 91;
3664 : 91;
3665 : 91;
3666 : 91;
3667 : 91;
3668 : 91;
3669 : 91;
3670 : 91;
3671 : 91;
3672 : 91;
3673 : 91;
3674 : 91;
3675 : 91;
3676 : 91;
3677 : 91;
3678 : 91;
3679 : 91;
3680 : 91;
3681 : 91;
3682 : 91;
3683 : 91;
3684 : 91;
3685 : 91;
3686 : 91;
3687 : 91;
3688 : 91;
3689 : 91;
3690 : 91;
3691 : 91;
3692 : 91;
3693 : 91;
3694 : 91;
3695 : 91;
3696 : 91;
3697 : 91;
3698 : 91;
3699 : 91;
3700 : 91;
3701 : 91;
3702 : 91;
3703 : 91;
3704 : 91;
3705 : 91;
3706 : 91;
3707 : 91;
3708 : 91;
3709 : 91;
3710 : 91;
3711 : 91;
3712 : 91;
3713 : 91;
3714 : 91;
3715 : 91;
3716 : 91;
3717 : 91;
3718 : 91;
3719 : 91;
3720 : 91;
3721 : 91;
3722 : 91;
3723 : 91;
3724 : 91;
3725 : 91;
3726 : 91;
3727 : 91;
3728 : 91;
3729 : 91;
3730 : 91;
3731 : 91;
3732 : 91;
3733 : 91;
3734 : 91;
3735 : 91;
3736 : 91;
3737 : 91;
3738 : 91;
3739 : 91;
3740 : 91;
3741 : 91;
3742 : 91;
3743 : 91;
3744 : 91;
3745 : 91;
3746 : 91;
3747 : 91;
3748 : 91;
3749 : 91;
3750 : 91;
3751 : 91;
3752 : 91;
3753 : 91;
3754 : 91;
3755 : 91;
3756 : 91;
3757 : 91;
3758 : 91;
3759 : 91;
3760 : 91;
3761 : 91;
3762 : 91;
3763 : 91;
3764 : 91;
3765 : 91;
3766 : 91;
3767 : 91;
3768 : 91;
3769 : 91;
3770 : 91;
3771 : 91;
3772 : 91;
3773 : 91;
3774 : 91;
3775 : 91;
3776 : 91;
3777 : 91;
3778 : 91;
3779 : 91;
3780 : 91;
3781 : 91;
3782 : 91;
3783 : 91;
3784 : 91;
3785 : 91;
3786 : 91;
3787 : 91;
3788 : 91;
3789 : 91;
3790 : 91;
3791 : 91;
3792 : 91;
3793 : 91;
3794 : 91;
3795 : 91;
3796 : 91;
3797 : 91;
3798 : 8D;
3799 : 44;
3800 : 20;
3801 : 00;
3802 : 00;
3803 : 00;
3804 : 00;
3805 : 00;
3806 : 00;
3807 : 00;
3808 : 00;
3809 : 00;
3810 : 00;
3811 : 00;
3812 : 00;
3813 : 00;
3814 : 00;
3815 : 00;
3816 : 00;
3817 : 00;
3818 : 00;
3819 : 00;
3820 : 00;
3821 : 00;
3822 : 00;
3823 : 00;
3824 : 00;
3825 : 00;
3826 : 00;
3827 : 00;
3828 : 00;
3829 : 00;
3830 : 00;
3831 : 00;
3832 : 00;
3833 : 00;
3834 : 00;
3835 : 00;
3836 : 00;
3837 : 00;
3838 : 00;
3839 : 00;
3840 : 00;
3841 : 00;
3842 : 00;
3843 : 00;
3844 : 00;
3845 : 00;
3846 : 00;
3847 : 00;
3848 : 00;
3849 : 00;
3850 : 00;
3851 : 00;
3852 : 00;
3853 : 00;
3854 : 00;
3855 : 00;
3856 : 00;
3857 : 00;
3858 : 00;
3859 : 00;
3860 : 00;
3861 : 00;
3862 : 00;
3863 : 00;
3864 : 00;
3865 : 00;
3866 : 00;
3867 : 00;
3868 : 00;
3869 : 00;
3870 : 20;
3871 : 20;
3872 : 20;
3873 : 20;
3874 : 00;
3875 : 20;
3876 : 00;
3877 : 00;
3878 : 48;
3879 : DA;
3880 : FF;
3881 : FF;
3882 : FF;
3883 : FF;
3884 : FF;
3885 : FF;
3886 : FF;
3887 : FF;
3888 : FF;
3889 : FF;
3890 : FF;
3891 : FF;
3892 : FF;
3893 : FF;
3894 : FF;
3895 : FF;
3896 : FF;
3897 : FF;
3898 : FF;
3899 : FF;
3900 : FF;
3901 : FF;
3902 : FF;
3903 : FF;
3904 : FF;
3905 : FF;
3906 : FF;
3907 : FF;
3908 : FF;
3909 : FF;
3910 : FF;
3911 : FF;
3912 : FF;
3913 : FF;
3914 : FF;
3915 : FF;
3916 : FF;
3917 : FF;
3918 : FF;
3919 : FF;
3920 : FF;
3921 : FF;
3922 : FF;
3923 : FF;
3924 : FF;
3925 : FF;
3926 : FF;
3927 : FF;
3928 : FF;
3929 : FF;
3930 : FF;
3931 : FF;
3932 : FF;
3933 : FF;
3934 : FF;
3935 : FF;
3936 : FF;
3937 : FF;
3938 : FF;
3939 : FF;
3940 : FF;
3941 : FF;
3942 : FF;
3943 : FF;
3944 : FF;
3945 : FF;
3946 : FF;
3947 : FF;
3948 : FF;
3949 : FF;
3950 : FF;
3951 : FF;
3952 : FF;
3953 : FF;
3954 : FF;
3955 : FF;
3956 : FF;
3957 : FF;
3958 : FF;
3959 : FF;
3960 : FF;
3961 : FF;
3962 : FF;
3963 : FF;
3964 : FF;
3965 : FF;
3966 : FF;
3967 : FF;
3968 : FF;
3969 : FF;
3970 : FF;
3971 : FF;
3972 : FF;
3973 : FF;
3974 : FF;
3975 : FF;
3976 : FF;
3977 : FF;
3978 : FF;
3979 : FF;
3980 : FF;
3981 : FF;
3982 : FF;
3983 : FF;
3984 : FF;
3985 : FF;
3986 : FF;
3987 : FF;
3988 : FF;
3989 : FF;
3990 : FF;
3991 : FF;
3992 : FF;
3993 : FF;
3994 : FF;
3995 : FF;
3996 : FF;
3997 : FF;
3998 : FF;
3999 : FF;
4000 : FF;
4001 : FF;
4002 : FF;
4003 : FF;
4004 : FF;
4005 : FF;
4006 : FF;
4007 : FF;
4008 : FF;
4009 : FF;
4010 : FF;
4011 : FF;
4012 : FF;
4013 : FF;
4014 : FF;
4015 : FF;
4016 : FF;
4017 : FF;
4018 : FF;
4019 : FF;
4020 : FF;
4021 : FF;
4022 : FF;
4023 : FF;
4024 : FF;
4025 : FF;
4026 : FF;
4027 : FF;
4028 : FF;
4029 : FF;
4030 : FF;
4031 : FF;
4032 : FF;
4033 : FF;
4034 : FF;
4035 : FF;
4036 : FF;
4037 : FF;
4038 : FF;
4039 : FF;
4040 : FB;
4041 : 69;
4042 : 00;
4043 : 00;
4044 : 00;
4045 : 00;
4046 : 00;
4047 : 00;
4048 : 00;
4049 : 00;
4050 : 00;
4051 : 00;
4052 : 00;
4053 : 00;
4054 : 00;
4055 : 00;
4056 : 00;
4057 : 00;
4058 : 00;
4059 : 00;
4060 : 00;
4061 : 00;
4062 : 00;
4063 : 00;
4064 : 00;
4065 : 00;
4066 : 00;
4067 : 00;
4068 : 00;
4069 : 00;
4070 : 00;
4071 : 00;
4072 : 00;
4073 : 00;
4074 : 00;
4075 : 00;
4076 : 00;
4077 : 00;
4078 : 00;
4079 : 00;
4080 : 00;
4081 : 00;
4082 : 00;
4083 : 00;
4084 : 00;
4085 : 00;
4086 : 00;
4087 : 00;
4088 : 00;
4089 : 00;
4090 : 00;
4091 : 00;
4092 : 00;
4093 : 00;
4094 : 00;
4095 : 00;
4096 : 00;
4097 : 00;
4098 : 00;
4099 : 00;
4100 : 00;
4101 : 00;
4102 : 00;
4103 : 00;
4104 : 00;
4105 : 00;
4106 : 00;
4107 : 00;
4108 : 00;
4109 : 00;
4110 : 20;
4111 : 20;
4112 : 20;
4113 : 00;
4114 : 20;
4115 : 20;
4116 : 00;
4117 : 69;
4118 : FA;
4119 : FF;
4120 : D2;
4121 : A4;
4122 : A0;
4123 : A0;
4124 : A0;
4125 : A0;
4126 : A0;
4127 : A0;
4128 : A0;
4129 : A0;
4130 : A0;
4131 : A0;
4132 : A0;
4133 : A0;
4134 : A0;
4135 : A0;
4136 : A0;
4137 : A0;
4138 : A0;
4139 : A0;
4140 : A0;
4141 : A0;
4142 : A0;
4143 : A0;
4144 : A0;
4145 : A0;
4146 : A0;
4147 : A0;
4148 : A0;
4149 : A0;
4150 : A0;
4151 : A0;
4152 : A0;
4153 : A0;
4154 : A0;
4155 : A0;
4156 : A0;
4157 : A0;
4158 : A0;
4159 : A0;
4160 : A0;
4161 : A0;
4162 : A0;
4163 : A0;
4164 : A0;
4165 : A0;
4166 : A0;
4167 : A0;
4168 : A0;
4169 : A0;
4170 : A0;
4171 : A0;
4172 : A0;
4173 : A0;
4174 : A0;
4175 : A0;
4176 : A0;
4177 : A0;
4178 : A0;
4179 : A0;
4180 : A0;
4181 : A0;
4182 : A0;
4183 : A0;
4184 : A0;
4185 : A0;
4186 : A0;
4187 : A0;
4188 : A0;
4189 : A0;
4190 : A0;
4191 : A0;
4192 : A0;
4193 : A0;
4194 : A0;
4195 : A0;
4196 : A0;
4197 : A0;
4198 : A0;
4199 : A0;
4200 : A0;
4201 : A0;
4202 : A0;
4203 : A0;
4204 : A0;
4205 : A0;
4206 : A0;
4207 : A0;
4208 : A0;
4209 : A0;
4210 : A0;
4211 : A0;
4212 : A0;
4213 : A0;
4214 : A0;
4215 : A0;
4216 : A0;
4217 : A0;
4218 : A0;
4219 : A0;
4220 : A0;
4221 : A0;
4222 : A0;
4223 : A0;
4224 : A0;
4225 : A0;
4226 : A0;
4227 : A0;
4228 : A0;
4229 : A0;
4230 : A0;
4231 : A0;
4232 : A0;
4233 : A0;
4234 : A0;
4235 : A0;
4236 : A0;
4237 : A0;
4238 : A0;
4239 : A0;
4240 : A0;
4241 : A0;
4242 : A0;
4243 : A0;
4244 : A0;
4245 : A0;
4246 : A0;
4247 : A0;
4248 : A0;
4249 : A0;
4250 : A0;
4251 : A0;
4252 : A0;
4253 : A0;
4254 : A0;
4255 : A0;
4256 : A0;
4257 : A0;
4258 : A0;
4259 : A0;
4260 : A0;
4261 : A0;
4262 : A0;
4263 : A0;
4264 : A0;
4265 : A0;
4266 : A0;
4267 : A0;
4268 : A0;
4269 : A0;
4270 : A0;
4271 : A0;
4272 : A0;
4273 : A0;
4274 : A0;
4275 : A0;
4276 : A0;
4277 : A0;
4278 : A0;
4279 : CD;
4280 : FB;
4281 : FF;
4282 : 6D;
4283 : 00;
4284 : 00;
4285 : 00;
4286 : 00;
4287 : 00;
4288 : 00;
4289 : 00;
4290 : 00;
4291 : 00;
4292 : 00;
4293 : 00;
4294 : 00;
4295 : 00;
4296 : 00;
4297 : 00;
4298 : 00;
4299 : 00;
4300 : 00;
4301 : 00;
4302 : 00;
4303 : 00;
4304 : 00;
4305 : 00;
4306 : 00;
4307 : 00;
4308 : 00;
4309 : 00;
4310 : 00;
4311 : 00;
4312 : 00;
4313 : 00;
4314 : 00;
4315 : 00;
4316 : 00;
4317 : 00;
4318 : 00;
4319 : 00;
4320 : 00;
4321 : 00;
4322 : 00;
4323 : 00;
4324 : 00;
4325 : 00;
4326 : 00;
4327 : 00;
4328 : 00;
4329 : 00;
4330 : 00;
4331 : 00;
4332 : 00;
4333 : 00;
4334 : 00;
4335 : 00;
4336 : 00;
4337 : 00;
4338 : 00;
4339 : 00;
4340 : 00;
4341 : 00;
4342 : 00;
4343 : 00;
4344 : 00;
4345 : 00;
4346 : 00;
4347 : 00;
4348 : 00;
4349 : 00;
4350 : 00;
4351 : 20;
4352 : 20;
4353 : 00;
4354 : 20;
4355 : 20;
4356 : 20;
4357 : 91;
4358 : FF;
4359 : D2;
4360 : A4;
4361 : A0;
4362 : A0;
4363 : A0;
4364 : A0;
4365 : A0;
4366 : A0;
4367 : A0;
4368 : A0;
4369 : A0;
4370 : A0;
4371 : A0;
4372 : A0;
4373 : A0;
4374 : A0;
4375 : A0;
4376 : A0;
4377 : A0;
4378 : A0;
4379 : A0;
4380 : A0;
4381 : A0;
4382 : A0;
4383 : A0;
4384 : A0;
4385 : A0;
4386 : A0;
4387 : A0;
4388 : A0;
4389 : A0;
4390 : A0;
4391 : A0;
4392 : A0;
4393 : A0;
4394 : A0;
4395 : A0;
4396 : A0;
4397 : A0;
4398 : A0;
4399 : A0;
4400 : A0;
4401 : A0;
4402 : A0;
4403 : A0;
4404 : A0;
4405 : A0;
4406 : A0;
4407 : A0;
4408 : A0;
4409 : A0;
4410 : A0;
4411 : A0;
4412 : A0;
4413 : A0;
4414 : A0;
4415 : A0;
4416 : A0;
4417 : A0;
4418 : A0;
4419 : A0;
4420 : A0;
4421 : A0;
4422 : A0;
4423 : A0;
4424 : A0;
4425 : A0;
4426 : A0;
4427 : A0;
4428 : A0;
4429 : A0;
4430 : A0;
4431 : A0;
4432 : A0;
4433 : A0;
4434 : A0;
4435 : A0;
4436 : A0;
4437 : A0;
4438 : A0;
4439 : A0;
4440 : A0;
4441 : A0;
4442 : A0;
4443 : A0;
4444 : A0;
4445 : A0;
4446 : A0;
4447 : A0;
4448 : A0;
4449 : A0;
4450 : A0;
4451 : A0;
4452 : A0;
4453 : A0;
4454 : A0;
4455 : A0;
4456 : A0;
4457 : A0;
4458 : A0;
4459 : A0;
4460 : A0;
4461 : A0;
4462 : A0;
4463 : A0;
4464 : A0;
4465 : A0;
4466 : A0;
4467 : A0;
4468 : A0;
4469 : A0;
4470 : A0;
4471 : A0;
4472 : A0;
4473 : A0;
4474 : A0;
4475 : A0;
4476 : A0;
4477 : A0;
4478 : A0;
4479 : A0;
4480 : A0;
4481 : A0;
4482 : A0;
4483 : A0;
4484 : A0;
4485 : A0;
4486 : A0;
4487 : A0;
4488 : A0;
4489 : A0;
4490 : A0;
4491 : A0;
4492 : A0;
4493 : A0;
4494 : A0;
4495 : A0;
4496 : A0;
4497 : A0;
4498 : A0;
4499 : A0;
4500 : A0;
4501 : A0;
4502 : A0;
4503 : A0;
4504 : A0;
4505 : A0;
4506 : A0;
4507 : A0;
4508 : A0;
4509 : A0;
4510 : A0;
4511 : A0;
4512 : A0;
4513 : A0;
4514 : A0;
4515 : A0;
4516 : A0;
4517 : A0;
4518 : A0;
4519 : A0;
4520 : CD;
4521 : FF;
4522 : B6;
4523 : 20;
4524 : 00;
4525 : 00;
4526 : 00;
4527 : 00;
4528 : 00;
4529 : 00;
4530 : 00;
4531 : 00;
4532 : 00;
4533 : 00;
4534 : 00;
4535 : 00;
4536 : 00;
4537 : 00;
4538 : 00;
4539 : 00;
4540 : 00;
4541 : 00;
4542 : 00;
4543 : 00;
4544 : 00;
4545 : 00;
4546 : 00;
4547 : 00;
4548 : 00;
4549 : 00;
4550 : 00;
4551 : 00;
4552 : 00;
4553 : 00;
4554 : 00;
4555 : 00;
4556 : 00;
4557 : 00;
4558 : 00;
4559 : 00;
4560 : 00;
4561 : 00;
4562 : 00;
4563 : 00;
4564 : 00;
4565 : 00;
4566 : 00;
4567 : 00;
4568 : 00;
4569 : 00;
4570 : 00;
4571 : 00;
4572 : 00;
4573 : 00;
4574 : 00;
4575 : 00;
4576 : 00;
4577 : 00;
4578 : 00;
4579 : 00;
4580 : 00;
4581 : 00;
4582 : 00;
4583 : 00;
4584 : 00;
4585 : 00;
4586 : 00;
4587 : 00;
4588 : 00;
4589 : 00;
4590 : 20;
4591 : 20;
4592 : 20;
4593 : 20;
4594 : 20;
4595 : 20;
4596 : 20;
4597 : 91;
4598 : FF;
4599 : D2;
4600 : A4;
4601 : A0;
4602 : A0;
4603 : A0;
4604 : A0;
4605 : A0;
4606 : A0;
4607 : A0;
4608 : A0;
4609 : A0;
4610 : A0;
4611 : A0;
4612 : A0;
4613 : A0;
4614 : A0;
4615 : A0;
4616 : A0;
4617 : A0;
4618 : A0;
4619 : A0;
4620 : A0;
4621 : A0;
4622 : A0;
4623 : A0;
4624 : A0;
4625 : A0;
4626 : A0;
4627 : A0;
4628 : A0;
4629 : A0;
4630 : A0;
4631 : A0;
4632 : A0;
4633 : A0;
4634 : A0;
4635 : A0;
4636 : A0;
4637 : A0;
4638 : A0;
4639 : A0;
4640 : A0;
4641 : A0;
4642 : A0;
4643 : A0;
4644 : A0;
4645 : A0;
4646 : A0;
4647 : A0;
4648 : A0;
4649 : A0;
4650 : A0;
4651 : A0;
4652 : A0;
4653 : A0;
4654 : A0;
4655 : A0;
4656 : A0;
4657 : A0;
4658 : A0;
4659 : A0;
4660 : A0;
4661 : A0;
4662 : A0;
4663 : A0;
4664 : A0;
4665 : A0;
4666 : A0;
4667 : A0;
4668 : A0;
4669 : A0;
4670 : A0;
4671 : A0;
4672 : A0;
4673 : A0;
4674 : A0;
4675 : A0;
4676 : A0;
4677 : A0;
4678 : A0;
4679 : A0;
4680 : A0;
4681 : A0;
4682 : A0;
4683 : A0;
4684 : A0;
4685 : A0;
4686 : A0;
4687 : A0;
4688 : A0;
4689 : A0;
4690 : A0;
4691 : A0;
4692 : A0;
4693 : A0;
4694 : A0;
4695 : A0;
4696 : A0;
4697 : A0;
4698 : A0;
4699 : A0;
4700 : A0;
4701 : A0;
4702 : A0;
4703 : A0;
4704 : A0;
4705 : A0;
4706 : A0;
4707 : A0;
4708 : A0;
4709 : A0;
4710 : A0;
4711 : A0;
4712 : A0;
4713 : A0;
4714 : A0;
4715 : A0;
4716 : A0;
4717 : A0;
4718 : A0;
4719 : A0;
4720 : A0;
4721 : A0;
4722 : A0;
4723 : A0;
4724 : A0;
4725 : A0;
4726 : A0;
4727 : A0;
4728 : A0;
4729 : A0;
4730 : A0;
4731 : A0;
4732 : A0;
4733 : A0;
4734 : A0;
4735 : A0;
4736 : A0;
4737 : A0;
4738 : A0;
4739 : A0;
4740 : A0;
4741 : A0;
4742 : A0;
4743 : A0;
4744 : A0;
4745 : A0;
4746 : A0;
4747 : A0;
4748 : A0;
4749 : A0;
4750 : A0;
4751 : A0;
4752 : A0;
4753 : A0;
4754 : A0;
4755 : A0;
4756 : A0;
4757 : A0;
4758 : A0;
4759 : A0;
4760 : CD;
4761 : FF;
4762 : B6;
4763 : 20;
4764 : 00;
4765 : 00;
4766 : 00;
4767 : 00;
4768 : 00;
4769 : 00;
4770 : 00;
4771 : 00;
4772 : 00;
4773 : 00;
4774 : 00;
4775 : 00;
4776 : 00;
4777 : 00;
4778 : 00;
4779 : 00;
4780 : 00;
4781 : 00;
4782 : 00;
4783 : 00;
4784 : 00;
4785 : 00;
4786 : 00;
4787 : 00;
4788 : 00;
4789 : 00;
4790 : 00;
4791 : 00;
4792 : 00;
4793 : 00;
4794 : 00;
4795 : 00;
4796 : 00;
4797 : 00;
4798 : 00;
4799 : 00;
4800 : 00;
4801 : 00;
4802 : 00;
4803 : 00;
4804 : 00;
4805 : 00;
4806 : 00;
4807 : 00;
4808 : 00;
4809 : 00;
4810 : 00;
4811 : 00;
4812 : 00;
4813 : 00;
4814 : 00;
4815 : 00;
4816 : 00;
4817 : 00;
4818 : 00;
4819 : 00;
4820 : 00;
4821 : 00;
4822 : 00;
4823 : 00;
4824 : 00;
4825 : 00;
4826 : 00;
4827 : 00;
4828 : 00;
4829 : 00;
4830 : 20;
4831 : 20;
4832 : 20;
4833 : 20;
4834 : 20;
4835 : 20;
4836 : 20;
4837 : 91;
4838 : FF;
4839 : D2;
4840 : A4;
4841 : A0;
4842 : A0;
4843 : A0;
4844 : A0;
4845 : A0;
4846 : A0;
4847 : A0;
4848 : A0;
4849 : A0;
4850 : A0;
4851 : A0;
4852 : A0;
4853 : A0;
4854 : A0;
4855 : A0;
4856 : A0;
4857 : A0;
4858 : A0;
4859 : A0;
4860 : A0;
4861 : A0;
4862 : A0;
4863 : C9;
4864 : C9;
4865 : A4;
4866 : A0;
4867 : A0;
4868 : A0;
4869 : A0;
4870 : A0;
4871 : A0;
4872 : A0;
4873 : A0;
4874 : A0;
4875 : A0;
4876 : A0;
4877 : A0;
4878 : A0;
4879 : A0;
4880 : A0;
4881 : A0;
4882 : A0;
4883 : A0;
4884 : A0;
4885 : A0;
4886 : A0;
4887 : A0;
4888 : A0;
4889 : A0;
4890 : A0;
4891 : A0;
4892 : A0;
4893 : A0;
4894 : A0;
4895 : A0;
4896 : A0;
4897 : A0;
4898 : A0;
4899 : A0;
4900 : A0;
4901 : A0;
4902 : A0;
4903 : A0;
4904 : A0;
4905 : A0;
4906 : A0;
4907 : A0;
4908 : A0;
4909 : A0;
4910 : A0;
4911 : A0;
4912 : A0;
4913 : A0;
4914 : A0;
4915 : A0;
4916 : A0;
4917 : A0;
4918 : A0;
4919 : A0;
4920 : A0;
4921 : A0;
4922 : A0;
4923 : A0;
4924 : A0;
4925 : A0;
4926 : A0;
4927 : A0;
4928 : A0;
4929 : A0;
4930 : A0;
4931 : A0;
4932 : A0;
4933 : A0;
4934 : A0;
4935 : A0;
4936 : A0;
4937 : A0;
4938 : A0;
4939 : A0;
4940 : A0;
4941 : A0;
4942 : A0;
4943 : A0;
4944 : A0;
4945 : A0;
4946 : A0;
4947 : A0;
4948 : A0;
4949 : A0;
4950 : A0;
4951 : A0;
4952 : A0;
4953 : A0;
4954 : A0;
4955 : A0;
4956 : A0;
4957 : A0;
4958 : A0;
4959 : A0;
4960 : A0;
4961 : A0;
4962 : A0;
4963 : A0;
4964 : A0;
4965 : A0;
4966 : A0;
4967 : A0;
4968 : A0;
4969 : A0;
4970 : A0;
4971 : A0;
4972 : A0;
4973 : A0;
4974 : A0;
4975 : A0;
4976 : A0;
4977 : A0;
4978 : A0;
4979 : A0;
4980 : A0;
4981 : A0;
4982 : A0;
4983 : A0;
4984 : A0;
4985 : A0;
4986 : A0;
4987 : A0;
4988 : A0;
4989 : A0;
4990 : A0;
4991 : A0;
4992 : A0;
4993 : A0;
4994 : A0;
4995 : A0;
4996 : A0;
4997 : A0;
4998 : A0;
4999 : A0;
5000 : CD;
5001 : FF;
5002 : B6;
5003 : 20;
5004 : 00;
5005 : 00;
5006 : 00;
5007 : 00;
5008 : 00;
5009 : 00;
5010 : 00;
5011 : 00;
5012 : 00;
5013 : 00;
5014 : 00;
5015 : 00;
5016 : 00;
5017 : 00;
5018 : 00;
5019 : 00;
5020 : 00;
5021 : 00;
5022 : 00;
5023 : 00;
5024 : 00;
5025 : 00;
5026 : 00;
5027 : 00;
5028 : 00;
5029 : 00;
5030 : 00;
5031 : 00;
5032 : 00;
5033 : 00;
5034 : 00;
5035 : 00;
5036 : 00;
5037 : 00;
5038 : 00;
5039 : 00;
5040 : 00;
5041 : 00;
5042 : 00;
5043 : 00;
5044 : 00;
5045 : 00;
5046 : 00;
5047 : 00;
5048 : 00;
5049 : 00;
5050 : 00;
5051 : 00;
5052 : 00;
5053 : 00;
5054 : 00;
5055 : 00;
5056 : 00;
5057 : 00;
5058 : 00;
5059 : 00;
5060 : 00;
5061 : 00;
5062 : 00;
5063 : 00;
5064 : 00;
5065 : 00;
5066 : 00;
5067 : 00;
5068 : 00;
5069 : 00;
5070 : 20;
5071 : 20;
5072 : 20;
5073 : 20;
5074 : 20;
5075 : 20;
5076 : 20;
5077 : 91;
5078 : FF;
5079 : D2;
5080 : A4;
5081 : A0;
5082 : A0;
5083 : A0;
5084 : A0;
5085 : A0;
5086 : A0;
5087 : A0;
5088 : A0;
5089 : A0;
5090 : A0;
5091 : A0;
5092 : A0;
5093 : A0;
5094 : A0;
5095 : A0;
5096 : A0;
5097 : A0;
5098 : A0;
5099 : A0;
5100 : A0;
5101 : A0;
5102 : CD;
5103 : FF;
5104 : F6;
5105 : A4;
5106 : A0;
5107 : A0;
5108 : A0;
5109 : A0;
5110 : A0;
5111 : A0;
5112 : A0;
5113 : A0;
5114 : A0;
5115 : A0;
5116 : A0;
5117 : A0;
5118 : A0;
5119 : A0;
5120 : A0;
5121 : A0;
5122 : A0;
5123 : A0;
5124 : A0;
5125 : A0;
5126 : A0;
5127 : A0;
5128 : A0;
5129 : A0;
5130 : A0;
5131 : A0;
5132 : A0;
5133 : A0;
5134 : A0;
5135 : A0;
5136 : A0;
5137 : A0;
5138 : A0;
5139 : A0;
5140 : A0;
5141 : A0;
5142 : A0;
5143 : A0;
5144 : A0;
5145 : A0;
5146 : A0;
5147 : A0;
5148 : A0;
5149 : A0;
5150 : A0;
5151 : A0;
5152 : A0;
5153 : A0;
5154 : A0;
5155 : A0;
5156 : A0;
5157 : A0;
5158 : A0;
5159 : A0;
5160 : A0;
5161 : A0;
5162 : A0;
5163 : A0;
5164 : A0;
5165 : A0;
5166 : A0;
5167 : A0;
5168 : A0;
5169 : A0;
5170 : A0;
5171 : A0;
5172 : A0;
5173 : A0;
5174 : A0;
5175 : A0;
5176 : A0;
5177 : A0;
5178 : A0;
5179 : A0;
5180 : A0;
5181 : A0;
5182 : A0;
5183 : A0;
5184 : A0;
5185 : A0;
5186 : A0;
5187 : A0;
5188 : A0;
5189 : A0;
5190 : A0;
5191 : A0;
5192 : A0;
5193 : A0;
5194 : A0;
5195 : A0;
5196 : A0;
5197 : A0;
5198 : A0;
5199 : A0;
5200 : A0;
5201 : A0;
5202 : A0;
5203 : A0;
5204 : A0;
5205 : A0;
5206 : A0;
5207 : A0;
5208 : A0;
5209 : A0;
5210 : A0;
5211 : A0;
5212 : A0;
5213 : A0;
5214 : A0;
5215 : A0;
5216 : A0;
5217 : A0;
5218 : A0;
5219 : A0;
5220 : A0;
5221 : A0;
5222 : A0;
5223 : A0;
5224 : A0;
5225 : A0;
5226 : A0;
5227 : A0;
5228 : A0;
5229 : A0;
5230 : A0;
5231 : A0;
5232 : A0;
5233 : A0;
5234 : A0;
5235 : A0;
5236 : A0;
5237 : A0;
5238 : A0;
5239 : A0;
5240 : CD;
5241 : FF;
5242 : B6;
5243 : 20;
5244 : 00;
5245 : 00;
5246 : 00;
5247 : 00;
5248 : 00;
5249 : 00;
5250 : 00;
5251 : 00;
5252 : 00;
5253 : 00;
5254 : 00;
5255 : 00;
5256 : 00;
5257 : 20;
5258 : 20;
5259 : 00;
5260 : 00;
5261 : 00;
5262 : 00;
5263 : 00;
5264 : 00;
5265 : 00;
5266 : 00;
5267 : 00;
5268 : 00;
5269 : 00;
5270 : 00;
5271 : 00;
5272 : 00;
5273 : 00;
5274 : 00;
5275 : 00;
5276 : 00;
5277 : 00;
5278 : 00;
5279 : 00;
5280 : 00;
5281 : 00;
5282 : 00;
5283 : 00;
5284 : 00;
5285 : 00;
5286 : 00;
5287 : 00;
5288 : 00;
5289 : 00;
5290 : 00;
5291 : 00;
5292 : 00;
5293 : 00;
5294 : 00;
5295 : 00;
5296 : 00;
5297 : 00;
5298 : 00;
5299 : 00;
5300 : 00;
5301 : 00;
5302 : 00;
5303 : 00;
5304 : 00;
5305 : 00;
5306 : 00;
5307 : 00;
5308 : 00;
5309 : 00;
5310 : 20;
5311 : 20;
5312 : 20;
5313 : 20;
5314 : 20;
5315 : 20;
5316 : 20;
5317 : 91;
5318 : FF;
5319 : D2;
5320 : A4;
5321 : A0;
5322 : A0;
5323 : A0;
5324 : A0;
5325 : A0;
5326 : A0;
5327 : A0;
5328 : A0;
5329 : A0;
5330 : A0;
5331 : A0;
5332 : A0;
5333 : A0;
5334 : A0;
5335 : A0;
5336 : A0;
5337 : A0;
5338 : A0;
5339 : A0;
5340 : A0;
5341 : CD;
5342 : FF;
5343 : FF;
5344 : D6;
5345 : A4;
5346 : A0;
5347 : A0;
5348 : A0;
5349 : A0;
5350 : A0;
5351 : A0;
5352 : A0;
5353 : A0;
5354 : A0;
5355 : A0;
5356 : A0;
5357 : A0;
5358 : A0;
5359 : A0;
5360 : A0;
5361 : A0;
5362 : A0;
5363 : A0;
5364 : A0;
5365 : A0;
5366 : A0;
5367 : A0;
5368 : A0;
5369 : A0;
5370 : A0;
5371 : A0;
5372 : A0;
5373 : A0;
5374 : A0;
5375 : A0;
5376 : A0;
5377 : A0;
5378 : A0;
5379 : A0;
5380 : A0;
5381 : A0;
5382 : A0;
5383 : A0;
5384 : A0;
5385 : A0;
5386 : A0;
5387 : A0;
5388 : A0;
5389 : A0;
5390 : A0;
5391 : A0;
5392 : A0;
5393 : A0;
5394 : A0;
5395 : A0;
5396 : A0;
5397 : A0;
5398 : A0;
5399 : A0;
5400 : A0;
5401 : A0;
5402 : A0;
5403 : A0;
5404 : A0;
5405 : A0;
5406 : A0;
5407 : A0;
5408 : A0;
5409 : A0;
5410 : A0;
5411 : A0;
5412 : A0;
5413 : A0;
5414 : A0;
5415 : A0;
5416 : A0;
5417 : A0;
5418 : A0;
5419 : A0;
5420 : A0;
5421 : A0;
5422 : A0;
5423 : A0;
5424 : A0;
5425 : A0;
5426 : A0;
5427 : A0;
5428 : A0;
5429 : A0;
5430 : A0;
5431 : A0;
5432 : A0;
5433 : A0;
5434 : A0;
5435 : A0;
5436 : A0;
5437 : A0;
5438 : A0;
5439 : A0;
5440 : A0;
5441 : A0;
5442 : A0;
5443 : A0;
5444 : A0;
5445 : A0;
5446 : A0;
5447 : A0;
5448 : A0;
5449 : A0;
5450 : A0;
5451 : A0;
5452 : A0;
5453 : A0;
5454 : A0;
5455 : A0;
5456 : A0;
5457 : A0;
5458 : A0;
5459 : A0;
5460 : A0;
5461 : A0;
5462 : A0;
5463 : A0;
5464 : A0;
5465 : A0;
5466 : A0;
5467 : A0;
5468 : A0;
5469 : A0;
5470 : A0;
5471 : A0;
5472 : A0;
5473 : A0;
5474 : A0;
5475 : A0;
5476 : A0;
5477 : A0;
5478 : A0;
5479 : A0;
5480 : CD;
5481 : FF;
5482 : B6;
5483 : 20;
5484 : 00;
5485 : 00;
5486 : 00;
5487 : 00;
5488 : 00;
5489 : 00;
5490 : 00;
5491 : 00;
5492 : 00;
5493 : 00;
5494 : 00;
5495 : 00;
5496 : 00;
5497 : 00;
5498 : 00;
5499 : 00;
5500 : 00;
5501 : 00;
5502 : 00;
5503 : 00;
5504 : 00;
5505 : 00;
5506 : 00;
5507 : 00;
5508 : 00;
5509 : 00;
5510 : 00;
5511 : 00;
5512 : 00;
5513 : 00;
5514 : 00;
5515 : 00;
5516 : 00;
5517 : 00;
5518 : 00;
5519 : 00;
5520 : 00;
5521 : 00;
5522 : 00;
5523 : 00;
5524 : 00;
5525 : 00;
5526 : 00;
5527 : 00;
5528 : 00;
5529 : 00;
5530 : 00;
5531 : 00;
5532 : 00;
5533 : 00;
5534 : 00;
5535 : 00;
5536 : 00;
5537 : 00;
5538 : 00;
5539 : 00;
5540 : 00;
5541 : 00;
5542 : 00;
5543 : 00;
5544 : 00;
5545 : 00;
5546 : 00;
5547 : 00;
5548 : 00;
5549 : 20;
5550 : 20;
5551 : 20;
5552 : 20;
5553 : 00;
5554 : 20;
5555 : 20;
5556 : 20;
5557 : 91;
5558 : FF;
5559 : D2;
5560 : A4;
5561 : A0;
5562 : A0;
5563 : A0;
5564 : A0;
5565 : A0;
5566 : A0;
5567 : A0;
5568 : A0;
5569 : A0;
5570 : A0;
5571 : A0;
5572 : A0;
5573 : A0;
5574 : A0;
5575 : A0;
5576 : A0;
5577 : A0;
5578 : A0;
5579 : A0;
5580 : A4;
5581 : F6;
5582 : FF;
5583 : FF;
5584 : F6;
5585 : C9;
5586 : A0;
5587 : A0;
5588 : A0;
5589 : A0;
5590 : A0;
5591 : A0;
5592 : A0;
5593 : A0;
5594 : A0;
5595 : A0;
5596 : A0;
5597 : A0;
5598 : A0;
5599 : A0;
5600 : A0;
5601 : A0;
5602 : A0;
5603 : A0;
5604 : A0;
5605 : A0;
5606 : A0;
5607 : A0;
5608 : A0;
5609 : A0;
5610 : A0;
5611 : A0;
5612 : A0;
5613 : A0;
5614 : A0;
5615 : A0;
5616 : A0;
5617 : A0;
5618 : A0;
5619 : A0;
5620 : A0;
5621 : A0;
5622 : A0;
5623 : A0;
5624 : A0;
5625 : A0;
5626 : A0;
5627 : A0;
5628 : A0;
5629 : A0;
5630 : A0;
5631 : A0;
5632 : A0;
5633 : A0;
5634 : A0;
5635 : A0;
5636 : A0;
5637 : A0;
5638 : A0;
5639 : A0;
5640 : A0;
5641 : A0;
5642 : A0;
5643 : A0;
5644 : A0;
5645 : A0;
5646 : A0;
5647 : A0;
5648 : A0;
5649 : A0;
5650 : A0;
5651 : A0;
5652 : A0;
5653 : A0;
5654 : A0;
5655 : A0;
5656 : A0;
5657 : A0;
5658 : A0;
5659 : A0;
5660 : A0;
5661 : A0;
5662 : A0;
5663 : A0;
5664 : A0;
5665 : A0;
5666 : A0;
5667 : A0;
5668 : A0;
5669 : A0;
5670 : A0;
5671 : A0;
5672 : A0;
5673 : A0;
5674 : A0;
5675 : A0;
5676 : A0;
5677 : A0;
5678 : A0;
5679 : A0;
5680 : A0;
5681 : A0;
5682 : A0;
5683 : A0;
5684 : A0;
5685 : A0;
5686 : A0;
5687 : A0;
5688 : A0;
5689 : A0;
5690 : A0;
5691 : A0;
5692 : A0;
5693 : A0;
5694 : A0;
5695 : A0;
5696 : A0;
5697 : A0;
5698 : A0;
5699 : A0;
5700 : A0;
5701 : A0;
5702 : A0;
5703 : A0;
5704 : A0;
5705 : A0;
5706 : A0;
5707 : A0;
5708 : A0;
5709 : A0;
5710 : A0;
5711 : A0;
5712 : A0;
5713 : A0;
5714 : A0;
5715 : A0;
5716 : A0;
5717 : A0;
5718 : A0;
5719 : A0;
5720 : CD;
5721 : FF;
5722 : B6;
5723 : 20;
5724 : 00;
5725 : 00;
5726 : 00;
5727 : 00;
5728 : 00;
5729 : 00;
5730 : 00;
5731 : 00;
5732 : 00;
5733 : 00;
5734 : 00;
5735 : 00;
5736 : 00;
5737 : 00;
5738 : 00;
5739 : 00;
5740 : 00;
5741 : 00;
5742 : 00;
5743 : 00;
5744 : 00;
5745 : 00;
5746 : 00;
5747 : 00;
5748 : 00;
5749 : 00;
5750 : 00;
5751 : 00;
5752 : 00;
5753 : 00;
5754 : 00;
5755 : 00;
5756 : 00;
5757 : 00;
5758 : 00;
5759 : 00;
5760 : 00;
5761 : 00;
5762 : 00;
5763 : 00;
5764 : 00;
5765 : 00;
5766 : 00;
5767 : 00;
5768 : 00;
5769 : 00;
5770 : 00;
5771 : 00;
5772 : 00;
5773 : 00;
5774 : 00;
5775 : 00;
5776 : 00;
5777 : 00;
5778 : 00;
5779 : 00;
5780 : 00;
5781 : 00;
5782 : 00;
5783 : 00;
5784 : 00;
5785 : 00;
5786 : 00;
5787 : 00;
5788 : 20;
5789 : 20;
5790 : 20;
5791 : 20;
5792 : 00;
5793 : 00;
5794 : 20;
5795 : 20;
5796 : 20;
5797 : 91;
5798 : FF;
5799 : D2;
5800 : A4;
5801 : A0;
5802 : A0;
5803 : A0;
5804 : A0;
5805 : A0;
5806 : A0;
5807 : A0;
5808 : A0;
5809 : A0;
5810 : A0;
5811 : A0;
5812 : A0;
5813 : A0;
5814 : A0;
5815 : A0;
5816 : A0;
5817 : A0;
5818 : A0;
5819 : A0;
5820 : CD;
5821 : FA;
5822 : FF;
5823 : FF;
5824 : FB;
5825 : D1;
5826 : A0;
5827 : A0;
5828 : A0;
5829 : A0;
5830 : A0;
5831 : A0;
5832 : A0;
5833 : A0;
5834 : A0;
5835 : A0;
5836 : A0;
5837 : A0;
5838 : A0;
5839 : A0;
5840 : A0;
5841 : A0;
5842 : A0;
5843 : A0;
5844 : A0;
5845 : A0;
5846 : A0;
5847 : A0;
5848 : A0;
5849 : A0;
5850 : A0;
5851 : A0;
5852 : A0;
5853 : A0;
5854 : A0;
5855 : A0;
5856 : A0;
5857 : A0;
5858 : A0;
5859 : A0;
5860 : A0;
5861 : A0;
5862 : A0;
5863 : A0;
5864 : A0;
5865 : A0;
5866 : A0;
5867 : A0;
5868 : A0;
5869 : A0;
5870 : A0;
5871 : A0;
5872 : A0;
5873 : A0;
5874 : A0;
5875 : A0;
5876 : A0;
5877 : A0;
5878 : A0;
5879 : A0;
5880 : A0;
5881 : A0;
5882 : A0;
5883 : A0;
5884 : A0;
5885 : A0;
5886 : A0;
5887 : A0;
5888 : A0;
5889 : A0;
5890 : A0;
5891 : A0;
5892 : A0;
5893 : A0;
5894 : A0;
5895 : A0;
5896 : A0;
5897 : A0;
5898 : A0;
5899 : A0;
5900 : A0;
5901 : A0;
5902 : A0;
5903 : A0;
5904 : A0;
5905 : A0;
5906 : A0;
5907 : A0;
5908 : A0;
5909 : A0;
5910 : A0;
5911 : A0;
5912 : A0;
5913 : A0;
5914 : A0;
5915 : A0;
5916 : A0;
5917 : A0;
5918 : A0;
5919 : A0;
5920 : A0;
5921 : A0;
5922 : A0;
5923 : A0;
5924 : A0;
5925 : A0;
5926 : A0;
5927 : A0;
5928 : A0;
5929 : A0;
5930 : A0;
5931 : A0;
5932 : A0;
5933 : A0;
5934 : A0;
5935 : A0;
5936 : A0;
5937 : A0;
5938 : A0;
5939 : A0;
5940 : A0;
5941 : A0;
5942 : A0;
5943 : A0;
5944 : A0;
5945 : A0;
5946 : A0;
5947 : A0;
5948 : A0;
5949 : A0;
5950 : A0;
5951 : A0;
5952 : A0;
5953 : A0;
5954 : A0;
5955 : A0;
5956 : A0;
5957 : A0;
5958 : A0;
5959 : A0;
5960 : CD;
5961 : FF;
5962 : B6;
5963 : 20;
5964 : 00;
5965 : 00;
5966 : 00;
5967 : 00;
5968 : 00;
5969 : 00;
5970 : 00;
5971 : 00;
5972 : 00;
5973 : 00;
5974 : 00;
5975 : 00;
5976 : 00;
5977 : 00;
5978 : 00;
5979 : 00;
5980 : 00;
5981 : 00;
5982 : 00;
5983 : 00;
5984 : 00;
5985 : 00;
5986 : 00;
5987 : 00;
5988 : 00;
5989 : 00;
5990 : 00;
5991 : 00;
5992 : 00;
5993 : 00;
5994 : 00;
5995 : 00;
5996 : 00;
5997 : 00;
5998 : 00;
5999 : 00;
6000 : 00;
6001 : 00;
6002 : 00;
6003 : 00;
6004 : 00;
6005 : 00;
6006 : 00;
6007 : 00;
6008 : 00;
6009 : 00;
6010 : 00;
6011 : 00;
6012 : 00;
6013 : 00;
6014 : 00;
6015 : 00;
6016 : 00;
6017 : 00;
6018 : 00;
6019 : 00;
6020 : 00;
6021 : 00;
6022 : 00;
6023 : 00;
6024 : 00;
6025 : 00;
6026 : 00;
6027 : 00;
6028 : 20;
6029 : 20;
6030 : 00;
6031 : 00;
6032 : 00;
6033 : 00;
6034 : 20;
6035 : 20;
6036 : 20;
6037 : 8D;
6038 : FF;
6039 : D2;
6040 : A4;
6041 : A0;
6042 : A0;
6043 : A0;
6044 : A0;
6045 : A0;
6046 : A0;
6047 : A0;
6048 : A0;
6049 : A0;
6050 : A0;
6051 : A0;
6052 : A0;
6053 : A0;
6054 : A0;
6055 : A0;
6056 : A0;
6057 : A0;
6058 : A0;
6059 : A0;
6060 : CD;
6061 : FA;
6062 : FF;
6063 : FF;
6064 : FF;
6065 : FB;
6066 : A4;
6067 : A0;
6068 : A0;
6069 : A0;
6070 : A0;
6071 : A0;
6072 : A0;
6073 : A0;
6074 : A0;
6075 : A0;
6076 : A0;
6077 : A0;
6078 : A0;
6079 : A0;
6080 : A0;
6081 : A0;
6082 : A0;
6083 : A0;
6084 : A0;
6085 : A0;
6086 : A0;
6087 : A0;
6088 : A0;
6089 : A0;
6090 : A0;
6091 : A0;
6092 : A0;
6093 : A0;
6094 : A0;
6095 : A0;
6096 : A0;
6097 : A0;
6098 : A0;
6099 : A0;
6100 : A0;
6101 : A0;
6102 : A0;
6103 : A0;
6104 : A0;
6105 : A0;
6106 : A0;
6107 : A0;
6108 : A0;
6109 : A0;
6110 : A0;
6111 : A0;
6112 : A0;
6113 : A0;
6114 : A0;
6115 : A0;
6116 : A0;
6117 : A0;
6118 : A0;
6119 : A0;
6120 : A0;
6121 : A0;
6122 : A0;
6123 : A0;
6124 : A0;
6125 : A0;
6126 : A0;
6127 : A0;
6128 : A0;
6129 : A0;
6130 : A0;
6131 : A0;
6132 : A0;
6133 : A0;
6134 : A0;
6135 : A0;
6136 : A0;
6137 : A0;
6138 : A0;
6139 : A0;
6140 : A0;
6141 : A0;
6142 : A0;
6143 : A0;
6144 : A0;
6145 : A0;
6146 : A0;
6147 : A0;
6148 : A0;
6149 : A0;
6150 : A0;
6151 : A0;
6152 : A0;
6153 : A0;
6154 : A0;
6155 : A0;
6156 : A0;
6157 : A0;
6158 : A0;
6159 : A0;
6160 : A0;
6161 : A0;
6162 : A0;
6163 : A0;
6164 : A0;
6165 : A0;
6166 : A0;
6167 : A0;
6168 : A0;
6169 : A0;
6170 : A0;
6171 : A0;
6172 : A0;
6173 : A0;
6174 : A0;
6175 : A0;
6176 : A0;
6177 : A0;
6178 : A0;
6179 : A0;
6180 : A0;
6181 : A0;
6182 : A0;
6183 : A0;
6184 : A0;
6185 : A0;
6186 : A0;
6187 : A0;
6188 : A0;
6189 : A0;
6190 : A0;
6191 : A0;
6192 : A0;
6193 : A0;
6194 : A0;
6195 : A0;
6196 : A0;
6197 : A0;
6198 : A0;
6199 : A0;
6200 : CD;
6201 : FF;
6202 : B6;
6203 : 20;
6204 : 00;
6205 : 00;
6206 : 00;
6207 : 00;
6208 : 00;
6209 : 00;
6210 : 00;
6211 : 00;
6212 : 00;
6213 : 00;
6214 : 00;
6215 : 00;
6216 : 00;
6217 : 00;
6218 : 00;
6219 : 00;
6220 : 00;
6221 : 00;
6222 : 00;
6223 : 00;
6224 : 00;
6225 : 00;
6226 : 00;
6227 : 00;
6228 : 00;
6229 : 00;
6230 : 00;
6231 : 00;
6232 : 00;
6233 : 00;
6234 : 00;
6235 : 00;
6236 : 00;
6237 : 00;
6238 : 00;
6239 : 00;
6240 : 00;
6241 : 00;
6242 : 00;
6243 : 00;
6244 : 00;
6245 : 00;
6246 : 00;
6247 : 00;
6248 : 00;
6249 : 00;
6250 : 00;
6251 : 00;
6252 : 00;
6253 : 00;
6254 : 00;
6255 : 00;
6256 : 00;
6257 : 00;
6258 : 00;
6259 : 00;
6260 : 00;
6261 : 00;
6262 : 00;
6263 : 00;
6264 : 00;
6265 : 00;
6266 : 00;
6267 : 20;
6268 : 20;
6269 : 20;
6270 : 00;
6271 : 00;
6272 : 00;
6273 : 00;
6274 : 20;
6275 : 20;
6276 : 20;
6277 : 8D;
6278 : FF;
6279 : D2;
6280 : A4;
6281 : A0;
6282 : A0;
6283 : A0;
6284 : A0;
6285 : A0;
6286 : A0;
6287 : A0;
6288 : A0;
6289 : A0;
6290 : A0;
6291 : A0;
6292 : A0;
6293 : A0;
6294 : A0;
6295 : A0;
6296 : A0;
6297 : A0;
6298 : A0;
6299 : A0;
6300 : A9;
6301 : F6;
6302 : FF;
6303 : FF;
6304 : FF;
6305 : FF;
6306 : D6;
6307 : A9;
6308 : A0;
6309 : A0;
6310 : A0;
6311 : A0;
6312 : A0;
6313 : A0;
6314 : A0;
6315 : A0;
6316 : A0;
6317 : A0;
6318 : A0;
6319 : A0;
6320 : A0;
6321 : A0;
6322 : A0;
6323 : A0;
6324 : A0;
6325 : A0;
6326 : A0;
6327 : A4;
6328 : C9;
6329 : CD;
6330 : CD;
6331 : CD;
6332 : CD;
6333 : CD;
6334 : CD;
6335 : CD;
6336 : CD;
6337 : A4;
6338 : A4;
6339 : CD;
6340 : CD;
6341 : CD;
6342 : A4;
6343 : A0;
6344 : A0;
6345 : A0;
6346 : A0;
6347 : A0;
6348 : A9;
6349 : CD;
6350 : CD;
6351 : A4;
6352 : A0;
6353 : A0;
6354 : A0;
6355 : A8;
6356 : CD;
6357 : CD;
6358 : CD;
6359 : CD;
6360 : A4;
6361 : A0;
6362 : A0;
6363 : A0;
6364 : A0;
6365 : A0;
6366 : A0;
6367 : A0;
6368 : A4;
6369 : CD;
6370 : D2;
6371 : D2;
6372 : D2;
6373 : CD;
6374 : A8;
6375 : A0;
6376 : A0;
6377 : A0;
6378 : A0;
6379 : A0;
6380 : A9;
6381 : CD;
6382 : CD;
6383 : A9;
6384 : A0;
6385 : A0;
6386 : A0;
6387 : A0;
6388 : C8;
6389 : CD;
6390 : CD;
6391 : A8;
6392 : A0;
6393 : A0;
6394 : A0;
6395 : A0;
6396 : A0;
6397 : A4;
6398 : C9;
6399 : CD;
6400 : CD;
6401 : CD;
6402 : A9;
6403 : A0;
6404 : A0;
6405 : A0;
6406 : A4;
6407 : CD;
6408 : CD;
6409 : CD;
6410 : CD;
6411 : CD;
6412 : CD;
6413 : CD;
6414 : CD;
6415 : CD;
6416 : CD;
6417 : CD;
6418 : A4;
6419 : A0;
6420 : A4;
6421 : C9;
6422 : CD;
6423 : CD;
6424 : CD;
6425 : CD;
6426 : CD;
6427 : CD;
6428 : CD;
6429 : CD;
6430 : A8;
6431 : A0;
6432 : A0;
6433 : A0;
6434 : A0;
6435 : A0;
6436 : A0;
6437 : A0;
6438 : A0;
6439 : A0;
6440 : CD;
6441 : FF;
6442 : B6;
6443 : 20;
6444 : 00;
6445 : 00;
6446 : 00;
6447 : 00;
6448 : 00;
6449 : 00;
6450 : 00;
6451 : 00;
6452 : 00;
6453 : 00;
6454 : 00;
6455 : 00;
6456 : 00;
6457 : 00;
6458 : 00;
6459 : 20;
6460 : 00;
6461 : 00;
6462 : 00;
6463 : 00;
6464 : 00;
6465 : 00;
6466 : 00;
6467 : 00;
6468 : 00;
6469 : 00;
6470 : 00;
6471 : 00;
6472 : 00;
6473 : 00;
6474 : 00;
6475 : 00;
6476 : 00;
6477 : 00;
6478 : 00;
6479 : 00;
6480 : 00;
6481 : 00;
6482 : 00;
6483 : 00;
6484 : 00;
6485 : 00;
6486 : 00;
6487 : 00;
6488 : 00;
6489 : 00;
6490 : 00;
6491 : 00;
6492 : 00;
6493 : 00;
6494 : 00;
6495 : 00;
6496 : 00;
6497 : 00;
6498 : 00;
6499 : 00;
6500 : 00;
6501 : 00;
6502 : 00;
6503 : 00;
6504 : 00;
6505 : 00;
6506 : 00;
6507 : 00;
6508 : 00;
6509 : 00;
6510 : 00;
6511 : 20;
6512 : 20;
6513 : 20;
6514 : 20;
6515 : 20;
6516 : 20;
6517 : 91;
6518 : FF;
6519 : D2;
6520 : A4;
6521 : A0;
6522 : A0;
6523 : A0;
6524 : A0;
6525 : A0;
6526 : A0;
6527 : A0;
6528 : A0;
6529 : A0;
6530 : A0;
6531 : A0;
6532 : A0;
6533 : A0;
6534 : A0;
6535 : A0;
6536 : A0;
6537 : A0;
6538 : A0;
6539 : A0;
6540 : A4;
6541 : D2;
6542 : FF;
6543 : FF;
6544 : FF;
6545 : FF;
6546 : FF;
6547 : D6;
6548 : A4;
6549 : A0;
6550 : A4;
6551 : C9;
6552 : A4;
6553 : A0;
6554 : A0;
6555 : A0;
6556 : A0;
6557 : A0;
6558 : A0;
6559 : A0;
6560 : A0;
6561 : A0;
6562 : A0;
6563 : A0;
6564 : A0;
6565 : A0;
6566 : A0;
6567 : C9;
6568 : FA;
6569 : FF;
6570 : FF;
6571 : FF;
6572 : FF;
6573 : FF;
6574 : FF;
6575 : FF;
6576 : FF;
6577 : D2;
6578 : A4;
6579 : FB;
6580 : FF;
6581 : FF;
6582 : D2;
6583 : A4;
6584 : A0;
6585 : A0;
6586 : A0;
6587 : A4;
6588 : FA;
6589 : FF;
6590 : FF;
6591 : CD;
6592 : A4;
6593 : A0;
6594 : A4;
6595 : F6;
6596 : FF;
6597 : FF;
6598 : FF;
6599 : FF;
6600 : CD;
6601 : A0;
6602 : A0;
6603 : A0;
6604 : A0;
6605 : A0;
6606 : A4;
6607 : D2;
6608 : FF;
6609 : FF;
6610 : FF;
6611 : FF;
6612 : FF;
6613 : FF;
6614 : FF;
6615 : D6;
6616 : A9;
6617 : A0;
6618 : A0;
6619 : C9;
6620 : FA;
6621 : FF;
6622 : FF;
6623 : D2;
6624 : A0;
6625 : A0;
6626 : A0;
6627 : A4;
6628 : D6;
6629 : FF;
6630 : FF;
6631 : D2;
6632 : A0;
6633 : A0;
6634 : A0;
6635 : A0;
6636 : A0;
6637 : CD;
6638 : FF;
6639 : FF;
6640 : FF;
6641 : FF;
6642 : FA;
6643 : C9;
6644 : A0;
6645 : A0;
6646 : D1;
6647 : FF;
6648 : FF;
6649 : FF;
6650 : FF;
6651 : FF;
6652 : FF;
6653 : FF;
6654 : FF;
6655 : FF;
6656 : FF;
6657 : FF;
6658 : D1;
6659 : A0;
6660 : A9;
6661 : F6;
6662 : FF;
6663 : FF;
6664 : FF;
6665 : FF;
6666 : FF;
6667 : FF;
6668 : FF;
6669 : FF;
6670 : D1;
6671 : A0;
6672 : A0;
6673 : A0;
6674 : A0;
6675 : A0;
6676 : A0;
6677 : A0;
6678 : A0;
6679 : A0;
6680 : CD;
6681 : FF;
6682 : B6;
6683 : 20;
6684 : 00;
6685 : 00;
6686 : 00;
6687 : 00;
6688 : 00;
6689 : 00;
6690 : 00;
6691 : 00;
6692 : 00;
6693 : 00;
6694 : 00;
6695 : 00;
6696 : 00;
6697 : 00;
6698 : 20;
6699 : 20;
6700 : 20;
6701 : 00;
6702 : 00;
6703 : 00;
6704 : 00;
6705 : 00;
6706 : 00;
6707 : 00;
6708 : 00;
6709 : 00;
6710 : 00;
6711 : 00;
6712 : 00;
6713 : 00;
6714 : 00;
6715 : 00;
6716 : 00;
6717 : 00;
6718 : 00;
6719 : 00;
6720 : 00;
6721 : 00;
6722 : 00;
6723 : 00;
6724 : 00;
6725 : 00;
6726 : 00;
6727 : 00;
6728 : 00;
6729 : 00;
6730 : 00;
6731 : 00;
6732 : 00;
6733 : 00;
6734 : 00;
6735 : 00;
6736 : 00;
6737 : 00;
6738 : 00;
6739 : 00;
6740 : 00;
6741 : 00;
6742 : 00;
6743 : 00;
6744 : 00;
6745 : 00;
6746 : 00;
6747 : 00;
6748 : 00;
6749 : 00;
6750 : 00;
6751 : 00;
6752 : 00;
6753 : 20;
6754 : 20;
6755 : 20;
6756 : 40;
6757 : B1;
6758 : FF;
6759 : D2;
6760 : A4;
6761 : A0;
6762 : A0;
6763 : A0;
6764 : A0;
6765 : A0;
6766 : A0;
6767 : A0;
6768 : A0;
6769 : A0;
6770 : A0;
6771 : A0;
6772 : A0;
6773 : A0;
6774 : A0;
6775 : A0;
6776 : A4;
6777 : C9;
6778 : A4;
6779 : A0;
6780 : A0;
6781 : D1;
6782 : FF;
6783 : FF;
6784 : FF;
6785 : FF;
6786 : FF;
6787 : FF;
6788 : F6;
6789 : A0;
6790 : A4;
6791 : CD;
6792 : F6;
6793 : C9;
6794 : A0;
6795 : A0;
6796 : A0;
6797 : A0;
6798 : A0;
6799 : A0;
6800 : A0;
6801 : A0;
6802 : A0;
6803 : A0;
6804 : A0;
6805 : A0;
6806 : A0;
6807 : C9;
6808 : F6;
6809 : FF;
6810 : FF;
6811 : FA;
6812 : D6;
6813 : F6;
6814 : F6;
6815 : F6;
6816 : F6;
6817 : C9;
6818 : A0;
6819 : D2;
6820 : FF;
6821 : FF;
6822 : D6;
6823 : A9;
6824 : A0;
6825 : A0;
6826 : A0;
6827 : C9;
6828 : FB;
6829 : FF;
6830 : FB;
6831 : C9;
6832 : A0;
6833 : A0;
6834 : CD;
6835 : FA;
6836 : FF;
6837 : FF;
6838 : FF;
6839 : FF;
6840 : D2;
6841 : A4;
6842 : A0;
6843 : A0;
6844 : A0;
6845 : A0;
6846 : D6;
6847 : FF;
6848 : FF;
6849 : FF;
6850 : D6;
6851 : D1;
6852 : D6;
6853 : FB;
6854 : FF;
6855 : FF;
6856 : D6;
6857 : A4;
6858 : A0;
6859 : A8;
6860 : D6;
6861 : FF;
6862 : FF;
6863 : D2;
6864 : A0;
6865 : A0;
6866 : A0;
6867 : A4;
6868 : D6;
6869 : FF;
6870 : FF;
6871 : D2;
6872 : A4;
6873 : A0;
6874 : A0;
6875 : A0;
6876 : A0;
6877 : D1;
6878 : FF;
6879 : FF;
6880 : FF;
6881 : FF;
6882 : FF;
6883 : CD;
6884 : A0;
6885 : A0;
6886 : CD;
6887 : F6;
6888 : F6;
6889 : F6;
6890 : FA;
6891 : FF;
6892 : FF;
6893 : FF;
6894 : FA;
6895 : F6;
6896 : F6;
6897 : F6;
6898 : C9;
6899 : A0;
6900 : A9;
6901 : F6;
6902 : FF;
6903 : FF;
6904 : FA;
6905 : D6;
6906 : F6;
6907 : F6;
6908 : F6;
6909 : F6;
6910 : CD;
6911 : A0;
6912 : A0;
6913 : A0;
6914 : A0;
6915 : A0;
6916 : A0;
6917 : A0;
6918 : A0;
6919 : A0;
6920 : CD;
6921 : FF;
6922 : B6;
6923 : 20;
6924 : 00;
6925 : 00;
6926 : 00;
6927 : 00;
6928 : 00;
6929 : 00;
6930 : 00;
6931 : 00;
6932 : 00;
6933 : 00;
6934 : 00;
6935 : 00;
6936 : 00;
6937 : 20;
6938 : 20;
6939 : 20;
6940 : 00;
6941 : 00;
6942 : 00;
6943 : 00;
6944 : 00;
6945 : 00;
6946 : 00;
6947 : 00;
6948 : 00;
6949 : 00;
6950 : 00;
6951 : 00;
6952 : 00;
6953 : 00;
6954 : 00;
6955 : 00;
6956 : 00;
6957 : 00;
6958 : 00;
6959 : 00;
6960 : 00;
6961 : 00;
6962 : 00;
6963 : 00;
6964 : 00;
6965 : 00;
6966 : 00;
6967 : 00;
6968 : 00;
6969 : 00;
6970 : 00;
6971 : 00;
6972 : 00;
6973 : 00;
6974 : 00;
6975 : 00;
6976 : 00;
6977 : 00;
6978 : 00;
6979 : 00;
6980 : 00;
6981 : 00;
6982 : 00;
6983 : 00;
6984 : 00;
6985 : 00;
6986 : 00;
6987 : 00;
6988 : 00;
6989 : 00;
6990 : 00;
6991 : 00;
6992 : 00;
6993 : 20;
6994 : 20;
6995 : 20;
6996 : 40;
6997 : B1;
6998 : FF;
6999 : D2;
7000 : A4;
7001 : A0;
7002 : A0;
7003 : A0;
7004 : A0;
7005 : A0;
7006 : A0;
7007 : A0;
7008 : A0;
7009 : A0;
7010 : A0;
7011 : A0;
7012 : A0;
7013 : A0;
7014 : A0;
7015 : A0;
7016 : A9;
7017 : FB;
7018 : CD;
7019 : A0;
7020 : A0;
7021 : D1;
7022 : FF;
7023 : FF;
7024 : FF;
7025 : FF;
7026 : FF;
7027 : FF;
7028 : FF;
7029 : CD;
7030 : A4;
7031 : A4;
7032 : FF;
7033 : FA;
7034 : C9;
7035 : A0;
7036 : A0;
7037 : A0;
7038 : A0;
7039 : A0;
7040 : A0;
7041 : A0;
7042 : A0;
7043 : A0;
7044 : A0;
7045 : A0;
7046 : A0;
7047 : C9;
7048 : F6;
7049 : FF;
7050 : FF;
7051 : CD;
7052 : A0;
7053 : A0;
7054 : A0;
7055 : A0;
7056 : A0;
7057 : A0;
7058 : A0;
7059 : D1;
7060 : FB;
7061 : FF;
7062 : FB;
7063 : CD;
7064 : A0;
7065 : A0;
7066 : A0;
7067 : CD;
7068 : FF;
7069 : FF;
7070 : FA;
7071 : A4;
7072 : A0;
7073 : A0;
7074 : D2;
7075 : FF;
7076 : FF;
7077 : FA;
7078 : FF;
7079 : FF;
7080 : FA;
7081 : C9;
7082 : A0;
7083 : A0;
7084 : A0;
7085 : A4;
7086 : FB;
7087 : FF;
7088 : FF;
7089 : D1;
7090 : A4;
7091 : A0;
7092 : A0;
7093 : CD;
7094 : FF;
7095 : FF;
7096 : FB;
7097 : CD;
7098 : A0;
7099 : A4;
7100 : D6;
7101 : FF;
7102 : FF;
7103 : D2;
7104 : A0;
7105 : A0;
7106 : A0;
7107 : A4;
7108 : D6;
7109 : FF;
7110 : FF;
7111 : D2;
7112 : A4;
7113 : A0;
7114 : A0;
7115 : A0;
7116 : A4;
7117 : D6;
7118 : FF;
7119 : FB;
7120 : FB;
7121 : FF;
7122 : FF;
7123 : D2;
7124 : A4;
7125 : A0;
7126 : A0;
7127 : A0;
7128 : A0;
7129 : A0;
7130 : C9;
7131 : FB;
7132 : FF;
7133 : FB;
7134 : C9;
7135 : A0;
7136 : A0;
7137 : A0;
7138 : A0;
7139 : A0;
7140 : C9;
7141 : F6;
7142 : FF;
7143 : FF;
7144 : CD;
7145 : A0;
7146 : A0;
7147 : A0;
7148 : A0;
7149 : A0;
7150 : A0;
7151 : A0;
7152 : A0;
7153 : A0;
7154 : A0;
7155 : A0;
7156 : A0;
7157 : A0;
7158 : A0;
7159 : A0;
7160 : CD;
7161 : FF;
7162 : B6;
7163 : 20;
7164 : 00;
7165 : 00;
7166 : 00;
7167 : 00;
7168 : 00;
7169 : 00;
7170 : 00;
7171 : 00;
7172 : 00;
7173 : 00;
7174 : 00;
7175 : 00;
7176 : 00;
7177 : 20;
7178 : 20;
7179 : 20;
7180 : 00;
7181 : 00;
7182 : 00;
7183 : 00;
7184 : 00;
7185 : 00;
7186 : 00;
7187 : 00;
7188 : 00;
7189 : 00;
7190 : 00;
7191 : 00;
7192 : 00;
7193 : 00;
7194 : 00;
7195 : 00;
7196 : 00;
7197 : 00;
7198 : 00;
7199 : 00;
7200 : 00;
7201 : 00;
7202 : 00;
7203 : 00;
7204 : 00;
7205 : 00;
7206 : 00;
7207 : 00;
7208 : 00;
7209 : 00;
7210 : 00;
7211 : 00;
7212 : 00;
7213 : 00;
7214 : 00;
7215 : 00;
7216 : 00;
7217 : 00;
7218 : 00;
7219 : 00;
7220 : 00;
7221 : 00;
7222 : 00;
7223 : 00;
7224 : 00;
7225 : 00;
7226 : 00;
7227 : 00;
7228 : 00;
7229 : 00;
7230 : 00;
7231 : 00;
7232 : 00;
7233 : 20;
7234 : 20;
7235 : 20;
7236 : 40;
7237 : B1;
7238 : FF;
7239 : D2;
7240 : A4;
7241 : A0;
7242 : A0;
7243 : A0;
7244 : A0;
7245 : A0;
7246 : A0;
7247 : A0;
7248 : A0;
7249 : A0;
7250 : A0;
7251 : A0;
7252 : A0;
7253 : A0;
7254 : A0;
7255 : A0;
7256 : CD;
7257 : FF;
7258 : F6;
7259 : A4;
7260 : A4;
7261 : D2;
7262 : FF;
7263 : FF;
7264 : FF;
7265 : FF;
7266 : FF;
7267 : FF;
7268 : FF;
7269 : FA;
7270 : C9;
7271 : A4;
7272 : FF;
7273 : FF;
7274 : F6;
7275 : A4;
7276 : A0;
7277 : A0;
7278 : A0;
7279 : A0;
7280 : A0;
7281 : A0;
7282 : A0;
7283 : A0;
7284 : A0;
7285 : A0;
7286 : A0;
7287 : C9;
7288 : F6;
7289 : FF;
7290 : FF;
7291 : CD;
7292 : A0;
7293 : A0;
7294 : A0;
7295 : A0;
7296 : A0;
7297 : A0;
7298 : A0;
7299 : C9;
7300 : F6;
7301 : FF;
7302 : FF;
7303 : D1;
7304 : A0;
7305 : A0;
7306 : A4;
7307 : D1;
7308 : FF;
7309 : FF;
7310 : D2;
7311 : A0;
7312 : A0;
7313 : A4;
7314 : FA;
7315 : FF;
7316 : FF;
7317 : D2;
7318 : F6;
7319 : FF;
7320 : FB;
7321 : CD;
7322 : A0;
7323 : A0;
7324 : A0;
7325 : A9;
7326 : FB;
7327 : FF;
7328 : FF;
7329 : CD;
7330 : A0;
7331 : A0;
7332 : A0;
7333 : CD;
7334 : FB;
7335 : FF;
7336 : FB;
7337 : CD;
7338 : A0;
7339 : A4;
7340 : D6;
7341 : FF;
7342 : FF;
7343 : D2;
7344 : A0;
7345 : A0;
7346 : A0;
7347 : A4;
7348 : D6;
7349 : FF;
7350 : FF;
7351 : D2;
7352 : A4;
7353 : A0;
7354 : A0;
7355 : A0;
7356 : C9;
7357 : FA;
7358 : FF;
7359 : D6;
7360 : D2;
7361 : F6;
7362 : FF;
7363 : F6;
7364 : A4;
7365 : A0;
7366 : A0;
7367 : A0;
7368 : A0;
7369 : A0;
7370 : C9;
7371 : FB;
7372 : FF;
7373 : FF;
7374 : C9;
7375 : A0;
7376 : A0;
7377 : A0;
7378 : A0;
7379 : A0;
7380 : C9;
7381 : F6;
7382 : FF;
7383 : FF;
7384 : CD;
7385 : A0;
7386 : A0;
7387 : A0;
7388 : A0;
7389 : A0;
7390 : A0;
7391 : A0;
7392 : A0;
7393 : A0;
7394 : A0;
7395 : A0;
7396 : A0;
7397 : A0;
7398 : A0;
7399 : A0;
7400 : CD;
7401 : FF;
7402 : B6;
7403 : 20;
7404 : 00;
7405 : 00;
7406 : 00;
7407 : 00;
7408 : 00;
7409 : 00;
7410 : 00;
7411 : 00;
7412 : 00;
7413 : 00;
7414 : 00;
7415 : 00;
7416 : 00;
7417 : 20;
7418 : 20;
7419 : 20;
7420 : 00;
7421 : 00;
7422 : 00;
7423 : 00;
7424 : 00;
7425 : 00;
7426 : 00;
7427 : 00;
7428 : 00;
7429 : 00;
7430 : 00;
7431 : 00;
7432 : 00;
7433 : 00;
7434 : 00;
7435 : 00;
7436 : 00;
7437 : 00;
7438 : 00;
7439 : 00;
7440 : 00;
7441 : 00;
7442 : 00;
7443 : 00;
7444 : 00;
7445 : 00;
7446 : 00;
7447 : 00;
7448 : 00;
7449 : 00;
7450 : 00;
7451 : 00;
7452 : 00;
7453 : 00;
7454 : 00;
7455 : 00;
7456 : 00;
7457 : 00;
7458 : 00;
7459 : 00;
7460 : 00;
7461 : 00;
7462 : 00;
7463 : 00;
7464 : 00;
7465 : 00;
7466 : 00;
7467 : 20;
7468 : 20;
7469 : 00;
7470 : 20;
7471 : 20;
7472 : 20;
7473 : 20;
7474 : 20;
7475 : 20;
7476 : 40;
7477 : B1;
7478 : FF;
7479 : D2;
7480 : A4;
7481 : A0;
7482 : A0;
7483 : A0;
7484 : A0;
7485 : A0;
7486 : A0;
7487 : A0;
7488 : A0;
7489 : A0;
7490 : A0;
7491 : A0;
7492 : A0;
7493 : A0;
7494 : A0;
7495 : C9;
7496 : FA;
7497 : FF;
7498 : F6;
7499 : C9;
7500 : D1;
7501 : FB;
7502 : FF;
7503 : FF;
7504 : FB;
7505 : D6;
7506 : D2;
7507 : FB;
7508 : FF;
7509 : FF;
7510 : D2;
7511 : CD;
7512 : FB;
7513 : FF;
7514 : FF;
7515 : C9;
7516 : A0;
7517 : A0;
7518 : A0;
7519 : A0;
7520 : A0;
7521 : A0;
7522 : A0;
7523 : A0;
7524 : A0;
7525 : A0;
7526 : A0;
7527 : C9;
7528 : F6;
7529 : FF;
7530 : FF;
7531 : CD;
7532 : A0;
7533 : A0;
7534 : A0;
7535 : A0;
7536 : A0;
7537 : A0;
7538 : A0;
7539 : A4;
7540 : D2;
7541 : FF;
7542 : FF;
7543 : D2;
7544 : A4;
7545 : A0;
7546 : A8;
7547 : D6;
7548 : FF;
7549 : FB;
7550 : CD;
7551 : A0;
7552 : A0;
7553 : C9;
7554 : FB;
7555 : FF;
7556 : FA;
7557 : A9;
7558 : D2;
7559 : FF;
7560 : FF;
7561 : D1;
7562 : A0;
7563 : A0;
7564 : A0;
7565 : A9;
7566 : FB;
7567 : FF;
7568 : FF;
7569 : CD;
7570 : A0;
7571 : A0;
7572 : A0;
7573 : A0;
7574 : A4;
7575 : A4;
7576 : A0;
7577 : A0;
7578 : A0;
7579 : A9;
7580 : D6;
7581 : FF;
7582 : FF;
7583 : D2;
7584 : A0;
7585 : A0;
7586 : A0;
7587 : A4;
7588 : D6;
7589 : FF;
7590 : FF;
7591 : D2;
7592 : A4;
7593 : A0;
7594 : A0;
7595 : A0;
7596 : D1;
7597 : FB;
7598 : FF;
7599 : CD;
7600 : CD;
7601 : D6;
7602 : FF;
7603 : FB;
7604 : C9;
7605 : A0;
7606 : A0;
7607 : A0;
7608 : A0;
7609 : A0;
7610 : C9;
7611 : FB;
7612 : FF;
7613 : FF;
7614 : C9;
7615 : A0;
7616 : A0;
7617 : A0;
7618 : A0;
7619 : A0;
7620 : C9;
7621 : F6;
7622 : FF;
7623 : FF;
7624 : CD;
7625 : A0;
7626 : A0;
7627 : A0;
7628 : A0;
7629 : A0;
7630 : A0;
7631 : A0;
7632 : A0;
7633 : A0;
7634 : A0;
7635 : A0;
7636 : A0;
7637 : A0;
7638 : A0;
7639 : A0;
7640 : CD;
7641 : FF;
7642 : B6;
7643 : 20;
7644 : 00;
7645 : 00;
7646 : 00;
7647 : 00;
7648 : 00;
7649 : 00;
7650 : 00;
7651 : 00;
7652 : 00;
7653 : 00;
7654 : 00;
7655 : 00;
7656 : 20;
7657 : 20;
7658 : 20;
7659 : 20;
7660 : 00;
7661 : 00;
7662 : 00;
7663 : 00;
7664 : 00;
7665 : 00;
7666 : 00;
7667 : 00;
7668 : 00;
7669 : 00;
7670 : 00;
7671 : 00;
7672 : 00;
7673 : 00;
7674 : 00;
7675 : 00;
7676 : 00;
7677 : 00;
7678 : 00;
7679 : 00;
7680 : 00;
7681 : 00;
7682 : 00;
7683 : 00;
7684 : 00;
7685 : 00;
7686 : 00;
7687 : 00;
7688 : 00;
7689 : 00;
7690 : 00;
7691 : 00;
7692 : 00;
7693 : 00;
7694 : 00;
7695 : 00;
7696 : 00;
7697 : 00;
7698 : 00;
7699 : 00;
7700 : 00;
7701 : 00;
7702 : 00;
7703 : 00;
7704 : 00;
7705 : 00;
7706 : 00;
7707 : 20;
7708 : 20;
7709 : 20;
7710 : 20;
7711 : 20;
7712 : 20;
7713 : 20;
7714 : 20;
7715 : 20;
7716 : 40;
7717 : B1;
7718 : FF;
7719 : D2;
7720 : A4;
7721 : A0;
7722 : A0;
7723 : A0;
7724 : A0;
7725 : A0;
7726 : A0;
7727 : A0;
7728 : A0;
7729 : A0;
7730 : A0;
7731 : A0;
7732 : A0;
7733 : A0;
7734 : A4;
7735 : D6;
7736 : FF;
7737 : FF;
7738 : F6;
7739 : D2;
7740 : FF;
7741 : FF;
7742 : FF;
7743 : FF;
7744 : D2;
7745 : A4;
7746 : A4;
7747 : D6;
7748 : FF;
7749 : FF;
7750 : FA;
7751 : FA;
7752 : FF;
7753 : FF;
7754 : FF;
7755 : CD;
7756 : A4;
7757 : A0;
7758 : A0;
7759 : A0;
7760 : A0;
7761 : A0;
7762 : A0;
7763 : A0;
7764 : A0;
7765 : A0;
7766 : A0;
7767 : C9;
7768 : F6;
7769 : FF;
7770 : FF;
7771 : F6;
7772 : C9;
7773 : C9;
7774 : CD;
7775 : C9;
7776 : A4;
7777 : A0;
7778 : A0;
7779 : A0;
7780 : CD;
7781 : FF;
7782 : FF;
7783 : F6;
7784 : A9;
7785 : A0;
7786 : C9;
7787 : FB;
7788 : FF;
7789 : FA;
7790 : C9;
7791 : A0;
7792 : A0;
7793 : CD;
7794 : FF;
7795 : FF;
7796 : D6;
7797 : A4;
7798 : CD;
7799 : FF;
7800 : FF;
7801 : F6;
7802 : A4;
7803 : A0;
7804 : A0;
7805 : A9;
7806 : FB;
7807 : FF;
7808 : FF;
7809 : CD;
7810 : A0;
7811 : A0;
7812 : A0;
7813 : A0;
7814 : A0;
7815 : A0;
7816 : A0;
7817 : A0;
7818 : A0;
7819 : A9;
7820 : D6;
7821 : FF;
7822 : FF;
7823 : D2;
7824 : A0;
7825 : A0;
7826 : A0;
7827 : A4;
7828 : D6;
7829 : FF;
7830 : FF;
7831 : D2;
7832 : A4;
7833 : A0;
7834 : A0;
7835 : A0;
7836 : D6;
7837 : FF;
7838 : FF;
7839 : C9;
7840 : A9;
7841 : D2;
7842 : FF;
7843 : FF;
7844 : D2;
7845 : A0;
7846 : A0;
7847 : A0;
7848 : A0;
7849 : A0;
7850 : C9;
7851 : FB;
7852 : FF;
7853 : FF;
7854 : C9;
7855 : A0;
7856 : A0;
7857 : A0;
7858 : A0;
7859 : A0;
7860 : C9;
7861 : F6;
7862 : FF;
7863 : FF;
7864 : F6;
7865 : CD;
7866 : CD;
7867 : CD;
7868 : C9;
7869 : A4;
7870 : A0;
7871 : A0;
7872 : A0;
7873 : A0;
7874 : A0;
7875 : A0;
7876 : A0;
7877 : A0;
7878 : A0;
7879 : A0;
7880 : CD;
7881 : FF;
7882 : B6;
7883 : 20;
7884 : 00;
7885 : 00;
7886 : 00;
7887 : 00;
7888 : 00;
7889 : 00;
7890 : 00;
7891 : 00;
7892 : 00;
7893 : 00;
7894 : 00;
7895 : 00;
7896 : 20;
7897 : 20;
7898 : 40;
7899 : 20;
7900 : 00;
7901 : 00;
7902 : 00;
7903 : 00;
7904 : 00;
7905 : 00;
7906 : 00;
7907 : 00;
7908 : 00;
7909 : 00;
7910 : 00;
7911 : 00;
7912 : 00;
7913 : 00;
7914 : 00;
7915 : 00;
7916 : 00;
7917 : 00;
7918 : 00;
7919 : 00;
7920 : 00;
7921 : 00;
7922 : 00;
7923 : 00;
7924 : 00;
7925 : 00;
7926 : 00;
7927 : 00;
7928 : 00;
7929 : 00;
7930 : 00;
7931 : 00;
7932 : 00;
7933 : 00;
7934 : 00;
7935 : 00;
7936 : 00;
7937 : 00;
7938 : 00;
7939 : 00;
7940 : 00;
7941 : 00;
7942 : 00;
7943 : 00;
7944 : 00;
7945 : 00;
7946 : 00;
7947 : 20;
7948 : 20;
7949 : 20;
7950 : 20;
7951 : 20;
7952 : 20;
7953 : 20;
7954 : 20;
7955 : 20;
7956 : 40;
7957 : B1;
7958 : FF;
7959 : D2;
7960 : A4;
7961 : A0;
7962 : A0;
7963 : A0;
7964 : A0;
7965 : A0;
7966 : A0;
7967 : A0;
7968 : A0;
7969 : A0;
7970 : A0;
7971 : A0;
7972 : A0;
7973 : A4;
7974 : F6;
7975 : FF;
7976 : FF;
7977 : FF;
7978 : FF;
7979 : FF;
7980 : FF;
7981 : FF;
7982 : FF;
7983 : D6;
7984 : A8;
7985 : A0;
7986 : A0;
7987 : D2;
7988 : FF;
7989 : FF;
7990 : FF;
7991 : FF;
7992 : FF;
7993 : FF;
7994 : FF;
7995 : D2;
7996 : A4;
7997 : A0;
7998 : A0;
7999 : A0;
8000 : A0;
8001 : A0;
8002 : A0;
8003 : A0;
8004 : A0;
8005 : A0;
8006 : A0;
8007 : C9;
8008 : F6;
8009 : FF;
8010 : FF;
8011 : FF;
8012 : FF;
8013 : FF;
8014 : FF;
8015 : FF;
8016 : D2;
8017 : A4;
8018 : A0;
8019 : A0;
8020 : CD;
8021 : FB;
8022 : FF;
8023 : FB;
8024 : CD;
8025 : A0;
8026 : CD;
8027 : FF;
8028 : FF;
8029 : D6;
8030 : A4;
8031 : A0;
8032 : A4;
8033 : D2;
8034 : FF;
8035 : FF;
8036 : D2;
8037 : A0;
8038 : C9;
8039 : FB;
8040 : FF;
8041 : FA;
8042 : C9;
8043 : A0;
8044 : A0;
8045 : A9;
8046 : FB;
8047 : FF;
8048 : FF;
8049 : CD;
8050 : A0;
8051 : A0;
8052 : A0;
8053 : A0;
8054 : A0;
8055 : A0;
8056 : A0;
8057 : A0;
8058 : A0;
8059 : A9;
8060 : D6;
8061 : FF;
8062 : FF;
8063 : D2;
8064 : A0;
8065 : A0;
8066 : A0;
8067 : A4;
8068 : D6;
8069 : FF;
8070 : FF;
8071 : D2;
8072 : A4;
8073 : A0;
8074 : A0;
8075 : A4;
8076 : FA;
8077 : FF;
8078 : FF;
8079 : A9;
8080 : A4;
8081 : CD;
8082 : FF;
8083 : FF;
8084 : F6;
8085 : A4;
8086 : A0;
8087 : A0;
8088 : A0;
8089 : A0;
8090 : C9;
8091 : FB;
8092 : FF;
8093 : FF;
8094 : C9;
8095 : A0;
8096 : A0;
8097 : A0;
8098 : A0;
8099 : A0;
8100 : C9;
8101 : F6;
8102 : FF;
8103 : FF;
8104 : FF;
8105 : FF;
8106 : FF;
8107 : FF;
8108 : FF;
8109 : D2;
8110 : A4;
8111 : A0;
8112 : A0;
8113 : A0;
8114 : A0;
8115 : A0;
8116 : A0;
8117 : A0;
8118 : A0;
8119 : A0;
8120 : CD;
8121 : FF;
8122 : B6;
8123 : 20;
8124 : 00;
8125 : 00;
8126 : 00;
8127 : 00;
8128 : 00;
8129 : 00;
8130 : 00;
8131 : 00;
8132 : 00;
8133 : 00;
8134 : 00;
8135 : 00;
8136 : 20;
8137 : 20;
8138 : 40;
8139 : 20;
8140 : 20;
8141 : 20;
8142 : 00;
8143 : 00;
8144 : 00;
8145 : 00;
8146 : 00;
8147 : 00;
8148 : 00;
8149 : 00;
8150 : 00;
8151 : 00;
8152 : 00;
8153 : 00;
8154 : 00;
8155 : 00;
8156 : 00;
8157 : 00;
8158 : 00;
8159 : 00;
8160 : 00;
8161 : 00;
8162 : 00;
8163 : 00;
8164 : 00;
8165 : 00;
8166 : 00;
8167 : 00;
8168 : 00;
8169 : 00;
8170 : 00;
8171 : 00;
8172 : 00;
8173 : 00;
8174 : 00;
8175 : 00;
8176 : 00;
8177 : 00;
8178 : 00;
8179 : 00;
8180 : 00;
8181 : 00;
8182 : 00;
8183 : 00;
8184 : 00;
8185 : 00;
8186 : 20;
8187 : 20;
8188 : 20;
8189 : 20;
8190 : 20;
8191 : 20;
8192 : 20;
8193 : 20;
8194 : 20;
8195 : 20;
8196 : 20;
8197 : 91;
8198 : FF;
8199 : D2;
8200 : A4;
8201 : A0;
8202 : A0;
8203 : A0;
8204 : A0;
8205 : A0;
8206 : A0;
8207 : A0;
8208 : A0;
8209 : A0;
8210 : A0;
8211 : A0;
8212 : A4;
8213 : D2;
8214 : FF;
8215 : FF;
8216 : FF;
8217 : FF;
8218 : FF;
8219 : FF;
8220 : FF;
8221 : FF;
8222 : FA;
8223 : A4;
8224 : A0;
8225 : A0;
8226 : A4;
8227 : D2;
8228 : FF;
8229 : FF;
8230 : FF;
8231 : FF;
8232 : FF;
8233 : FF;
8234 : FF;
8235 : D1;
8236 : A4;
8237 : A0;
8238 : A0;
8239 : A0;
8240 : A0;
8241 : A0;
8242 : A0;
8243 : A0;
8244 : A0;
8245 : A0;
8246 : A0;
8247 : C9;
8248 : F6;
8249 : FF;
8250 : FF;
8251 : FB;
8252 : FA;
8253 : F6;
8254 : FA;
8255 : F6;
8256 : CD;
8257 : A4;
8258 : A0;
8259 : A0;
8260 : A9;
8261 : D6;
8262 : FF;
8263 : FF;
8264 : D2;
8265 : A4;
8266 : D1;
8267 : FF;
8268 : FF;
8269 : D1;
8270 : A0;
8271 : A0;
8272 : C9;
8273 : FA;
8274 : FF;
8275 : FB;
8276 : CD;
8277 : A0;
8278 : A4;
8279 : D6;
8280 : FF;
8281 : FF;
8282 : D2;
8283 : A0;
8284 : A0;
8285 : A9;
8286 : FB;
8287 : FF;
8288 : FF;
8289 : CD;
8290 : A0;
8291 : A0;
8292 : A0;
8293 : A0;
8294 : A0;
8295 : A0;
8296 : A0;
8297 : A0;
8298 : A0;
8299 : A9;
8300 : D6;
8301 : FF;
8302 : FF;
8303 : D2;
8304 : A0;
8305 : A0;
8306 : A0;
8307 : A4;
8308 : D6;
8309 : FF;
8310 : FF;
8311 : D2;
8312 : A0;
8313 : A0;
8314 : A0;
8315 : C9;
8316 : FF;
8317 : FF;
8318 : FA;
8319 : A4;
8320 : A0;
8321 : C9;
8322 : FF;
8323 : FF;
8324 : FB;
8325 : C9;
8326 : A0;
8327 : A0;
8328 : A0;
8329 : A0;
8330 : C9;
8331 : FB;
8332 : FF;
8333 : FF;
8334 : C9;
8335 : A0;
8336 : A0;
8337 : A0;
8338 : A0;
8339 : A0;
8340 : C9;
8341 : F6;
8342 : FF;
8343 : FF;
8344 : FB;
8345 : FA;
8346 : F6;
8347 : FA;
8348 : F6;
8349 : CD;
8350 : A4;
8351 : A0;
8352 : A0;
8353 : A0;
8354 : A0;
8355 : A0;
8356 : A0;
8357 : A0;
8358 : A0;
8359 : A0;
8360 : CD;
8361 : FF;
8362 : B6;
8363 : 20;
8364 : 00;
8365 : 00;
8366 : 00;
8367 : 00;
8368 : 00;
8369 : 00;
8370 : 00;
8371 : 00;
8372 : 00;
8373 : 00;
8374 : 00;
8375 : 00;
8376 : 20;
8377 : 40;
8378 : 40;
8379 : 20;
8380 : 20;
8381 : 20;
8382 : 20;
8383 : 00;
8384 : 00;
8385 : 00;
8386 : 00;
8387 : 00;
8388 : 00;
8389 : 00;
8390 : 00;
8391 : 00;
8392 : 00;
8393 : 00;
8394 : 00;
8395 : 00;
8396 : 00;
8397 : 00;
8398 : 00;
8399 : 00;
8400 : 00;
8401 : 00;
8402 : 00;
8403 : 00;
8404 : 00;
8405 : 00;
8406 : 00;
8407 : 00;
8408 : 00;
8409 : 00;
8410 : 00;
8411 : 00;
8412 : 00;
8413 : 00;
8414 : 00;
8415 : 00;
8416 : 00;
8417 : 00;
8418 : 00;
8419 : 00;
8420 : 00;
8421 : 00;
8422 : 00;
8423 : 00;
8424 : 00;
8425 : 00;
8426 : 20;
8427 : 20;
8428 : 20;
8429 : 20;
8430 : 20;
8431 : 20;
8432 : 20;
8433 : 20;
8434 : 20;
8435 : 20;
8436 : 20;
8437 : 91;
8438 : FF;
8439 : D2;
8440 : A4;
8441 : A0;
8442 : A0;
8443 : A0;
8444 : A0;
8445 : A0;
8446 : A0;
8447 : A0;
8448 : A0;
8449 : A0;
8450 : A0;
8451 : A0;
8452 : CD;
8453 : FF;
8454 : FF;
8455 : FF;
8456 : FF;
8457 : FF;
8458 : FF;
8459 : FF;
8460 : FF;
8461 : FB;
8462 : D1;
8463 : A0;
8464 : A0;
8465 : A0;
8466 : A4;
8467 : D2;
8468 : FF;
8469 : FF;
8470 : FF;
8471 : FF;
8472 : FF;
8473 : FF;
8474 : FF;
8475 : C9;
8476 : A4;
8477 : A0;
8478 : A4;
8479 : A0;
8480 : A0;
8481 : A0;
8482 : A0;
8483 : A0;
8484 : A0;
8485 : A0;
8486 : A0;
8487 : C9;
8488 : F6;
8489 : FF;
8490 : FF;
8491 : CD;
8492 : A0;
8493 : A0;
8494 : A0;
8495 : A0;
8496 : A0;
8497 : A0;
8498 : A0;
8499 : A0;
8500 : A4;
8501 : D1;
8502 : FF;
8503 : FF;
8504 : F6;
8505 : C9;
8506 : F6;
8507 : FF;
8508 : FB;
8509 : CD;
8510 : A0;
8511 : A0;
8512 : CD;
8513 : FF;
8514 : FF;
8515 : FA;
8516 : C9;
8517 : A0;
8518 : A4;
8519 : D2;
8520 : FF;
8521 : FF;
8522 : F6;
8523 : A0;
8524 : A0;
8525 : C9;
8526 : FB;
8527 : FF;
8528 : FF;
8529 : CD;
8530 : A0;
8531 : A0;
8532 : A0;
8533 : A0;
8534 : A0;
8535 : A0;
8536 : A0;
8537 : A0;
8538 : A0;
8539 : A9;
8540 : D6;
8541 : FF;
8542 : FF;
8543 : D2;
8544 : A0;
8545 : A0;
8546 : A0;
8547 : A4;
8548 : D6;
8549 : FF;
8550 : FF;
8551 : D2;
8552 : A0;
8553 : A0;
8554 : A4;
8555 : D2;
8556 : FF;
8557 : FF;
8558 : D6;
8559 : A4;
8560 : A0;
8561 : A9;
8562 : FA;
8563 : FF;
8564 : FF;
8565 : CD;
8566 : A0;
8567 : A0;
8568 : A0;
8569 : A0;
8570 : C9;
8571 : FB;
8572 : FF;
8573 : FF;
8574 : C9;
8575 : A0;
8576 : A0;
8577 : A0;
8578 : A0;
8579 : A0;
8580 : C9;
8581 : F6;
8582 : FF;
8583 : FF;
8584 : CD;
8585 : A0;
8586 : A0;
8587 : A0;
8588 : A0;
8589 : A0;
8590 : A0;
8591 : A0;
8592 : A0;
8593 : A0;
8594 : A0;
8595 : A0;
8596 : A0;
8597 : A0;
8598 : A0;
8599 : A0;
8600 : CD;
8601 : FF;
8602 : B6;
8603 : 20;
8604 : 00;
8605 : 00;
8606 : 00;
8607 : 00;
8608 : 00;
8609 : 00;
8610 : 00;
8611 : 00;
8612 : 00;
8613 : 00;
8614 : 00;
8615 : 00;
8616 : 20;
8617 : 40;
8618 : 40;
8619 : 20;
8620 : 20;
8621 : 20;
8622 : 20;
8623 : 00;
8624 : 00;
8625 : 00;
8626 : 00;
8627 : 00;
8628 : 00;
8629 : 00;
8630 : 00;
8631 : 00;
8632 : 00;
8633 : 00;
8634 : 00;
8635 : 00;
8636 : 00;
8637 : 00;
8638 : 00;
8639 : 00;
8640 : 00;
8641 : 00;
8642 : 00;
8643 : 00;
8644 : 00;
8645 : 00;
8646 : 00;
8647 : 00;
8648 : 00;
8649 : 00;
8650 : 00;
8651 : 00;
8652 : 00;
8653 : 00;
8654 : 00;
8655 : 00;
8656 : 00;
8657 : 00;
8658 : 00;
8659 : 00;
8660 : 00;
8661 : 00;
8662 : 00;
8663 : 00;
8664 : 00;
8665 : 20;
8666 : 20;
8667 : 20;
8668 : 20;
8669 : 20;
8670 : 20;
8671 : 20;
8672 : 20;
8673 : 20;
8674 : 20;
8675 : 20;
8676 : 20;
8677 : 91;
8678 : FF;
8679 : D2;
8680 : A4;
8681 : A0;
8682 : A0;
8683 : A0;
8684 : A0;
8685 : A0;
8686 : A0;
8687 : A0;
8688 : A0;
8689 : A0;
8690 : A0;
8691 : A4;
8692 : D2;
8693 : FF;
8694 : FF;
8695 : FF;
8696 : FF;
8697 : FF;
8698 : FF;
8699 : FF;
8700 : FF;
8701 : F6;
8702 : A4;
8703 : A0;
8704 : A0;
8705 : A0;
8706 : A4;
8707 : D2;
8708 : FF;
8709 : FF;
8710 : FF;
8711 : FF;
8712 : FF;
8713 : FF;
8714 : FB;
8715 : A4;
8716 : CD;
8717 : D6;
8718 : A8;
8719 : A0;
8720 : A0;
8721 : A0;
8722 : A0;
8723 : A0;
8724 : A0;
8725 : A0;
8726 : A0;
8727 : C9;
8728 : F6;
8729 : FF;
8730 : FF;
8731 : CD;
8732 : A0;
8733 : A0;
8734 : A0;
8735 : A0;
8736 : A0;
8737 : A0;
8738 : A0;
8739 : A0;
8740 : A0;
8741 : C9;
8742 : FF;
8743 : FF;
8744 : FB;
8745 : D2;
8746 : FA;
8747 : FF;
8748 : FA;
8749 : C9;
8750 : A0;
8751 : A0;
8752 : D2;
8753 : FF;
8754 : FF;
8755 : FF;
8756 : FF;
8757 : FF;
8758 : FF;
8759 : FF;
8760 : FF;
8761 : FF;
8762 : FB;
8763 : A4;
8764 : A0;
8765 : A4;
8766 : FB;
8767 : FF;
8768 : FF;
8769 : CD;
8770 : A0;
8771 : A0;
8772 : A0;
8773 : A0;
8774 : A4;
8775 : A4;
8776 : A4;
8777 : A0;
8778 : A0;
8779 : A9;
8780 : D6;
8781 : FF;
8782 : FF;
8783 : D2;
8784 : A0;
8785 : A0;
8786 : A0;
8787 : A4;
8788 : D6;
8789 : FF;
8790 : FF;
8791 : D2;
8792 : A0;
8793 : A0;
8794 : C9;
8795 : FA;
8796 : FF;
8797 : FF;
8798 : FF;
8799 : FF;
8800 : FF;
8801 : FF;
8802 : FF;
8803 : FF;
8804 : FF;
8805 : D2;
8806 : A4;
8807 : A0;
8808 : A0;
8809 : A0;
8810 : C9;
8811 : FB;
8812 : FF;
8813 : FF;
8814 : C9;
8815 : A0;
8816 : A0;
8817 : A0;
8818 : A0;
8819 : A0;
8820 : C9;
8821 : F6;
8822 : FF;
8823 : FF;
8824 : CD;
8825 : A0;
8826 : A0;
8827 : A0;
8828 : A0;
8829 : A0;
8830 : A0;
8831 : A0;
8832 : A0;
8833 : A0;
8834 : A0;
8835 : A0;
8836 : A0;
8837 : A0;
8838 : A0;
8839 : A0;
8840 : CD;
8841 : FF;
8842 : B6;
8843 : 20;
8844 : 00;
8845 : 00;
8846 : 00;
8847 : 00;
8848 : 00;
8849 : 00;
8850 : 00;
8851 : 00;
8852 : 00;
8853 : 00;
8854 : 00;
8855 : 00;
8856 : 20;
8857 : 40;
8858 : 40;
8859 : 20;
8860 : 20;
8861 : 20;
8862 : 20;
8863 : 20;
8864 : 00;
8865 : 00;
8866 : 00;
8867 : 00;
8868 : 00;
8869 : 00;
8870 : 00;
8871 : 00;
8872 : 00;
8873 : 00;
8874 : 00;
8875 : 00;
8876 : 00;
8877 : 00;
8878 : 00;
8879 : 00;
8880 : 00;
8881 : 00;
8882 : 00;
8883 : 00;
8884 : 00;
8885 : 00;
8886 : 00;
8887 : 00;
8888 : 00;
8889 : 00;
8890 : 00;
8891 : 00;
8892 : 00;
8893 : 00;
8894 : 00;
8895 : 00;
8896 : 00;
8897 : 00;
8898 : 00;
8899 : 00;
8900 : 00;
8901 : 00;
8902 : 00;
8903 : 00;
8904 : 00;
8905 : 20;
8906 : 20;
8907 : 20;
8908 : 20;
8909 : 20;
8910 : 20;
8911 : 20;
8912 : 40;
8913 : 40;
8914 : 20;
8915 : 20;
8916 : 20;
8917 : 91;
8918 : FF;
8919 : D2;
8920 : A4;
8921 : A0;
8922 : A0;
8923 : A0;
8924 : A0;
8925 : A0;
8926 : A0;
8927 : A0;
8928 : A0;
8929 : A0;
8930 : A0;
8931 : A4;
8932 : D2;
8933 : FF;
8934 : FF;
8935 : FF;
8936 : FF;
8937 : FF;
8938 : F6;
8939 : D6;
8940 : FF;
8941 : D2;
8942 : A4;
8943 : A0;
8944 : A0;
8945 : A0;
8946 : A0;
8947 : CD;
8948 : FF;
8949 : FF;
8950 : F6;
8951 : D6;
8952 : FF;
8953 : FF;
8954 : F6;
8955 : D2;
8956 : FB;
8957 : FB;
8958 : A4;
8959 : A0;
8960 : A0;
8961 : A0;
8962 : A0;
8963 : A0;
8964 : A0;
8965 : A0;
8966 : A0;
8967 : C9;
8968 : F6;
8969 : FF;
8970 : FF;
8971 : CD;
8972 : A0;
8973 : A0;
8974 : A0;
8975 : A0;
8976 : A0;
8977 : A0;
8978 : A0;
8979 : A0;
8980 : A0;
8981 : A4;
8982 : FA;
8983 : FF;
8984 : FF;
8985 : FB;
8986 : FF;
8987 : FF;
8988 : D2;
8989 : A4;
8990 : A0;
8991 : A9;
8992 : F6;
8993 : FF;
8994 : FF;
8995 : FF;
8996 : FF;
8997 : FF;
8998 : FF;
8999 : FF;
9000 : FF;
9001 : FF;
9002 : FF;
9003 : C9;
9004 : A0;
9005 : A4;
9006 : FB;
9007 : FF;
9008 : FF;
9009 : CD;
9010 : A0;
9011 : A0;
9012 : A0;
9013 : CD;
9014 : FB;
9015 : FF;
9016 : FB;
9017 : CD;
9018 : A0;
9019 : A4;
9020 : D6;
9021 : FF;
9022 : FF;
9023 : D2;
9024 : A0;
9025 : A0;
9026 : A0;
9027 : A4;
9028 : D6;
9029 : FF;
9030 : FF;
9031 : D2;
9032 : A0;
9033 : A0;
9034 : CD;
9035 : FF;
9036 : FF;
9037 : FF;
9038 : FF;
9039 : FB;
9040 : FB;
9041 : FB;
9042 : FF;
9043 : FF;
9044 : FF;
9045 : FA;
9046 : C9;
9047 : A0;
9048 : A0;
9049 : A0;
9050 : C9;
9051 : FB;
9052 : FF;
9053 : FF;
9054 : C9;
9055 : A0;
9056 : A0;
9057 : A0;
9058 : A0;
9059 : A0;
9060 : C9;
9061 : F6;
9062 : FF;
9063 : FF;
9064 : CD;
9065 : A0;
9066 : A0;
9067 : A0;
9068 : A0;
9069 : A0;
9070 : A0;
9071 : A0;
9072 : A0;
9073 : A0;
9074 : A0;
9075 : A0;
9076 : A0;
9077 : A0;
9078 : A0;
9079 : A0;
9080 : CD;
9081 : FF;
9082 : B6;
9083 : 20;
9084 : 00;
9085 : 00;
9086 : 00;
9087 : 00;
9088 : 00;
9089 : 00;
9090 : 00;
9091 : 00;
9092 : 00;
9093 : 00;
9094 : 00;
9095 : 20;
9096 : 40;
9097 : 40;
9098 : 40;
9099 : 20;
9100 : 20;
9101 : 20;
9102 : 20;
9103 : 20;
9104 : 20;
9105 : 00;
9106 : 00;
9107 : 00;
9108 : 00;
9109 : 00;
9110 : 00;
9111 : 00;
9112 : 00;
9113 : 00;
9114 : 00;
9115 : 00;
9116 : 00;
9117 : 00;
9118 : 00;
9119 : 00;
9120 : 00;
9121 : 00;
9122 : 00;
9123 : 00;
9124 : 00;
9125 : 00;
9126 : 00;
9127 : 00;
9128 : 00;
9129 : 00;
9130 : 00;
9131 : 00;
9132 : 00;
9133 : 00;
9134 : 00;
9135 : 00;
9136 : 00;
9137 : 00;
9138 : 00;
9139 : 00;
9140 : 00;
9141 : 00;
9142 : 00;
9143 : 00;
9144 : 00;
9145 : 20;
9146 : 20;
9147 : 20;
9148 : 20;
9149 : 20;
9150 : 20;
9151 : 40;
9152 : 40;
9153 : 40;
9154 : 20;
9155 : 20;
9156 : 20;
9157 : 91;
9158 : FF;
9159 : D2;
9160 : A4;
9161 : A0;
9162 : A0;
9163 : A0;
9164 : A0;
9165 : A0;
9166 : A0;
9167 : A0;
9168 : A0;
9169 : A0;
9170 : A0;
9171 : A4;
9172 : D2;
9173 : FF;
9174 : FF;
9175 : FF;
9176 : FF;
9177 : FB;
9178 : C9;
9179 : A4;
9180 : FF;
9181 : F6;
9182 : A4;
9183 : A0;
9184 : A0;
9185 : A0;
9186 : A0;
9187 : A4;
9188 : A9;
9189 : A8;
9190 : A4;
9191 : C9;
9192 : FF;
9193 : FF;
9194 : FF;
9195 : FF;
9196 : FF;
9197 : D6;
9198 : A0;
9199 : A0;
9200 : A0;
9201 : A0;
9202 : A0;
9203 : A0;
9204 : A0;
9205 : A0;
9206 : A0;
9207 : C9;
9208 : F6;
9209 : FF;
9210 : FF;
9211 : CD;
9212 : A0;
9213 : A0;
9214 : A0;
9215 : A0;
9216 : A0;
9217 : A0;
9218 : A0;
9219 : A0;
9220 : A0;
9221 : A0;
9222 : D6;
9223 : FF;
9224 : FF;
9225 : FF;
9226 : FF;
9227 : FF;
9228 : CD;
9229 : A0;
9230 : A0;
9231 : CD;
9232 : FB;
9233 : FF;
9234 : FB;
9235 : CD;
9236 : A0;
9237 : A0;
9238 : A0;
9239 : A4;
9240 : FA;
9241 : FF;
9242 : FF;
9243 : D2;
9244 : A4;
9245 : A4;
9246 : FB;
9247 : FF;
9248 : FF;
9249 : D1;
9250 : A4;
9251 : A0;
9252 : A0;
9253 : CD;
9254 : FF;
9255 : FF;
9256 : FB;
9257 : CD;
9258 : A0;
9259 : A4;
9260 : D6;
9261 : FF;
9262 : FF;
9263 : D6;
9264 : A0;
9265 : A0;
9266 : A0;
9267 : A9;
9268 : F6;
9269 : FF;
9270 : FF;
9271 : D1;
9272 : A0;
9273 : A0;
9274 : D1;
9275 : FF;
9276 : FF;
9277 : F6;
9278 : A8;
9279 : A0;
9280 : A0;
9281 : A0;
9282 : CD;
9283 : FA;
9284 : FF;
9285 : FF;
9286 : CD;
9287 : A0;
9288 : A0;
9289 : A0;
9290 : C9;
9291 : FB;
9292 : FF;
9293 : FF;
9294 : C9;
9295 : A0;
9296 : A0;
9297 : A0;
9298 : A0;
9299 : A0;
9300 : C9;
9301 : F6;
9302 : FF;
9303 : FF;
9304 : CD;
9305 : A0;
9306 : A0;
9307 : A0;
9308 : A0;
9309 : A0;
9310 : A0;
9311 : A0;
9312 : A0;
9313 : A0;
9314 : A0;
9315 : A0;
9316 : A0;
9317 : A0;
9318 : A0;
9319 : A0;
9320 : CD;
9321 : FF;
9322 : B6;
9323 : 20;
9324 : 00;
9325 : 00;
9326 : 00;
9327 : 00;
9328 : 00;
9329 : 00;
9330 : 00;
9331 : 00;
9332 : 00;
9333 : 00;
9334 : 00;
9335 : 20;
9336 : 40;
9337 : 60;
9338 : 40;
9339 : 20;
9340 : 20;
9341 : 20;
9342 : 20;
9343 : 20;
9344 : 20;
9345 : 00;
9346 : 00;
9347 : 00;
9348 : 00;
9349 : 00;
9350 : 00;
9351 : 00;
9352 : 00;
9353 : 00;
9354 : 00;
9355 : 00;
9356 : 00;
9357 : 00;
9358 : 00;
9359 : 00;
9360 : 00;
9361 : 00;
9362 : 00;
9363 : 00;
9364 : 00;
9365 : 00;
9366 : 00;
9367 : 00;
9368 : 00;
9369 : 00;
9370 : 00;
9371 : 00;
9372 : 00;
9373 : 00;
9374 : 00;
9375 : 00;
9376 : 00;
9377 : 00;
9378 : 00;
9379 : 00;
9380 : 00;
9381 : 00;
9382 : 00;
9383 : 00;
9384 : 00;
9385 : 20;
9386 : 20;
9387 : 20;
9388 : 20;
9389 : 20;
9390 : 20;
9391 : 40;
9392 : 40;
9393 : 40;
9394 : 40;
9395 : 20;
9396 : 20;
9397 : 8D;
9398 : FF;
9399 : D2;
9400 : A4;
9401 : A0;
9402 : A0;
9403 : A0;
9404 : A0;
9405 : A0;
9406 : A0;
9407 : A0;
9408 : A0;
9409 : A0;
9410 : A0;
9411 : A0;
9412 : CD;
9413 : FF;
9414 : FF;
9415 : FF;
9416 : FF;
9417 : D6;
9418 : A8;
9419 : A0;
9420 : A4;
9421 : C9;
9422 : C9;
9423 : A0;
9424 : A0;
9425 : A0;
9426 : A0;
9427 : A0;
9428 : A0;
9429 : A0;
9430 : A0;
9431 : C9;
9432 : FB;
9433 : FF;
9434 : FF;
9435 : FF;
9436 : FB;
9437 : D1;
9438 : A0;
9439 : A0;
9440 : A0;
9441 : A0;
9442 : A0;
9443 : A0;
9444 : A0;
9445 : A0;
9446 : A0;
9447 : C9;
9448 : F6;
9449 : FF;
9450 : FF;
9451 : FB;
9452 : FA;
9453 : FA;
9454 : FA;
9455 : FA;
9456 : FB;
9457 : D2;
9458 : A4;
9459 : A0;
9460 : A0;
9461 : A0;
9462 : D1;
9463 : FB;
9464 : FF;
9465 : FF;
9466 : FF;
9467 : FB;
9468 : C9;
9469 : A0;
9470 : A0;
9471 : D2;
9472 : FF;
9473 : FF;
9474 : D6;
9475 : A9;
9476 : A0;
9477 : A0;
9478 : A0;
9479 : A0;
9480 : D6;
9481 : FF;
9482 : FF;
9483 : FA;
9484 : A9;
9485 : A0;
9486 : D6;
9487 : FF;
9488 : FF;
9489 : FF;
9490 : D6;
9491 : D1;
9492 : D6;
9493 : FB;
9494 : FF;
9495 : FF;
9496 : D6;
9497 : A4;
9498 : A0;
9499 : A0;
9500 : CD;
9501 : FF;
9502 : FF;
9503 : FF;
9504 : F6;
9505 : D2;
9506 : D2;
9507 : FB;
9508 : FF;
9509 : FF;
9510 : FB;
9511 : C9;
9512 : A0;
9513 : A4;
9514 : D6;
9515 : FF;
9516 : FF;
9517 : D2;
9518 : A4;
9519 : A0;
9520 : A0;
9521 : A0;
9522 : A4;
9523 : F6;
9524 : FF;
9525 : FF;
9526 : D2;
9527 : A4;
9528 : A0;
9529 : A0;
9530 : C9;
9531 : FB;
9532 : FF;
9533 : FB;
9534 : C9;
9535 : A0;
9536 : A0;
9537 : A0;
9538 : A0;
9539 : A0;
9540 : C9;
9541 : F6;
9542 : FF;
9543 : FF;
9544 : FB;
9545 : FA;
9546 : FA;
9547 : FA;
9548 : FA;
9549 : FB;
9550 : D2;
9551 : A8;
9552 : A0;
9553 : A0;
9554 : A0;
9555 : A0;
9556 : A0;
9557 : A0;
9558 : A0;
9559 : A0;
9560 : CD;
9561 : FF;
9562 : B6;
9563 : 20;
9564 : 00;
9565 : 00;
9566 : 00;
9567 : 00;
9568 : 00;
9569 : 00;
9570 : 00;
9571 : 00;
9572 : 00;
9573 : 00;
9574 : 20;
9575 : 20;
9576 : 60;
9577 : 40;
9578 : 40;
9579 : 20;
9580 : 20;
9581 : 20;
9582 : 20;
9583 : 20;
9584 : 20;
9585 : 00;
9586 : 00;
9587 : 00;
9588 : 00;
9589 : 00;
9590 : 00;
9591 : 00;
9592 : 00;
9593 : 00;
9594 : 00;
9595 : 00;
9596 : 00;
9597 : 00;
9598 : 00;
9599 : 00;
9600 : 00;
9601 : 00;
9602 : 00;
9603 : 00;
9604 : 00;
9605 : 00;
9606 : 00;
9607 : 00;
9608 : 00;
9609 : 00;
9610 : 00;
9611 : 00;
9612 : 00;
9613 : 00;
9614 : 00;
9615 : 00;
9616 : 00;
9617 : 00;
9618 : 00;
9619 : 00;
9620 : 00;
9621 : 00;
9622 : 00;
9623 : 00;
9624 : 00;
9625 : 20;
9626 : 20;
9627 : 20;
9628 : 20;
9629 : 20;
9630 : 20;
9631 : 40;
9632 : 40;
9633 : 40;
9634 : 40;
9635 : 40;
9636 : 40;
9637 : 91;
9638 : FF;
9639 : D2;
9640 : A4;
9641 : A0;
9642 : A0;
9643 : A0;
9644 : A0;
9645 : A0;
9646 : A0;
9647 : A0;
9648 : A0;
9649 : A0;
9650 : A0;
9651 : A0;
9652 : A9;
9653 : D6;
9654 : FF;
9655 : FF;
9656 : FF;
9657 : D2;
9658 : A4;
9659 : A0;
9660 : A0;
9661 : A0;
9662 : A0;
9663 : A0;
9664 : A0;
9665 : A0;
9666 : A0;
9667 : A0;
9668 : A0;
9669 : A0;
9670 : A0;
9671 : C9;
9672 : FB;
9673 : FF;
9674 : FF;
9675 : FF;
9676 : D2;
9677 : A4;
9678 : A0;
9679 : A0;
9680 : A0;
9681 : A0;
9682 : A0;
9683 : A0;
9684 : A0;
9685 : A0;
9686 : A0;
9687 : C9;
9688 : F6;
9689 : FF;
9690 : FF;
9691 : FF;
9692 : FF;
9693 : FF;
9694 : FF;
9695 : FF;
9696 : FF;
9697 : F6;
9698 : A4;
9699 : A0;
9700 : A0;
9701 : A0;
9702 : C9;
9703 : F6;
9704 : FF;
9705 : FF;
9706 : FF;
9707 : FB;
9708 : A4;
9709 : A0;
9710 : A4;
9711 : FA;
9712 : FF;
9713 : FF;
9714 : D2;
9715 : A4;
9716 : A0;
9717 : A0;
9718 : A0;
9719 : A0;
9720 : D1;
9721 : FB;
9722 : FF;
9723 : FF;
9724 : CD;
9725 : A0;
9726 : A0;
9727 : D2;
9728 : FF;
9729 : FF;
9730 : FF;
9731 : FF;
9732 : FF;
9733 : FF;
9734 : FF;
9735 : D2;
9736 : A4;
9737 : A0;
9738 : A0;
9739 : A0;
9740 : A0;
9741 : D1;
9742 : FB;
9743 : FF;
9744 : FF;
9745 : FF;
9746 : FF;
9747 : FF;
9748 : FF;
9749 : FB;
9750 : C9;
9751 : A0;
9752 : A0;
9753 : CD;
9754 : FB;
9755 : FF;
9756 : FF;
9757 : CD;
9758 : A0;
9759 : A0;
9760 : A0;
9761 : A0;
9762 : A0;
9763 : D2;
9764 : FF;
9765 : FF;
9766 : F6;
9767 : A9;
9768 : A0;
9769 : A0;
9770 : C9;
9771 : FF;
9772 : FF;
9773 : FF;
9774 : C9;
9775 : A0;
9776 : A0;
9777 : A0;
9778 : A0;
9779 : A0;
9780 : C9;
9781 : F6;
9782 : FF;
9783 : FF;
9784 : FF;
9785 : FF;
9786 : FF;
9787 : FF;
9788 : FF;
9789 : FF;
9790 : F6;
9791 : A4;
9792 : A0;
9793 : A0;
9794 : A0;
9795 : A0;
9796 : A0;
9797 : A0;
9798 : A0;
9799 : A0;
9800 : CD;
9801 : FF;
9802 : B6;
9803 : 20;
9804 : 00;
9805 : 00;
9806 : 00;
9807 : 00;
9808 : 00;
9809 : 00;
9810 : 00;
9811 : 00;
9812 : 00;
9813 : 00;
9814 : 20;
9815 : 20;
9816 : 40;
9817 : 40;
9818 : 40;
9819 : 40;
9820 : 20;
9821 : 20;
9822 : 20;
9823 : 20;
9824 : 20;
9825 : 00;
9826 : 00;
9827 : 00;
9828 : 00;
9829 : 00;
9830 : 00;
9831 : 00;
9832 : 00;
9833 : 00;
9834 : 00;
9835 : 00;
9836 : 00;
9837 : 00;
9838 : 00;
9839 : 00;
9840 : 00;
9841 : 00;
9842 : 00;
9843 : 00;
9844 : 00;
9845 : 00;
9846 : 00;
9847 : 00;
9848 : 00;
9849 : 00;
9850 : 00;
9851 : 00;
9852 : 00;
9853 : 00;
9854 : 00;
9855 : 00;
9856 : 00;
9857 : 00;
9858 : 00;
9859 : 00;
9860 : 00;
9861 : 00;
9862 : 00;
9863 : 00;
9864 : 00;
9865 : 20;
9866 : 40;
9867 : 40;
9868 : 20;
9869 : 20;
9870 : 20;
9871 : 40;
9872 : 40;
9873 : 40;
9874 : 40;
9875 : 40;
9876 : 40;
9877 : B1;
9878 : FF;
9879 : D2;
9880 : A4;
9881 : A0;
9882 : A0;
9883 : A0;
9884 : A0;
9885 : A0;
9886 : A0;
9887 : A0;
9888 : A0;
9889 : A0;
9890 : A0;
9891 : A0;
9892 : A0;
9893 : A4;
9894 : FA;
9895 : FF;
9896 : FF;
9897 : FA;
9898 : C9;
9899 : A0;
9900 : A0;
9901 : A0;
9902 : A0;
9903 : A0;
9904 : A0;
9905 : A0;
9906 : A0;
9907 : A0;
9908 : A0;
9909 : A0;
9910 : A4;
9911 : CD;
9912 : FF;
9913 : FF;
9914 : FF;
9915 : D2;
9916 : A4;
9917 : A0;
9918 : A0;
9919 : A0;
9920 : A0;
9921 : A0;
9922 : A0;
9923 : A0;
9924 : A0;
9925 : A0;
9926 : A0;
9927 : A4;
9928 : A9;
9929 : CD;
9930 : CD;
9931 : C9;
9932 : C9;
9933 : C9;
9934 : CD;
9935 : CD;
9936 : CD;
9937 : A4;
9938 : A0;
9939 : A0;
9940 : A0;
9941 : A0;
9942 : A0;
9943 : A8;
9944 : CD;
9945 : CD;
9946 : C9;
9947 : A9;
9948 : A0;
9949 : A0;
9950 : A0;
9951 : C9;
9952 : CD;
9953 : C9;
9954 : A4;
9955 : A0;
9956 : A0;
9957 : A0;
9958 : A0;
9959 : A0;
9960 : A4;
9961 : A9;
9962 : CD;
9963 : C9;
9964 : A4;
9965 : A0;
9966 : A0;
9967 : A0;
9968 : A4;
9969 : CD;
9970 : CD;
9971 : D1;
9972 : D2;
9973 : CD;
9974 : A4;
9975 : A0;
9976 : A0;
9977 : A0;
9978 : A0;
9979 : A0;
9980 : A0;
9981 : A0;
9982 : A0;
9983 : A9;
9984 : CD;
9985 : D2;
9986 : D1;
9987 : CD;
9988 : A8;
9989 : A0;
9990 : A0;
9991 : A0;
9992 : A0;
9993 : A4;
9994 : C9;
9995 : CD;
9996 : C9;
9997 : A4;
9998 : A0;
9999 : A0;
10000 : A0;
10001 : A0;
10002 : A0;
10003 : A4;
10004 : C9;
10005 : CD;
10006 : A9;
10007 : A4;
10008 : A0;
10009 : A0;
10010 : A4;
10011 : C9;
10012 : CD;
10013 : C9;
10014 : A4;
10015 : A0;
10016 : A0;
10017 : A0;
10018 : A0;
10019 : A0;
10020 : A4;
10021 : A9;
10022 : CD;
10023 : CD;
10024 : CD;
10025 : CD;
10026 : CD;
10027 : CD;
10028 : CD;
10029 : CD;
10030 : A4;
10031 : A0;
10032 : A0;
10033 : A0;
10034 : A0;
10035 : A0;
10036 : A0;
10037 : A0;
10038 : A0;
10039 : A0;
10040 : CD;
10041 : FF;
10042 : B6;
10043 : 20;
10044 : 00;
10045 : 00;
10046 : 00;
10047 : 00;
10048 : 00;
10049 : 00;
10050 : 00;
10051 : 00;
10052 : 00;
10053 : 20;
10054 : 20;
10055 : 20;
10056 : 40;
10057 : 40;
10058 : 40;
10059 : 40;
10060 : 20;
10061 : 20;
10062 : 20;
10063 : 20;
10064 : 20;
10065 : 00;
10066 : 00;
10067 : 00;
10068 : 00;
10069 : 00;
10070 : 00;
10071 : 00;
10072 : 00;
10073 : 00;
10074 : 00;
10075 : 00;
10076 : 00;
10077 : 00;
10078 : 00;
10079 : 00;
10080 : 00;
10081 : 00;
10082 : 00;
10083 : 00;
10084 : 00;
10085 : 00;
10086 : 00;
10087 : 00;
10088 : 00;
10089 : 00;
10090 : 00;
10091 : 00;
10092 : 00;
10093 : 00;
10094 : 00;
10095 : 00;
10096 : 00;
10097 : 00;
10098 : 00;
10099 : 00;
10100 : 00;
10101 : 00;
10102 : 00;
10103 : 00;
10104 : 00;
10105 : 20;
10106 : 40;
10107 : 40;
10108 : 20;
10109 : 20;
10110 : 20;
10111 : 20;
10112 : 40;
10113 : 40;
10114 : 40;
10115 : 60;
10116 : 60;
10117 : B1;
10118 : FF;
10119 : D2;
10120 : A4;
10121 : A0;
10122 : A0;
10123 : A0;
10124 : A0;
10125 : A0;
10126 : A0;
10127 : A0;
10128 : A0;
10129 : A0;
10130 : A0;
10131 : A0;
10132 : A0;
10133 : A0;
10134 : A4;
10135 : D2;
10136 : FF;
10137 : FF;
10138 : D2;
10139 : A0;
10140 : A0;
10141 : A0;
10142 : A0;
10143 : A0;
10144 : A0;
10145 : A0;
10146 : A0;
10147 : A0;
10148 : A0;
10149 : A0;
10150 : C9;
10151 : FB;
10152 : FF;
10153 : FB;
10154 : D1;
10155 : A0;
10156 : A0;
10157 : A0;
10158 : A0;
10159 : A0;
10160 : A0;
10161 : A0;
10162 : A0;
10163 : A0;
10164 : A0;
10165 : A0;
10166 : A0;
10167 : A0;
10168 : A0;
10169 : A0;
10170 : A0;
10171 : A0;
10172 : A0;
10173 : A0;
10174 : A0;
10175 : A0;
10176 : A0;
10177 : A0;
10178 : A0;
10179 : A0;
10180 : A0;
10181 : A0;
10182 : A0;
10183 : A0;
10184 : A0;
10185 : A0;
10186 : A0;
10187 : A0;
10188 : A0;
10189 : A0;
10190 : A0;
10191 : A0;
10192 : A0;
10193 : A0;
10194 : A0;
10195 : A0;
10196 : A0;
10197 : A0;
10198 : A0;
10199 : A0;
10200 : A0;
10201 : A0;
10202 : A0;
10203 : A0;
10204 : A0;
10205 : A0;
10206 : A0;
10207 : A0;
10208 : A0;
10209 : A0;
10210 : A0;
10211 : A0;
10212 : A0;
10213 : A0;
10214 : A0;
10215 : A0;
10216 : A0;
10217 : A0;
10218 : A0;
10219 : A0;
10220 : A0;
10221 : A0;
10222 : A0;
10223 : A0;
10224 : A0;
10225 : A0;
10226 : A0;
10227 : A0;
10228 : A0;
10229 : A0;
10230 : A0;
10231 : A0;
10232 : A0;
10233 : A0;
10234 : A0;
10235 : A0;
10236 : A0;
10237 : A0;
10238 : A0;
10239 : A0;
10240 : A0;
10241 : A0;
10242 : A0;
10243 : A0;
10244 : A0;
10245 : A0;
10246 : A0;
10247 : A0;
10248 : A0;
10249 : A0;
10250 : A0;
10251 : A0;
10252 : A0;
10253 : A0;
10254 : A0;
10255 : A0;
10256 : A0;
10257 : A0;
10258 : A0;
10259 : A0;
10260 : A0;
10261 : A0;
10262 : A0;
10263 : A0;
10264 : A0;
10265 : A0;
10266 : A0;
10267 : A0;
10268 : A0;
10269 : A0;
10270 : A0;
10271 : A0;
10272 : A0;
10273 : A0;
10274 : A0;
10275 : A0;
10276 : A0;
10277 : A0;
10278 : A0;
10279 : A0;
10280 : CD;
10281 : FF;
10282 : B6;
10283 : 20;
10284 : 00;
10285 : 00;
10286 : 00;
10287 : 00;
10288 : 00;
10289 : 00;
10290 : 00;
10291 : 20;
10292 : 20;
10293 : 20;
10294 : 20;
10295 : 20;
10296 : 40;
10297 : 40;
10298 : 40;
10299 : 40;
10300 : 20;
10301 : 20;
10302 : 20;
10303 : 20;
10304 : 20;
10305 : 00;
10306 : 00;
10307 : 00;
10308 : 00;
10309 : 00;
10310 : 00;
10311 : 00;
10312 : 00;
10313 : 00;
10314 : 00;
10315 : 00;
10316 : 00;
10317 : 00;
10318 : 00;
10319 : 00;
10320 : 00;
10321 : 00;
10322 : 00;
10323 : 00;
10324 : 00;
10325 : 00;
10326 : 00;
10327 : 00;
10328 : 00;
10329 : 00;
10330 : 00;
10331 : 00;
10332 : 00;
10333 : 00;
10334 : 00;
10335 : 00;
10336 : 00;
10337 : 00;
10338 : 00;
10339 : 00;
10340 : 00;
10341 : 00;
10342 : 00;
10343 : 00;
10344 : 00;
10345 : 20;
10346 : 40;
10347 : 40;
10348 : 20;
10349 : 20;
10350 : 20;
10351 : 20;
10352 : 40;
10353 : 40;
10354 : 40;
10355 : 60;
10356 : 60;
10357 : B1;
10358 : FF;
10359 : D2;
10360 : A4;
10361 : A0;
10362 : A0;
10363 : A0;
10364 : A0;
10365 : A0;
10366 : A0;
10367 : A0;
10368 : A0;
10369 : A0;
10370 : A0;
10371 : A0;
10372 : A0;
10373 : A0;
10374 : A0;
10375 : A0;
10376 : A8;
10377 : F6;
10378 : FF;
10379 : FB;
10380 : C9;
10381 : A0;
10382 : A0;
10383 : A0;
10384 : A0;
10385 : A0;
10386 : A0;
10387 : A0;
10388 : A0;
10389 : CD;
10390 : FA;
10391 : FF;
10392 : CD;
10393 : A4;
10394 : A0;
10395 : A0;
10396 : A0;
10397 : A0;
10398 : A0;
10399 : A0;
10400 : A0;
10401 : A0;
10402 : A0;
10403 : A0;
10404 : A0;
10405 : A0;
10406 : A0;
10407 : A0;
10408 : A0;
10409 : A0;
10410 : A0;
10411 : A0;
10412 : A0;
10413 : A0;
10414 : A0;
10415 : A0;
10416 : A0;
10417 : A0;
10418 : A0;
10419 : A0;
10420 : A0;
10421 : A0;
10422 : A0;
10423 : A0;
10424 : A0;
10425 : A0;
10426 : A0;
10427 : A0;
10428 : A0;
10429 : A0;
10430 : A0;
10431 : A0;
10432 : A0;
10433 : A0;
10434 : A0;
10435 : A0;
10436 : A0;
10437 : A0;
10438 : A0;
10439 : A0;
10440 : A0;
10441 : A0;
10442 : A0;
10443 : A0;
10444 : A0;
10445 : A0;
10446 : A0;
10447 : A0;
10448 : A0;
10449 : A0;
10450 : A0;
10451 : A0;
10452 : A0;
10453 : A0;
10454 : A0;
10455 : A0;
10456 : A0;
10457 : A0;
10458 : A0;
10459 : A0;
10460 : A0;
10461 : A0;
10462 : A0;
10463 : A0;
10464 : A0;
10465 : A0;
10466 : A0;
10467 : A0;
10468 : A0;
10469 : A0;
10470 : A0;
10471 : A0;
10472 : A0;
10473 : A0;
10474 : A0;
10475 : A0;
10476 : A0;
10477 : A0;
10478 : A0;
10479 : A0;
10480 : A0;
10481 : A0;
10482 : A0;
10483 : A0;
10484 : A0;
10485 : A0;
10486 : A0;
10487 : A0;
10488 : A0;
10489 : A0;
10490 : A0;
10491 : A0;
10492 : A0;
10493 : A0;
10494 : A0;
10495 : A0;
10496 : A0;
10497 : A0;
10498 : A0;
10499 : A0;
10500 : A0;
10501 : A0;
10502 : A0;
10503 : A0;
10504 : A0;
10505 : A0;
10506 : A0;
10507 : A0;
10508 : A0;
10509 : A0;
10510 : A0;
10511 : A0;
10512 : A0;
10513 : A0;
10514 : A0;
10515 : A0;
10516 : A0;
10517 : A0;
10518 : A0;
10519 : A0;
10520 : CD;
10521 : FF;
10522 : B6;
10523 : 20;
10524 : 00;
10525 : 00;
10526 : 00;
10527 : 00;
10528 : 00;
10529 : 00;
10530 : 20;
10531 : 20;
10532 : 20;
10533 : 20;
10534 : 20;
10535 : 20;
10536 : 40;
10537 : 40;
10538 : 60;
10539 : 40;
10540 : 20;
10541 : 20;
10542 : 20;
10543 : 20;
10544 : 20;
10545 : 20;
10546 : 00;
10547 : 00;
10548 : 00;
10549 : 00;
10550 : 00;
10551 : 00;
10552 : 00;
10553 : 00;
10554 : 00;
10555 : 00;
10556 : 00;
10557 : 00;
10558 : 00;
10559 : 00;
10560 : 00;
10561 : 00;
10562 : 00;
10563 : 00;
10564 : 00;
10565 : 00;
10566 : 00;
10567 : 00;
10568 : 00;
10569 : 00;
10570 : 00;
10571 : 00;
10572 : 00;
10573 : 00;
10574 : 00;
10575 : 00;
10576 : 00;
10577 : 00;
10578 : 00;
10579 : 00;
10580 : 00;
10581 : 00;
10582 : 00;
10583 : 00;
10584 : 00;
10585 : 20;
10586 : 40;
10587 : 40;
10588 : 40;
10589 : 20;
10590 : 20;
10591 : 20;
10592 : 20;
10593 : 40;
10594 : 40;
10595 : 60;
10596 : 60;
10597 : B1;
10598 : FF;
10599 : D2;
10600 : A4;
10601 : A0;
10602 : A0;
10603 : A0;
10604 : A0;
10605 : A0;
10606 : A0;
10607 : A0;
10608 : A0;
10609 : A0;
10610 : A0;
10611 : A0;
10612 : A0;
10613 : A0;
10614 : A0;
10615 : A0;
10616 : A0;
10617 : A0;
10618 : A4;
10619 : C9;
10620 : D1;
10621 : CD;
10622 : A4;
10623 : A0;
10624 : A0;
10625 : A0;
10626 : A0;
10627 : A0;
10628 : A9;
10629 : CD;
10630 : A8;
10631 : A0;
10632 : A0;
10633 : A0;
10634 : A0;
10635 : A0;
10636 : A0;
10637 : A0;
10638 : A0;
10639 : A0;
10640 : A0;
10641 : A0;
10642 : A0;
10643 : A0;
10644 : A0;
10645 : A0;
10646 : A0;
10647 : A0;
10648 : A0;
10649 : A0;
10650 : A0;
10651 : A0;
10652 : A0;
10653 : A0;
10654 : A0;
10655 : A0;
10656 : A0;
10657 : A0;
10658 : A0;
10659 : A0;
10660 : A0;
10661 : A0;
10662 : A0;
10663 : A0;
10664 : A0;
10665 : A0;
10666 : A0;
10667 : A0;
10668 : A0;
10669 : A0;
10670 : A0;
10671 : A0;
10672 : A0;
10673 : A0;
10674 : A0;
10675 : A0;
10676 : A0;
10677 : A0;
10678 : A0;
10679 : A0;
10680 : A0;
10681 : A0;
10682 : A0;
10683 : A0;
10684 : A0;
10685 : A0;
10686 : A0;
10687 : A0;
10688 : A0;
10689 : A0;
10690 : A0;
10691 : A0;
10692 : A0;
10693 : A0;
10694 : A0;
10695 : A0;
10696 : A0;
10697 : A0;
10698 : A0;
10699 : A0;
10700 : A0;
10701 : A0;
10702 : A0;
10703 : A0;
10704 : A0;
10705 : A0;
10706 : A0;
10707 : A0;
10708 : A0;
10709 : A0;
10710 : A0;
10711 : A0;
10712 : A0;
10713 : A0;
10714 : A0;
10715 : A0;
10716 : A0;
10717 : A0;
10718 : A0;
10719 : A0;
10720 : A0;
10721 : A0;
10722 : A0;
10723 : A0;
10724 : A0;
10725 : A0;
10726 : A0;
10727 : A0;
10728 : A0;
10729 : A0;
10730 : A0;
10731 : A0;
10732 : A0;
10733 : A0;
10734 : A0;
10735 : A0;
10736 : A0;
10737 : A0;
10738 : A0;
10739 : A0;
10740 : A0;
10741 : A0;
10742 : A0;
10743 : A0;
10744 : A0;
10745 : A0;
10746 : A0;
10747 : A0;
10748 : A0;
10749 : A0;
10750 : A0;
10751 : A0;
10752 : A0;
10753 : A0;
10754 : A0;
10755 : A0;
10756 : A0;
10757 : A0;
10758 : A0;
10759 : A0;
10760 : CD;
10761 : FF;
10762 : B6;
10763 : 20;
10764 : 00;
10765 : 00;
10766 : 00;
10767 : 00;
10768 : 00;
10769 : 00;
10770 : 20;
10771 : 20;
10772 : 20;
10773 : 20;
10774 : 20;
10775 : 20;
10776 : 20;
10777 : 40;
10778 : 60;
10779 : 20;
10780 : 20;
10781 : 20;
10782 : 20;
10783 : 20;
10784 : 20;
10785 : 00;
10786 : 00;
10787 : 00;
10788 : 00;
10789 : 00;
10790 : 00;
10791 : 00;
10792 : 00;
10793 : 00;
10794 : 00;
10795 : 00;
10796 : 00;
10797 : 00;
10798 : 00;
10799 : 00;
10800 : 00;
10801 : 00;
10802 : 00;
10803 : 00;
10804 : 00;
10805 : 00;
10806 : 00;
10807 : 00;
10808 : 00;
10809 : 00;
10810 : 00;
10811 : 00;
10812 : 00;
10813 : 00;
10814 : 00;
10815 : 00;
10816 : 00;
10817 : 00;
10818 : 00;
10819 : 00;
10820 : 00;
10821 : 00;
10822 : 00;
10823 : 00;
10824 : 00;
10825 : 20;
10826 : 40;
10827 : 40;
10828 : 40;
10829 : 20;
10830 : 40;
10831 : 40;
10832 : 20;
10833 : 40;
10834 : 40;
10835 : 60;
10836 : 60;
10837 : B1;
10838 : FF;
10839 : D2;
10840 : A4;
10841 : A0;
10842 : A0;
10843 : A0;
10844 : A0;
10845 : A0;
10846 : A0;
10847 : A0;
10848 : A0;
10849 : A0;
10850 : A0;
10851 : A0;
10852 : A0;
10853 : A0;
10854 : A0;
10855 : A0;
10856 : A0;
10857 : A0;
10858 : A0;
10859 : A0;
10860 : A0;
10861 : A0;
10862 : A0;
10863 : A0;
10864 : A0;
10865 : A0;
10866 : A0;
10867 : A0;
10868 : A0;
10869 : A0;
10870 : A0;
10871 : A0;
10872 : A0;
10873 : A0;
10874 : A0;
10875 : A0;
10876 : A0;
10877 : A0;
10878 : A0;
10879 : A0;
10880 : A0;
10881 : A0;
10882 : A0;
10883 : A0;
10884 : A0;
10885 : A0;
10886 : A0;
10887 : A0;
10888 : A0;
10889 : A0;
10890 : A0;
10891 : A0;
10892 : A0;
10893 : A0;
10894 : A0;
10895 : A0;
10896 : A0;
10897 : A0;
10898 : A0;
10899 : A0;
10900 : A0;
10901 : A0;
10902 : A0;
10903 : A0;
10904 : A0;
10905 : A0;
10906 : A0;
10907 : A0;
10908 : A0;
10909 : A0;
10910 : A0;
10911 : A0;
10912 : A0;
10913 : A0;
10914 : A0;
10915 : A0;
10916 : A0;
10917 : A0;
10918 : A0;
10919 : A0;
10920 : A0;
10921 : A0;
10922 : A0;
10923 : A0;
10924 : A0;
10925 : A0;
10926 : A0;
10927 : A0;
10928 : A0;
10929 : A0;
10930 : A0;
10931 : A0;
10932 : A0;
10933 : A0;
10934 : A0;
10935 : A0;
10936 : A0;
10937 : A0;
10938 : A0;
10939 : A0;
10940 : A0;
10941 : A0;
10942 : A0;
10943 : A0;
10944 : A0;
10945 : A0;
10946 : A0;
10947 : A0;
10948 : A0;
10949 : A0;
10950 : A0;
10951 : A0;
10952 : A0;
10953 : A0;
10954 : A0;
10955 : A0;
10956 : A0;
10957 : A0;
10958 : A0;
10959 : A0;
10960 : A0;
10961 : A0;
10962 : A0;
10963 : A0;
10964 : A0;
10965 : A0;
10966 : A0;
10967 : A0;
10968 : A0;
10969 : A0;
10970 : A0;
10971 : A0;
10972 : A0;
10973 : A0;
10974 : A0;
10975 : A0;
10976 : A0;
10977 : A0;
10978 : A0;
10979 : A0;
10980 : A0;
10981 : A0;
10982 : A0;
10983 : A0;
10984 : A0;
10985 : A0;
10986 : A0;
10987 : A0;
10988 : A0;
10989 : A0;
10990 : A0;
10991 : A0;
10992 : A0;
10993 : A0;
10994 : A0;
10995 : A0;
10996 : A0;
10997 : A0;
10998 : A0;
10999 : A0;
11000 : CD;
11001 : FF;
11002 : B6;
11003 : 20;
11004 : 00;
11005 : 00;
11006 : 00;
11007 : 00;
11008 : 00;
11009 : 00;
11010 : 20;
11011 : 20;
11012 : 20;
11013 : 20;
11014 : 20;
11015 : 20;
11016 : 20;
11017 : 40;
11018 : 60;
11019 : 20;
11020 : 20;
11021 : 20;
11022 : 20;
11023 : 00;
11024 : 00;
11025 : 00;
11026 : 00;
11027 : 00;
11028 : 00;
11029 : 00;
11030 : 00;
11031 : 00;
11032 : 00;
11033 : 00;
11034 : 00;
11035 : 00;
11036 : 00;
11037 : 00;
11038 : 00;
11039 : 00;
11040 : 00;
11041 : 00;
11042 : 00;
11043 : 00;
11044 : 00;
11045 : 00;
11046 : 00;
11047 : 00;
11048 : 00;
11049 : 00;
11050 : 00;
11051 : 00;
11052 : 00;
11053 : 00;
11054 : 00;
11055 : 00;
11056 : 00;
11057 : 00;
11058 : 00;
11059 : 00;
11060 : 00;
11061 : 00;
11062 : 00;
11063 : 00;
11064 : 00;
11065 : 40;
11066 : 60;
11067 : 60;
11068 : 40;
11069 : 40;
11070 : 40;
11071 : 40;
11072 : 40;
11073 : 40;
11074 : 40;
11075 : 60;
11076 : 60;
11077 : B1;
11078 : FF;
11079 : D2;
11080 : A4;
11081 : A0;
11082 : A0;
11083 : A0;
11084 : A0;
11085 : A0;
11086 : A0;
11087 : A0;
11088 : A0;
11089 : A0;
11090 : A0;
11091 : A0;
11092 : A0;
11093 : A0;
11094 : A0;
11095 : A0;
11096 : A0;
11097 : A0;
11098 : A0;
11099 : A0;
11100 : A0;
11101 : A0;
11102 : A0;
11103 : A0;
11104 : A0;
11105 : A0;
11106 : A0;
11107 : A0;
11108 : A0;
11109 : A0;
11110 : A0;
11111 : A0;
11112 : A0;
11113 : A0;
11114 : A0;
11115 : A0;
11116 : A0;
11117 : A0;
11118 : A0;
11119 : A0;
11120 : A0;
11121 : A0;
11122 : A0;
11123 : A0;
11124 : A0;
11125 : A0;
11126 : A0;
11127 : A0;
11128 : A0;
11129 : A0;
11130 : A0;
11131 : A0;
11132 : A0;
11133 : A0;
11134 : A0;
11135 : A0;
11136 : A0;
11137 : A0;
11138 : A0;
11139 : A0;
11140 : A0;
11141 : A0;
11142 : A0;
11143 : A0;
11144 : A0;
11145 : A0;
11146 : A0;
11147 : A0;
11148 : A0;
11149 : A0;
11150 : A0;
11151 : A0;
11152 : A0;
11153 : A0;
11154 : A0;
11155 : A0;
11156 : A0;
11157 : A0;
11158 : A0;
11159 : A0;
11160 : A0;
11161 : A0;
11162 : A0;
11163 : A0;
11164 : A0;
11165 : A0;
11166 : A0;
11167 : A0;
11168 : A0;
11169 : A0;
11170 : A0;
11171 : A0;
11172 : A0;
11173 : A0;
11174 : A0;
11175 : A0;
11176 : A0;
11177 : A0;
11178 : A0;
11179 : A0;
11180 : A0;
11181 : A0;
11182 : A0;
11183 : A0;
11184 : A0;
11185 : A0;
11186 : A0;
11187 : A0;
11188 : A0;
11189 : A0;
11190 : A0;
11191 : A0;
11192 : A0;
11193 : A0;
11194 : A0;
11195 : A0;
11196 : A0;
11197 : A0;
11198 : A0;
11199 : A0;
11200 : A0;
11201 : A0;
11202 : A0;
11203 : A0;
11204 : A0;
11205 : A0;
11206 : A0;
11207 : A0;
11208 : A0;
11209 : A0;
11210 : A0;
11211 : A0;
11212 : A0;
11213 : A0;
11214 : A0;
11215 : A0;
11216 : A0;
11217 : A0;
11218 : A0;
11219 : A0;
11220 : A0;
11221 : A0;
11222 : A0;
11223 : A0;
11224 : A0;
11225 : A0;
11226 : A0;
11227 : A0;
11228 : A0;
11229 : A0;
11230 : A0;
11231 : A0;
11232 : A0;
11233 : A0;
11234 : A0;
11235 : A0;
11236 : A0;
11237 : A0;
11238 : A0;
11239 : A0;
11240 : CD;
11241 : FF;
11242 : B6;
11243 : 20;
11244 : 00;
11245 : 00;
11246 : 00;
11247 : 00;
11248 : 00;
11249 : 00;
11250 : 20;
11251 : 20;
11252 : 20;
11253 : 20;
11254 : 20;
11255 : 20;
11256 : 20;
11257 : 60;
11258 : 60;
11259 : 20;
11260 : 20;
11261 : 20;
11262 : 00;
11263 : 00;
11264 : 00;
11265 : 00;
11266 : 00;
11267 : 00;
11268 : 00;
11269 : 00;
11270 : 00;
11271 : 00;
11272 : 00;
11273 : 00;
11274 : 00;
11275 : 00;
11276 : 00;
11277 : 00;
11278 : 00;
11279 : 00;
11280 : 00;
11281 : 00;
11282 : 00;
11283 : 00;
11284 : 00;
11285 : 00;
11286 : 00;
11287 : 00;
11288 : 00;
11289 : 00;
11290 : 00;
11291 : 00;
11292 : 00;
11293 : 00;
11294 : 00;
11295 : 00;
11296 : 00;
11297 : 00;
11298 : 00;
11299 : 00;
11300 : 00;
11301 : 00;
11302 : 00;
11303 : 00;
11304 : 00;
11305 : 20;
11306 : 40;
11307 : 60;
11308 : 40;
11309 : 40;
11310 : 40;
11311 : 40;
11312 : 40;
11313 : 40;
11314 : 40;
11315 : 60;
11316 : 60;
11317 : B1;
11318 : FF;
11319 : D2;
11320 : A4;
11321 : A0;
11322 : A0;
11323 : A0;
11324 : A0;
11325 : A0;
11326 : A0;
11327 : A0;
11328 : A0;
11329 : A0;
11330 : A0;
11331 : A0;
11332 : A0;
11333 : A0;
11334 : A0;
11335 : A0;
11336 : A0;
11337 : A0;
11338 : A0;
11339 : A0;
11340 : A0;
11341 : A0;
11342 : A0;
11343 : A0;
11344 : A0;
11345 : A0;
11346 : A0;
11347 : A0;
11348 : A0;
11349 : A0;
11350 : A0;
11351 : A0;
11352 : A0;
11353 : A0;
11354 : A0;
11355 : A0;
11356 : A0;
11357 : A0;
11358 : A0;
11359 : A0;
11360 : A0;
11361 : A0;
11362 : A0;
11363 : A0;
11364 : A0;
11365 : A0;
11366 : A0;
11367 : A0;
11368 : A0;
11369 : A0;
11370 : A0;
11371 : A0;
11372 : A0;
11373 : A0;
11374 : A0;
11375 : A0;
11376 : A0;
11377 : A0;
11378 : A0;
11379 : A0;
11380 : A0;
11381 : A0;
11382 : A0;
11383 : A0;
11384 : A0;
11385 : A0;
11386 : A0;
11387 : A0;
11388 : A0;
11389 : A0;
11390 : A0;
11391 : A0;
11392 : A0;
11393 : A0;
11394 : A0;
11395 : A0;
11396 : A0;
11397 : A0;
11398 : A0;
11399 : A0;
11400 : A0;
11401 : A0;
11402 : A0;
11403 : A0;
11404 : A0;
11405 : A0;
11406 : A0;
11407 : A0;
11408 : A0;
11409 : A0;
11410 : A0;
11411 : A0;
11412 : A0;
11413 : A0;
11414 : A0;
11415 : A0;
11416 : A0;
11417 : A0;
11418 : A0;
11419 : A0;
11420 : A0;
11421 : A0;
11422 : A0;
11423 : A0;
11424 : A0;
11425 : A0;
11426 : A0;
11427 : A0;
11428 : A0;
11429 : A0;
11430 : A0;
11431 : A0;
11432 : A0;
11433 : A0;
11434 : A0;
11435 : A0;
11436 : A0;
11437 : A0;
11438 : A0;
11439 : A0;
11440 : A0;
11441 : A0;
11442 : A0;
11443 : A0;
11444 : A0;
11445 : A0;
11446 : A0;
11447 : A0;
11448 : A0;
11449 : A0;
11450 : A0;
11451 : A0;
11452 : A0;
11453 : A0;
11454 : A0;
11455 : A0;
11456 : A0;
11457 : A0;
11458 : A0;
11459 : A0;
11460 : A0;
11461 : A0;
11462 : A0;
11463 : A0;
11464 : A0;
11465 : A0;
11466 : A0;
11467 : A0;
11468 : A0;
11469 : A0;
11470 : A0;
11471 : A0;
11472 : A0;
11473 : A0;
11474 : A0;
11475 : A0;
11476 : A0;
11477 : A0;
11478 : A0;
11479 : A0;
11480 : CD;
11481 : FF;
11482 : B6;
11483 : 20;
11484 : 00;
11485 : 00;
11486 : 00;
11487 : 00;
11488 : 00;
11489 : 20;
11490 : 20;
11491 : 20;
11492 : 20;
11493 : 20;
11494 : 00;
11495 : 20;
11496 : 40;
11497 : 60;
11498 : 60;
11499 : 20;
11500 : 20;
11501 : 00;
11502 : 00;
11503 : 00;
11504 : 00;
11505 : 00;
11506 : 00;
11507 : 00;
11508 : 00;
11509 : 00;
11510 : 00;
11511 : 00;
11512 : 00;
11513 : 00;
11514 : 00;
11515 : 00;
11516 : 00;
11517 : 00;
11518 : 00;
11519 : 00;
11520 : 00;
11521 : 00;
11522 : 00;
11523 : 00;
11524 : 00;
11525 : 00;
11526 : 00;
11527 : 00;
11528 : 00;
11529 : 00;
11530 : 00;
11531 : 00;
11532 : 00;
11533 : 00;
11534 : 00;
11535 : 00;
11536 : 00;
11537 : 00;
11538 : 00;
11539 : 00;
11540 : 00;
11541 : 00;
11542 : 00;
11543 : 00;
11544 : 00;
11545 : 20;
11546 : 40;
11547 : 60;
11548 : 60;
11549 : 40;
11550 : 60;
11551 : 60;
11552 : 40;
11553 : 40;
11554 : 60;
11555 : 60;
11556 : 40;
11557 : AD;
11558 : FF;
11559 : FA;
11560 : C9;
11561 : 80;
11562 : A0;
11563 : A0;
11564 : A0;
11565 : A0;
11566 : A0;
11567 : A0;
11568 : A0;
11569 : A0;
11570 : A0;
11571 : A0;
11572 : A0;
11573 : A0;
11574 : A0;
11575 : A0;
11576 : A0;
11577 : A0;
11578 : A0;
11579 : A0;
11580 : A0;
11581 : A0;
11582 : A0;
11583 : A0;
11584 : A0;
11585 : A0;
11586 : A0;
11587 : A0;
11588 : A0;
11589 : A0;
11590 : A0;
11591 : A0;
11592 : A0;
11593 : A0;
11594 : A0;
11595 : A0;
11596 : A0;
11597 : A0;
11598 : A0;
11599 : A0;
11600 : A0;
11601 : A0;
11602 : A0;
11603 : A0;
11604 : A0;
11605 : A0;
11606 : A0;
11607 : A0;
11608 : A0;
11609 : A0;
11610 : A0;
11611 : A0;
11612 : A0;
11613 : A0;
11614 : A0;
11615 : A0;
11616 : A0;
11617 : A0;
11618 : A0;
11619 : A0;
11620 : A0;
11621 : A0;
11622 : A0;
11623 : A0;
11624 : A0;
11625 : A0;
11626 : A0;
11627 : A0;
11628 : A0;
11629 : A0;
11630 : A0;
11631 : A0;
11632 : A0;
11633 : A0;
11634 : A0;
11635 : A0;
11636 : A0;
11637 : A0;
11638 : A0;
11639 : A0;
11640 : A0;
11641 : A0;
11642 : A0;
11643 : A0;
11644 : A0;
11645 : A0;
11646 : A0;
11647 : A0;
11648 : A0;
11649 : A0;
11650 : A0;
11651 : A0;
11652 : A0;
11653 : A0;
11654 : A0;
11655 : A0;
11656 : A0;
11657 : A0;
11658 : A0;
11659 : A0;
11660 : A0;
11661 : A0;
11662 : A0;
11663 : A0;
11664 : A0;
11665 : A0;
11666 : A0;
11667 : A0;
11668 : A0;
11669 : A0;
11670 : A0;
11671 : A0;
11672 : A0;
11673 : A0;
11674 : A0;
11675 : A0;
11676 : A0;
11677 : A0;
11678 : A0;
11679 : A0;
11680 : A0;
11681 : A0;
11682 : A0;
11683 : A0;
11684 : A0;
11685 : A0;
11686 : A0;
11687 : A0;
11688 : A0;
11689 : A0;
11690 : A0;
11691 : A0;
11692 : A0;
11693 : A0;
11694 : A0;
11695 : A0;
11696 : A0;
11697 : A0;
11698 : A0;
11699 : A0;
11700 : A0;
11701 : A0;
11702 : A0;
11703 : A0;
11704 : A0;
11705 : A0;
11706 : A0;
11707 : A0;
11708 : A0;
11709 : A0;
11710 : A0;
11711 : A0;
11712 : A0;
11713 : A0;
11714 : A0;
11715 : A0;
11716 : A0;
11717 : A0;
11718 : A0;
11719 : A4;
11720 : D2;
11721 : FF;
11722 : 92;
11723 : 20;
11724 : 00;
11725 : 00;
11726 : 00;
11727 : 00;
11728 : 00;
11729 : 20;
11730 : 20;
11731 : 20;
11732 : 20;
11733 : 00;
11734 : 00;
11735 : 20;
11736 : 60;
11737 : 60;
11738 : 40;
11739 : 20;
11740 : 00;
11741 : 20;
11742 : 20;
11743 : 20;
11744 : 00;
11745 : 00;
11746 : 00;
11747 : 00;
11748 : 00;
11749 : 00;
11750 : 00;
11751 : 00;
11752 : 00;
11753 : 00;
11754 : 00;
11755 : 00;
11756 : 00;
11757 : 00;
11758 : 00;
11759 : 00;
11760 : 00;
11761 : 00;
11762 : 00;
11763 : 00;
11764 : 00;
11765 : 00;
11766 : 00;
11767 : 00;
11768 : 00;
11769 : 00;
11770 : 00;
11771 : 00;
11772 : 00;
11773 : 00;
11774 : 00;
11775 : 00;
11776 : 00;
11777 : 00;
11778 : 00;
11779 : 00;
11780 : 20;
11781 : 20;
11782 : 20;
11783 : 20;
11784 : 00;
11785 : 20;
11786 : 40;
11787 : 60;
11788 : 60;
11789 : 60;
11790 : 60;
11791 : 60;
11792 : 60;
11793 : 60;
11794 : 60;
11795 : 60;
11796 : 40;
11797 : 44;
11798 : 91;
11799 : FF;
11800 : FF;
11801 : D6;
11802 : CD;
11803 : CD;
11804 : CD;
11805 : CD;
11806 : CD;
11807 : CD;
11808 : CD;
11809 : CD;
11810 : CD;
11811 : CD;
11812 : CD;
11813 : CD;
11814 : CD;
11815 : CD;
11816 : CD;
11817 : CD;
11818 : CD;
11819 : CD;
11820 : CD;
11821 : CD;
11822 : CD;
11823 : CD;
11824 : CD;
11825 : CD;
11826 : CD;
11827 : CD;
11828 : CD;
11829 : CD;
11830 : CD;
11831 : CD;
11832 : CD;
11833 : CD;
11834 : CD;
11835 : CD;
11836 : CD;
11837 : CD;
11838 : CD;
11839 : CD;
11840 : CD;
11841 : CD;
11842 : CD;
11843 : CD;
11844 : CD;
11845 : CD;
11846 : CD;
11847 : CD;
11848 : CD;
11849 : CD;
11850 : CD;
11851 : CD;
11852 : CD;
11853 : CD;
11854 : CD;
11855 : CD;
11856 : CD;
11857 : CD;
11858 : CD;
11859 : CD;
11860 : CD;
11861 : CD;
11862 : CD;
11863 : CD;
11864 : CD;
11865 : CD;
11866 : CD;
11867 : CD;
11868 : CD;
11869 : CD;
11870 : CD;
11871 : CD;
11872 : CD;
11873 : CD;
11874 : CD;
11875 : CD;
11876 : CD;
11877 : CD;
11878 : CD;
11879 : CD;
11880 : CD;
11881 : CD;
11882 : CD;
11883 : CD;
11884 : CD;
11885 : CD;
11886 : CD;
11887 : CD;
11888 : CD;
11889 : CD;
11890 : CD;
11891 : CD;
11892 : CD;
11893 : CD;
11894 : CD;
11895 : CD;
11896 : CD;
11897 : CD;
11898 : CD;
11899 : CD;
11900 : CD;
11901 : CD;
11902 : CD;
11903 : CD;
11904 : CD;
11905 : CD;
11906 : CD;
11907 : CD;
11908 : CD;
11909 : CD;
11910 : CD;
11911 : CD;
11912 : CD;
11913 : CD;
11914 : CD;
11915 : CD;
11916 : CD;
11917 : CD;
11918 : CD;
11919 : CD;
11920 : CD;
11921 : CD;
11922 : CD;
11923 : CD;
11924 : CD;
11925 : CD;
11926 : CD;
11927 : CD;
11928 : CD;
11929 : CD;
11930 : CD;
11931 : CD;
11932 : CD;
11933 : CD;
11934 : CD;
11935 : CD;
11936 : CD;
11937 : CD;
11938 : CD;
11939 : CD;
11940 : CD;
11941 : CD;
11942 : CD;
11943 : CD;
11944 : CD;
11945 : CD;
11946 : CD;
11947 : CD;
11948 : CD;
11949 : CD;
11950 : CD;
11951 : CD;
11952 : CD;
11953 : CD;
11954 : CD;
11955 : CD;
11956 : CD;
11957 : CD;
11958 : D2;
11959 : FB;
11960 : FF;
11961 : B6;
11962 : 44;
11963 : 00;
11964 : 00;
11965 : 00;
11966 : 00;
11967 : 00;
11968 : 20;
11969 : 20;
11970 : 20;
11971 : 20;
11972 : 20;
11973 : 00;
11974 : 20;
11975 : 40;
11976 : 60;
11977 : 60;
11978 : 20;
11979 : 20;
11980 : 20;
11981 : 20;
11982 : 20;
11983 : 20;
11984 : 00;
11985 : 00;
11986 : 00;
11987 : 00;
11988 : 00;
11989 : 00;
11990 : 00;
11991 : 00;
11992 : 00;
11993 : 00;
11994 : 00;
11995 : 00;
11996 : 00;
11997 : 00;
11998 : 00;
11999 : 00;
12000 : 00;
12001 : 00;
12002 : 00;
12003 : 00;
12004 : 00;
12005 : 00;
12006 : 00;
12007 : 00;
12008 : 00;
12009 : 00;
12010 : 00;
12011 : 00;
12012 : 00;
12013 : 00;
12014 : 00;
12015 : 00;
12016 : 00;
12017 : 00;
12018 : 00;
12019 : 20;
12020 : 20;
12021 : 20;
12022 : 20;
12023 : 20;
12024 : 20;
12025 : 20;
12026 : 20;
12027 : 40;
12028 : 60;
12029 : 80;
12030 : 80;
12031 : 80;
12032 : 60;
12033 : 60;
12034 : 60;
12035 : 60;
12036 : 40;
12037 : 20;
12038 : 20;
12039 : 69;
12040 : B6;
12041 : FF;
12042 : FF;
12043 : FF;
12044 : FF;
12045 : FF;
12046 : FF;
12047 : FF;
12048 : FF;
12049 : FF;
12050 : FF;
12051 : FF;
12052 : FF;
12053 : FF;
12054 : FF;
12055 : FF;
12056 : FF;
12057 : FF;
12058 : FF;
12059 : FF;
12060 : FF;
12061 : FF;
12062 : FF;
12063 : FF;
12064 : FF;
12065 : FF;
12066 : FF;
12067 : FF;
12068 : FF;
12069 : FF;
12070 : FF;
12071 : FF;
12072 : FF;
12073 : FF;
12074 : FF;
12075 : FF;
12076 : FF;
12077 : FF;
12078 : FF;
12079 : FF;
12080 : FF;
12081 : FF;
12082 : FF;
12083 : FF;
12084 : FF;
12085 : FF;
12086 : FF;
12087 : FF;
12088 : FF;
12089 : FF;
12090 : FF;
12091 : FF;
12092 : FF;
12093 : FF;
12094 : FF;
12095 : FF;
12096 : FF;
12097 : FF;
12098 : FF;
12099 : FF;
12100 : FF;
12101 : FF;
12102 : FF;
12103 : FF;
12104 : FF;
12105 : FF;
12106 : FF;
12107 : FF;
12108 : FF;
12109 : FF;
12110 : FF;
12111 : FF;
12112 : FF;
12113 : FF;
12114 : FF;
12115 : FF;
12116 : FF;
12117 : FF;
12118 : FF;
12119 : FF;
12120 : FF;
12121 : FF;
12122 : FF;
12123 : FF;
12124 : FF;
12125 : FF;
12126 : FF;
12127 : FF;
12128 : FF;
12129 : FF;
12130 : FF;
12131 : FF;
12132 : FF;
12133 : FF;
12134 : FF;
12135 : FF;
12136 : FF;
12137 : FF;
12138 : FF;
12139 : FF;
12140 : FF;
12141 : FF;
12142 : FF;
12143 : FF;
12144 : FF;
12145 : FF;
12146 : FF;
12147 : FF;
12148 : FF;
12149 : FF;
12150 : FF;
12151 : FF;
12152 : FF;
12153 : FF;
12154 : FF;
12155 : FF;
12156 : FF;
12157 : FF;
12158 : FF;
12159 : FF;
12160 : FF;
12161 : FF;
12162 : FF;
12163 : FF;
12164 : FF;
12165 : FF;
12166 : FF;
12167 : FF;
12168 : FF;
12169 : FF;
12170 : FF;
12171 : FF;
12172 : FF;
12173 : FF;
12174 : FF;
12175 : FF;
12176 : FF;
12177 : FF;
12178 : FF;
12179 : FF;
12180 : FF;
12181 : FF;
12182 : FF;
12183 : FF;
12184 : FF;
12185 : FF;
12186 : FF;
12187 : FF;
12188 : FF;
12189 : FF;
12190 : FF;
12191 : FF;
12192 : FF;
12193 : FF;
12194 : FF;
12195 : FF;
12196 : FF;
12197 : FF;
12198 : FF;
12199 : DA;
12200 : 6D;
12201 : 20;
12202 : 00;
12203 : 00;
12204 : 00;
12205 : 00;
12206 : 00;
12207 : 00;
12208 : 20;
12209 : 20;
12210 : 20;
12211 : 20;
12212 : 20;
12213 : 20;
12214 : 40;
12215 : 60;
12216 : 60;
12217 : 40;
12218 : 20;
12219 : 20;
12220 : 20;
12221 : 20;
12222 : 00;
12223 : 00;
12224 : 00;
12225 : 00;
12226 : 00;
12227 : 00;
12228 : 00;
12229 : 00;
12230 : 00;
12231 : 00;
12232 : 00;
12233 : 00;
12234 : 00;
12235 : 00;
12236 : 00;
12237 : 00;
12238 : 00;
12239 : 00;
12240 : 00;
12241 : 00;
12242 : 00;
12243 : 00;
12244 : 00;
12245 : 00;
12246 : 00;
12247 : 00;
12248 : 00;
12249 : 00;
12250 : 00;
12251 : 00;
12252 : 00;
12253 : 00;
12254 : 00;
12255 : 00;
12256 : 00;
12257 : 00;
12258 : 00;
12259 : 20;
12260 : 20;
12261 : 20;
12262 : 20;
12263 : 20;
12264 : 20;
12265 : 20;
12266 : 20;
12267 : 40;
12268 : 60;
12269 : 80;
12270 : A0;
12271 : 80;
12272 : 60;
12273 : 60;
12274 : 60;
12275 : 60;
12276 : 40;
12277 : 40;
12278 : 40;
12279 : 20;
12280 : 20;
12281 : 20;
12282 : 40;
12283 : 40;
12284 : 20;
12285 : 20;
12286 : 20;
12287 : 20;
12288 : 20;
12289 : 20;
12290 : 20;
12291 : 20;
12292 : 20;
12293 : 20;
12294 : 20;
12295 : 20;
12296 : 00;
12297 : 00;
12298 : 00;
12299 : 00;
12300 : 00;
12301 : 00;
12302 : 00;
12303 : 00;
12304 : 00;
12305 : 00;
12306 : 00;
12307 : 00;
12308 : 00;
12309 : 00;
12310 : 00;
12311 : 00;
12312 : 00;
12313 : 00;
12314 : 00;
12315 : 00;
12316 : 00;
12317 : 00;
12318 : 00;
12319 : 00;
12320 : 00;
12321 : 00;
12322 : 00;
12323 : 00;
12324 : 00;
12325 : 00;
12326 : 00;
12327 : 00;
12328 : 00;
12329 : 20;
12330 : 20;
12331 : 20;
12332 : 20;
12333 : 20;
12334 : 20;
12335 : 20;
12336 : 20;
12337 : 40;
12338 : 40;
12339 : 20;
12340 : 20;
12341 : 20;
12342 : 20;
12343 : 20;
12344 : 20;
12345 : 20;
12346 : 20;
12347 : 00;
12348 : 00;
12349 : 00;
12350 : 00;
12351 : 00;
12352 : 00;
12353 : 00;
12354 : 00;
12355 : 00;
12356 : 00;
12357 : 00;
12358 : 00;
12359 : 00;
12360 : 00;
12361 : 00;
12362 : 00;
12363 : 00;
12364 : 00;
12365 : 00;
12366 : 00;
12367 : 00;
12368 : 00;
12369 : 00;
12370 : 20;
12371 : 20;
12372 : 20;
12373 : 20;
12374 : 20;
12375 : 20;
12376 : 20;
12377 : 20;
12378 : 20;
12379 : 20;
12380 : 20;
12381 : 40;
12382 : 40;
12383 : 40;
12384 : 20;
12385 : 20;
12386 : 20;
12387 : 20;
12388 : 20;
12389 : 20;
12390 : 00;
12391 : 00;
12392 : 00;
12393 : 00;
12394 : 00;
12395 : 00;
12396 : 00;
12397 : 00;
12398 : 00;
12399 : 00;
12400 : 00;
12401 : 00;
12402 : 00;
12403 : 00;
12404 : 00;
12405 : 00;
12406 : 00;
12407 : 00;
12408 : 00;
12409 : 00;
12410 : 00;
12411 : 00;
12412 : 00;
12413 : 00;
12414 : 00;
12415 : 00;
12416 : 00;
12417 : 00;
12418 : 00;
12419 : 00;
12420 : 00;
12421 : 00;
12422 : 00;
12423 : 00;
12424 : 00;
12425 : 00;
12426 : 00;
12427 : 00;
12428 : 00;
12429 : 00;
12430 : 00;
12431 : 00;
12432 : 00;
12433 : 00;
12434 : 00;
12435 : 00;
12436 : 00;
12437 : 00;
12438 : 00;
12439 : 00;
12440 : 00;
12441 : 00;
12442 : 00;
12443 : 00;
12444 : 00;
12445 : 00;
12446 : 00;
12447 : 20;
12448 : 20;
12449 : 20;
12450 : 20;
12451 : 20;
12452 : 20;
12453 : 40;
12454 : 60;
12455 : 60;
12456 : 40;
12457 : 20;
12458 : 20;
12459 : 20;
12460 : 20;
12461 : 20;
12462 : 00;
12463 : 00;
12464 : 00;
12465 : 00;
12466 : 00;
12467 : 00;
12468 : 00;
12469 : 00;
12470 : 00;
12471 : 00;
12472 : 00;
12473 : 00;
12474 : 00;
12475 : 00;
12476 : 00;
12477 : 00;
12478 : 00;
12479 : 00;
12480 : 00;
12481 : 00;
12482 : 00;
12483 : 00;
12484 : 00;
12485 : 00;
12486 : 00;
12487 : 00;
12488 : 00;
12489 : 00;
12490 : 00;
12491 : 00;
12492 : 00;
12493 : 00;
12494 : 00;
12495 : 00;
12496 : 00;
12497 : 00;
12498 : 00;
12499 : 20;
12500 : 20;
12501 : 20;
12502 : 20;
12503 : 20;
12504 : 20;
12505 : 20;
12506 : 20;
12507 : 20;
12508 : 40;
12509 : 80;
12510 : A0;
12511 : 80;
12512 : 80;
12513 : 60;
12514 : 60;
12515 : 60;
12516 : 40;
12517 : 40;
12518 : 40;
12519 : 40;
12520 : 20;
12521 : 20;
12522 : 40;
12523 : 20;
12524 : 20;
12525 : 20;
12526 : 20;
12527 : 20;
12528 : 20;
12529 : 20;
12530 : 20;
12531 : 20;
12532 : 20;
12533 : 20;
12534 : 00;
12535 : 00;
12536 : 00;
12537 : 00;
12538 : 00;
12539 : 00;
12540 : 00;
12541 : 00;
12542 : 00;
12543 : 00;
12544 : 00;
12545 : 00;
12546 : 00;
12547 : 00;
12548 : 00;
12549 : 00;
12550 : 00;
12551 : 00;
12552 : 00;
12553 : 00;
12554 : 00;
12555 : 00;
12556 : 00;
12557 : 00;
12558 : 00;
12559 : 00;
12560 : 00;
12561 : 00;
12562 : 00;
12563 : 00;
12564 : 00;
12565 : 00;
12566 : 00;
12567 : 00;
12568 : 00;
12569 : 20;
12570 : 20;
12571 : 20;
12572 : 20;
12573 : 20;
12574 : 20;
12575 : 20;
12576 : 40;
12577 : 40;
12578 : 40;
12579 : 20;
12580 : 20;
12581 : 20;
12582 : 20;
12583 : 20;
12584 : 20;
12585 : 20;
12586 : 20;
12587 : 00;
12588 : 00;
12589 : 00;
12590 : 00;
12591 : 00;
12592 : 00;
12593 : 00;
12594 : 00;
12595 : 00;
12596 : 00;
12597 : 00;
12598 : 00;
12599 : 00;
12600 : 00;
12601 : 00;
12602 : 00;
12603 : 00;
12604 : 00;
12605 : 00;
12606 : 00;
12607 : 00;
12608 : 00;
12609 : 00;
12610 : 00;
12611 : 20;
12612 : 20;
12613 : 20;
12614 : 20;
12615 : 20;
12616 : 20;
12617 : 20;
12618 : 20;
12619 : 20;
12620 : 20;
12621 : 40;
12622 : 40;
12623 : 40;
12624 : 20;
12625 : 20;
12626 : 20;
12627 : 00;
12628 : 00;
12629 : 00;
12630 : 00;
12631 : 00;
12632 : 00;
12633 : 00;
12634 : 00;
12635 : 00;
12636 : 00;
12637 : 00;
12638 : 00;
12639 : 00;
12640 : 00;
12641 : 00;
12642 : 00;
12643 : 00;
12644 : 00;
12645 : 00;
12646 : 00;
12647 : 00;
12648 : 00;
12649 : 00;
12650 : 00;
12651 : 00;
12652 : 00;
12653 : 00;
12654 : 00;
12655 : 00;
12656 : 00;
12657 : 00;
12658 : 00;
12659 : 00;
12660 : 00;
12661 : 00;
12662 : 00;
12663 : 00;
12664 : 00;
12665 : 00;
12666 : 00;
12667 : 00;
12668 : 00;
12669 : 00;
12670 : 00;
12671 : 00;
12672 : 00;
12673 : 00;
12674 : 00;
12675 : 00;
12676 : 00;
12677 : 00;
12678 : 00;
12679 : 00;
12680 : 00;
12681 : 00;
12682 : 00;
12683 : 00;
12684 : 00;
12685 : 00;
12686 : 20;
12687 : 20;
12688 : 20;
12689 : 20;
12690 : 20;
12691 : 40;
12692 : 40;
12693 : 60;
12694 : 60;
12695 : 40;
12696 : 20;
12697 : 20;
12698 : 20;
12699 : 20;
12700 : 20;
12701 : 20;
12702 : 00;
12703 : 00;
12704 : 00;
12705 : 00;
12706 : 00;
12707 : 00;
12708 : 00;
12709 : 00;
12710 : 00;
12711 : 00;
12712 : 00;
12713 : 00;
12714 : 00;
12715 : 00;
12716 : 00;
12717 : 00;
12718 : 00;
12719 : 00;
12720 : 00;
12721 : 00;
12722 : 00;
12723 : 00;
12724 : 00;
12725 : 00;
12726 : 00;
12727 : 00;
12728 : 00;
12729 : 00;
12730 : 00;
12731 : 00;
12732 : 00;
12733 : 00;
12734 : 00;
12735 : 00;
12736 : 00;
12737 : 00;
12738 : 00;
12739 : 20;
12740 : 20;
12741 : 20;
12742 : 20;
12743 : 20;
12744 : 20;
12745 : 20;
12746 : 20;
12747 : 20;
12748 : 40;
12749 : 80;
12750 : A0;
12751 : A0;
12752 : 80;
12753 : 60;
12754 : 60;
12755 : 60;
12756 : 60;
12757 : 40;
12758 : 40;
12759 : 40;
12760 : 40;
12761 : 40;
12762 : 40;
12763 : 20;
12764 : 20;
12765 : 20;
12766 : 20;
12767 : 20;
12768 : 20;
12769 : 20;
12770 : 20;
12771 : 20;
12772 : 20;
12773 : 20;
12774 : 20;
12775 : 20;
12776 : 00;
12777 : 00;
12778 : 00;
12779 : 00;
12780 : 00;
12781 : 00;
12782 : 00;
12783 : 00;
12784 : 00;
12785 : 00;
12786 : 00;
12787 : 00;
12788 : 00;
12789 : 00;
12790 : 00;
12791 : 00;
12792 : 00;
12793 : 00;
12794 : 00;
12795 : 00;
12796 : 00;
12797 : 00;
12798 : 00;
12799 : 00;
12800 : 00;
12801 : 00;
12802 : 00;
12803 : 00;
12804 : 00;
12805 : 00;
12806 : 00;
12807 : 20;
12808 : 20;
12809 : 20;
12810 : 20;
12811 : 20;
12812 : 20;
12813 : 20;
12814 : 20;
12815 : 20;
12816 : 40;
12817 : 40;
12818 : 40;
12819 : 40;
12820 : 20;
12821 : 20;
12822 : 20;
12823 : 20;
12824 : 20;
12825 : 20;
12826 : 20;
12827 : 20;
12828 : 00;
12829 : 00;
12830 : 00;
12831 : 00;
12832 : 00;
12833 : 00;
12834 : 00;
12835 : 00;
12836 : 00;
12837 : 00;
12838 : 00;
12839 : 00;
12840 : 00;
12841 : 00;
12842 : 00;
12843 : 00;
12844 : 00;
12845 : 00;
12846 : 00;
12847 : 00;
12848 : 00;
12849 : 00;
12850 : 00;
12851 : 20;
12852 : 20;
12853 : 20;
12854 : 20;
12855 : 20;
12856 : 20;
12857 : 20;
12858 : 20;
12859 : 20;
12860 : 20;
12861 : 40;
12862 : 40;
12863 : 40;
12864 : 40;
12865 : 20;
12866 : 20;
12867 : 20;
12868 : 00;
12869 : 00;
12870 : 00;
12871 : 00;
12872 : 00;
12873 : 00;
12874 : 00;
12875 : 00;
12876 : 00;
12877 : 00;
12878 : 00;
12879 : 00;
12880 : 00;
12881 : 00;
12882 : 00;
12883 : 00;
12884 : 00;
12885 : 00;
12886 : 00;
12887 : 00;
12888 : 00;
12889 : 00;
12890 : 00;
12891 : 00;
12892 : 00;
12893 : 00;
12894 : 00;
12895 : 00;
12896 : 00;
12897 : 00;
12898 : 00;
12899 : 00;
12900 : 00;
12901 : 00;
12902 : 00;
12903 : 00;
12904 : 00;
12905 : 00;
12906 : 00;
12907 : 00;
12908 : 00;
12909 : 00;
12910 : 00;
12911 : 00;
12912 : 00;
12913 : 00;
12914 : 00;
12915 : 00;
12916 : 00;
12917 : 00;
12918 : 00;
12919 : 00;
12920 : 00;
12921 : 00;
12922 : 00;
12923 : 00;
12924 : 20;
12925 : 20;
12926 : 20;
12927 : 20;
12928 : 20;
12929 : 40;
12930 : 40;
12931 : 40;
12932 : 60;
12933 : 60;
12934 : 40;
12935 : 20;
12936 : 20;
12937 : 20;
12938 : 20;
12939 : 20;
12940 : 20;
12941 : 00;
12942 : 00;
12943 : 00;
12944 : 00;
12945 : 00;
12946 : 00;
12947 : 00;
12948 : 00;
12949 : 00;
12950 : 00;
12951 : 00;
12952 : 00;
12953 : 00;
12954 : 00;
12955 : 00;
12956 : 00;
12957 : 00;
12958 : 00;
12959 : 00;
12960 : 00;
12961 : 00;
12962 : 00;
12963 : 00;
12964 : 00;
12965 : 00;
12966 : 00;
12967 : 00;
12968 : 00;
12969 : 00;
12970 : 00;
12971 : 00;
12972 : 00;
12973 : 00;
12974 : 00;
12975 : 00;
12976 : 00;
12977 : 00;
12978 : 20;
12979 : 20;
12980 : 20;
12981 : 20;
12982 : 20;
12983 : 20;
12984 : 20;
12985 : 20;
12986 : 20;
12987 : 20;
12988 : 40;
12989 : 80;
12990 : A0;
12991 : A0;
12992 : 80;
12993 : 60;
12994 : 60;
12995 : 60;
12996 : 60;
12997 : 60;
12998 : 40;
12999 : 40;
13000 : 40;
13001 : 40;
13002 : 40;
13003 : 20;
13004 : 20;
13005 : 20;
13006 : 20;
13007 : 20;
13008 : 20;
13009 : 20;
13010 : 20;
13011 : 20;
13012 : 20;
13013 : 20;
13014 : 20;
13015 : 20;
13016 : 00;
13017 : 00;
13018 : 00;
13019 : 00;
13020 : 00;
13021 : 00;
13022 : 00;
13023 : 00;
13024 : 00;
13025 : 00;
13026 : 00;
13027 : 00;
13028 : 00;
13029 : 00;
13030 : 00;
13031 : 00;
13032 : 00;
13033 : 00;
13034 : 00;
13035 : 00;
13036 : 00;
13037 : 00;
13038 : 00;
13039 : 00;
13040 : 00;
13041 : 00;
13042 : 00;
13043 : 00;
13044 : 00;
13045 : 00;
13046 : 00;
13047 : 20;
13048 : 20;
13049 : 20;
13050 : 20;
13051 : 20;
13052 : 20;
13053 : 20;
13054 : 20;
13055 : 20;
13056 : 40;
13057 : 40;
13058 : 40;
13059 : 40;
13060 : 20;
13061 : 20;
13062 : 20;
13063 : 20;
13064 : 20;
13065 : 20;
13066 : 20;
13067 : 20;
13068 : 00;
13069 : 00;
13070 : 00;
13071 : 00;
13072 : 00;
13073 : 00;
13074 : 00;
13075 : 00;
13076 : 00;
13077 : 00;
13078 : 00;
13079 : 00;
13080 : 00;
13081 : 00;
13082 : 00;
13083 : 00;
13084 : 00;
13085 : 00;
13086 : 00;
13087 : 00;
13088 : 00;
13089 : 00;
13090 : 00;
13091 : 20;
13092 : 20;
13093 : 20;
13094 : 20;
13095 : 20;
13096 : 20;
13097 : 20;
13098 : 20;
13099 : 20;
13100 : 20;
13101 : 60;
13102 : 60;
13103 : 40;
13104 : 40;
13105 : 40;
13106 : 20;
13107 : 20;
13108 : 00;
13109 : 00;
13110 : 00;
13111 : 00;
13112 : 00;
13113 : 00;
13114 : 00;
13115 : 00;
13116 : 00;
13117 : 00;
13118 : 00;
13119 : 00;
13120 : 00;
13121 : 00;
13122 : 00;
13123 : 00;
13124 : 00;
13125 : 00;
13126 : 00;
13127 : 00;
13128 : 00;
13129 : 00;
13130 : 00;
13131 : 00;
13132 : 00;
13133 : 00;
13134 : 00;
13135 : 00;
13136 : 00;
13137 : 00;
13138 : 00;
13139 : 00;
13140 : 00;
13141 : 00;
13142 : 00;
13143 : 00;
13144 : 00;
13145 : 00;
13146 : 00;
13147 : 00;
13148 : 00;
13149 : 00;
13150 : 00;
13151 : 00;
13152 : 00;
13153 : 00;
13154 : 00;
13155 : 00;
13156 : 00;
13157 : 00;
13158 : 00;
13159 : 00;
13160 : 00;
13161 : 00;
13162 : 20;
13163 : 20;
13164 : 20;
13165 : 20;
13166 : 20;
13167 : 20;
13168 : 40;
13169 : 40;
13170 : 40;
13171 : 40;
13172 : 40;
13173 : 40;
13174 : 40;
13175 : 20;
13176 : 20;
13177 : 20;
13178 : 20;
13179 : 20;
13180 : 00;
13181 : 00;
13182 : 00;
13183 : 00;
13184 : 00;
13185 : 00;
13186 : 00;
13187 : 00;
13188 : 00;
13189 : 00;
13190 : 00;
13191 : 00;
13192 : 00;
13193 : 00;
13194 : 00;
13195 : 00;
13196 : 00;
13197 : 00;
13198 : 00;
13199 : 00;
13200 : 00;
13201 : 00;
13202 : 00;
13203 : 00;
13204 : 00;
13205 : 00;
13206 : 00;
13207 : 00;
13208 : 00;
13209 : 00;
13210 : 00;
13211 : 00;
13212 : 00;
13213 : 00;
13214 : 00;
13215 : 00;
13216 : 00;
13217 : 00;
13218 : 20;
13219 : 20;
13220 : 20;
13221 : 20;
13222 : 20;
13223 : 20;
13224 : 40;
13225 : 40;
13226 : 40;
13227 : 40;
13228 : 40;
13229 : 80;
13230 : A0;
13231 : A0;
13232 : 80;
13233 : 80;
13234 : 60;
13235 : 60;
13236 : 60;
13237 : 60;
13238 : 60;
13239 : 60;
13240 : 60;
13241 : 60;
13242 : 60;
13243 : 40;
13244 : 20;
13245 : 20;
13246 : 20;
13247 : 20;
13248 : 20;
13249 : 20;
13250 : 20;
13251 : 20;
13252 : 40;
13253 : 20;
13254 : 20;
13255 : 20;
13256 : 00;
13257 : 00;
13258 : 00;
13259 : 00;
13260 : 00;
13261 : 00;
13262 : 00;
13263 : 00;
13264 : 00;
13265 : 00;
13266 : 00;
13267 : 00;
13268 : 00;
13269 : 00;
13270 : 00;
13271 : 00;
13272 : 00;
13273 : 00;
13274 : 00;
13275 : 00;
13276 : 00;
13277 : 00;
13278 : 00;
13279 : 00;
13280 : 00;
13281 : 00;
13282 : 00;
13283 : 00;
13284 : 00;
13285 : 00;
13286 : 20;
13287 : 20;
13288 : 20;
13289 : 20;
13290 : 20;
13291 : 20;
13292 : 20;
13293 : 20;
13294 : 20;
13295 : 40;
13296 : 40;
13297 : 40;
13298 : 40;
13299 : 40;
13300 : 20;
13301 : 20;
13302 : 20;
13303 : 20;
13304 : 20;
13305 : 20;
13306 : 20;
13307 : 20;
13308 : 00;
13309 : 00;
13310 : 00;
13311 : 00;
13312 : 00;
13313 : 00;
13314 : 00;
13315 : 00;
13316 : 00;
13317 : 00;
13318 : 00;
13319 : 00;
13320 : 00;
13321 : 00;
13322 : 00;
13323 : 00;
13324 : 00;
13325 : 00;
13326 : 00;
13327 : 00;
13328 : 00;
13329 : 00;
13330 : 00;
13331 : 20;
13332 : 20;
13333 : 20;
13334 : 20;
13335 : 20;
13336 : 20;
13337 : 20;
13338 : 20;
13339 : 20;
13340 : 40;
13341 : 60;
13342 : 60;
13343 : 40;
13344 : 40;
13345 : 40;
13346 : 40;
13347 : 20;
13348 : 00;
13349 : 00;
13350 : 00;
13351 : 00;
13352 : 00;
13353 : 00;
13354 : 00;
13355 : 00;
13356 : 00;
13357 : 00;
13358 : 00;
13359 : 00;
13360 : 00;
13361 : 00;
13362 : 00;
13363 : 00;
13364 : 00;
13365 : 00;
13366 : 00;
13367 : 00;
13368 : 00;
13369 : 00;
13370 : 00;
13371 : 00;
13372 : 00;
13373 : 00;
13374 : 00;
13375 : 00;
13376 : 00;
13377 : 00;
13378 : 00;
13379 : 00;
13380 : 00;
13381 : 00;
13382 : 00;
13383 : 00;
13384 : 00;
13385 : 00;
13386 : 00;
13387 : 00;
13388 : 00;
13389 : 00;
13390 : 00;
13391 : 00;
13392 : 00;
13393 : 00;
13394 : 00;
13395 : 00;
13396 : 00;
13397 : 00;
13398 : 00;
13399 : 00;
13400 : 20;
13401 : 20;
13402 : 20;
13403 : 20;
13404 : 20;
13405 : 20;
13406 : 40;
13407 : 40;
13408 : 40;
13409 : 40;
13410 : 40;
13411 : 40;
13412 : 40;
13413 : 40;
13414 : 20;
13415 : 20;
13416 : 20;
13417 : 20;
13418 : 20;
13419 : 20;
13420 : 00;
13421 : 00;
13422 : 00;
13423 : 00;
13424 : 00;
13425 : 00;
13426 : 00;
13427 : 00;
13428 : 00;
13429 : 00;
13430 : 00;
13431 : 00;
13432 : 00;
13433 : 00;
13434 : 00;
13435 : 00;
13436 : 00;
13437 : 00;
13438 : 00;
13439 : 00;
13440 : 00;
13441 : 00;
13442 : 00;
13443 : 00;
13444 : 00;
13445 : 00;
13446 : 00;
13447 : 00;
13448 : 00;
13449 : 00;
13450 : 00;
13451 : 00;
13452 : 00;
13453 : 00;
13454 : 00;
13455 : 00;
13456 : 00;
13457 : 00;
13458 : 20;
13459 : 20;
13460 : 20;
13461 : 20;
13462 : 20;
13463 : 20;
13464 : 20;
13465 : 40;
13466 : 40;
13467 : 40;
13468 : 40;
13469 : 60;
13470 : A0;
13471 : A0;
13472 : 80;
13473 : A0;
13474 : 80;
13475 : 80;
13476 : 80;
13477 : 80;
13478 : 80;
13479 : 60;
13480 : 60;
13481 : 60;
13482 : 60;
13483 : 60;
13484 : 40;
13485 : 20;
13486 : 20;
13487 : 20;
13488 : 20;
13489 : 20;
13490 : 20;
13491 : 20;
13492 : 40;
13493 : 40;
13494 : 20;
13495 : 20;
13496 : 00;
13497 : 00;
13498 : 00;
13499 : 00;
13500 : 00;
13501 : 00;
13502 : 00;
13503 : 00;
13504 : 00;
13505 : 00;
13506 : 00;
13507 : 00;
13508 : 00;
13509 : 00;
13510 : 00;
13511 : 00;
13512 : 00;
13513 : 00;
13514 : 00;
13515 : 00;
13516 : 00;
13517 : 00;
13518 : 00;
13519 : 00;
13520 : 00;
13521 : 00;
13522 : 00;
13523 : 00;
13524 : 00;
13525 : 00;
13526 : 20;
13527 : 20;
13528 : 20;
13529 : 20;
13530 : 20;
13531 : 20;
13532 : 20;
13533 : 20;
13534 : 20;
13535 : 20;
13536 : 40;
13537 : 40;
13538 : 40;
13539 : 40;
13540 : 40;
13541 : 20;
13542 : 20;
13543 : 20;
13544 : 20;
13545 : 20;
13546 : 20;
13547 : 20;
13548 : 00;
13549 : 00;
13550 : 00;
13551 : 00;
13552 : 00;
13553 : 00;
13554 : 00;
13555 : 00;
13556 : 00;
13557 : 00;
13558 : 00;
13559 : 00;
13560 : 00;
13561 : 00;
13562 : 00;
13563 : 00;
13564 : 00;
13565 : 00;
13566 : 00;
13567 : 00;
13568 : 00;
13569 : 00;
13570 : 00;
13571 : 20;
13572 : 40;
13573 : 40;
13574 : 20;
13575 : 20;
13576 : 20;
13577 : 20;
13578 : 20;
13579 : 40;
13580 : 40;
13581 : 60;
13582 : 60;
13583 : 40;
13584 : 40;
13585 : 40;
13586 : 40;
13587 : 20;
13588 : 20;
13589 : 00;
13590 : 00;
13591 : 00;
13592 : 00;
13593 : 00;
13594 : 00;
13595 : 00;
13596 : 00;
13597 : 00;
13598 : 00;
13599 : 00;
13600 : 00;
13601 : 00;
13602 : 00;
13603 : 00;
13604 : 00;
13605 : 00;
13606 : 00;
13607 : 00;
13608 : 00;
13609 : 00;
13610 : 00;
13611 : 00;
13612 : 00;
13613 : 00;
13614 : 00;
13615 : 00;
13616 : 00;
13617 : 00;
13618 : 00;
13619 : 00;
13620 : 00;
13621 : 00;
13622 : 00;
13623 : 00;
13624 : 00;
13625 : 00;
13626 : 00;
13627 : 00;
13628 : 00;
13629 : 00;
13630 : 00;
13631 : 00;
13632 : 00;
13633 : 00;
13634 : 00;
13635 : 00;
13636 : 00;
13637 : 00;
13638 : 20;
13639 : 20;
13640 : 20;
13641 : 20;
13642 : 20;
13643 : 20;
13644 : 40;
13645 : 40;
13646 : 60;
13647 : 40;
13648 : 40;
13649 : 40;
13650 : 40;
13651 : 40;
13652 : 40;
13653 : 40;
13654 : 40;
13655 : 20;
13656 : 20;
13657 : 20;
13658 : 20;
13659 : 00;
13660 : 00;
13661 : 00;
13662 : 00;
13663 : 00;
13664 : 00;
13665 : 00;
13666 : 00;
13667 : 00;
13668 : 00;
13669 : 00;
13670 : 00;
13671 : 00;
13672 : 00;
13673 : 00;
13674 : 00;
13675 : 00;
13676 : 00;
13677 : 00;
13678 : 00;
13679 : 00;
13680 : 00;
13681 : 00;
13682 : 00;
13683 : 00;
13684 : 00;
13685 : 00;
13686 : 00;
13687 : 00;
13688 : 00;
13689 : 00;
13690 : 00;
13691 : 00;
13692 : 00;
13693 : 00;
13694 : 00;
13695 : 00;
13696 : 00;
13697 : 00;
13698 : 00;
13699 : 20;
13700 : 20;
13701 : 20;
13702 : 20;
13703 : 20;
13704 : 20;
13705 : 40;
13706 : 40;
13707 : 40;
13708 : 40;
13709 : 60;
13710 : A0;
13711 : A0;
13712 : 80;
13713 : 80;
13714 : A0;
13715 : A0;
13716 : A0;
13717 : A0;
13718 : A0;
13719 : 80;
13720 : 80;
13721 : 80;
13722 : 80;
13723 : 80;
13724 : 60;
13725 : 60;
13726 : 40;
13727 : 20;
13728 : 20;
13729 : 20;
13730 : 40;
13731 : 40;
13732 : 40;
13733 : 40;
13734 : 20;
13735 : 20;
13736 : 00;
13737 : 00;
13738 : 00;
13739 : 00;
13740 : 00;
13741 : 00;
13742 : 00;
13743 : 00;
13744 : 00;
13745 : 00;
13746 : 00;
13747 : 00;
13748 : 00;
13749 : 00;
13750 : 00;
13751 : 00;
13752 : 00;
13753 : 00;
13754 : 00;
13755 : 00;
13756 : 00;
13757 : 00;
13758 : 00;
13759 : 00;
13760 : 00;
13761 : 00;
13762 : 00;
13763 : 00;
13764 : 00;
13765 : 20;
13766 : 20;
13767 : 20;
13768 : 20;
13769 : 20;
13770 : 20;
13771 : 20;
13772 : 20;
13773 : 00;
13774 : 20;
13775 : 40;
13776 : 40;
13777 : 40;
13778 : 20;
13779 : 40;
13780 : 40;
13781 : 40;
13782 : 20;
13783 : 20;
13784 : 20;
13785 : 20;
13786 : 20;
13787 : 20;
13788 : 20;
13789 : 00;
13790 : 00;
13791 : 00;
13792 : 00;
13793 : 00;
13794 : 00;
13795 : 00;
13796 : 00;
13797 : 00;
13798 : 00;
13799 : 00;
13800 : 00;
13801 : 00;
13802 : 00;
13803 : 00;
13804 : 00;
13805 : 00;
13806 : 00;
13807 : 00;
13808 : 00;
13809 : 00;
13810 : 00;
13811 : 20;
13812 : 40;
13813 : 40;
13814 : 40;
13815 : 20;
13816 : 20;
13817 : 20;
13818 : 40;
13819 : 40;
13820 : 60;
13821 : 60;
13822 : 60;
13823 : 60;
13824 : 60;
13825 : 40;
13826 : 40;
13827 : 40;
13828 : 20;
13829 : 20;
13830 : 00;
13831 : 00;
13832 : 00;
13833 : 00;
13834 : 00;
13835 : 00;
13836 : 00;
13837 : 00;
13838 : 20;
13839 : 00;
13840 : 00;
13841 : 00;
13842 : 00;
13843 : 00;
13844 : 00;
13845 : 00;
13846 : 00;
13847 : 00;
13848 : 00;
13849 : 00;
13850 : 00;
13851 : 00;
13852 : 00;
13853 : 00;
13854 : 00;
13855 : 00;
13856 : 00;
13857 : 00;
13858 : 00;
13859 : 00;
13860 : 00;
13861 : 00;
13862 : 00;
13863 : 00;
13864 : 00;
13865 : 00;
13866 : 00;
13867 : 00;
13868 : 00;
13869 : 00;
13870 : 00;
13871 : 00;
13872 : 00;
13873 : 00;
13874 : 00;
13875 : 20;
13876 : 20;
13877 : 20;
13878 : 20;
13879 : 20;
13880 : 20;
13881 : 20;
13882 : 40;
13883 : 40;
13884 : 40;
13885 : 60;
13886 : 60;
13887 : 40;
13888 : 40;
13889 : 40;
13890 : 40;
13891 : 40;
13892 : 40;
13893 : 40;
13894 : 40;
13895 : 40;
13896 : 20;
13897 : 20;
13898 : 00;
13899 : 00;
13900 : 00;
13901 : 00;
13902 : 00;
13903 : 00;
13904 : 00;
13905 : 00;
13906 : 00;
13907 : 00;
13908 : 00;
13909 : 00;
13910 : 00;
13911 : 00;
13912 : 00;
13913 : 00;
13914 : 00;
13915 : 00;
13916 : 00;
13917 : 00;
13918 : 00;
13919 : 00;
13920 : 00;
13921 : 00;
13922 : 00;
13923 : 00;
13924 : 00;
13925 : 00;
13926 : 00;
13927 : 00;
13928 : 00;
13929 : 00;
13930 : 00;
13931 : 00;
13932 : 00;
13933 : 00;
13934 : 00;
13935 : 00;
13936 : 00;
13937 : 00;
13938 : 00;
13939 : 20;
13940 : 20;
13941 : 20;
13942 : 20;
13943 : 20;
13944 : 20;
13945 : 40;
13946 : 60;
13947 : 40;
13948 : 40;
13949 : 60;
13950 : A0;
13951 : A0;
13952 : A0;
13953 : A0;
13954 : A0;
13955 : A0;
13956 : A0;
13957 : A0;
13958 : A0;
13959 : A0;
13960 : A0;
13961 : A0;
13962 : A0;
13963 : 80;
13964 : 80;
13965 : 80;
13966 : 60;
13967 : 40;
13968 : 20;
13969 : 20;
13970 : 40;
13971 : 40;
13972 : 40;
13973 : 20;
13974 : 20;
13975 : 20;
13976 : 00;
13977 : 00;
13978 : 00;
13979 : 00;
13980 : 00;
13981 : 00;
13982 : 00;
13983 : 00;
13984 : 00;
13985 : 00;
13986 : 00;
13987 : 00;
13988 : 00;
13989 : 00;
13990 : 00;
13991 : 00;
13992 : 00;
13993 : 00;
13994 : 00;
13995 : 00;
13996 : 00;
13997 : 00;
13998 : 00;
13999 : 00;
14000 : 00;
14001 : 00;
14002 : 00;
14003 : 00;
14004 : 00;
14005 : 00;
14006 : 00;
14007 : 20;
14008 : 20;
14009 : 20;
14010 : 20;
14011 : 20;
14012 : 20;
14013 : 20;
14014 : 20;
14015 : 20;
14016 : 40;
14017 : 40;
14018 : 40;
14019 : 40;
14020 : 40;
14021 : 40;
14022 : 20;
14023 : 20;
14024 : 20;
14025 : 40;
14026 : 40;
14027 : 40;
14028 : 20;
14029 : 20;
14030 : 20;
14031 : 00;
14032 : 00;
14033 : 00;
14034 : 00;
14035 : 00;
14036 : 00;
14037 : 00;
14038 : 00;
14039 : 00;
14040 : 00;
14041 : 00;
14042 : 00;
14043 : 00;
14044 : 00;
14045 : 00;
14046 : 00;
14047 : 00;
14048 : 00;
14049 : 00;
14050 : 00;
14051 : 20;
14052 : 40;
14053 : 40;
14054 : 40;
14055 : 40;
14056 : 40;
14057 : 40;
14058 : 40;
14059 : 60;
14060 : 60;
14061 : 60;
14062 : 60;
14063 : 60;
14064 : 60;
14065 : 40;
14066 : 40;
14067 : 40;
14068 : 20;
14069 : 20;
14070 : 00;
14071 : 00;
14072 : 00;
14073 : 00;
14074 : 00;
14075 : 00;
14076 : 20;
14077 : 20;
14078 : 20;
14079 : 00;
14080 : 00;
14081 : 00;
14082 : 00;
14083 : 00;
14084 : 00;
14085 : 00;
14086 : 00;
14087 : 00;
14088 : 00;
14089 : 00;
14090 : 00;
14091 : 00;
14092 : 00;
14093 : 00;
14094 : 00;
14095 : 00;
14096 : 00;
14097 : 00;
14098 : 00;
14099 : 00;
14100 : 00;
14101 : 00;
14102 : 00;
14103 : 00;
14104 : 00;
14105 : 00;
14106 : 00;
14107 : 00;
14108 : 00;
14109 : 00;
14110 : 00;
14111 : 00;
14112 : 20;
14113 : 20;
14114 : 20;
14115 : 20;
14116 : 20;
14117 : 20;
14118 : 20;
14119 : 40;
14120 : 40;
14121 : 40;
14122 : 60;
14123 : 60;
14124 : 60;
14125 : 60;
14126 : 60;
14127 : 40;
14128 : 40;
14129 : 40;
14130 : 60;
14131 : 60;
14132 : 40;
14133 : 40;
14134 : 40;
14135 : 40;
14136 : 20;
14137 : 00;
14138 : 00;
14139 : 00;
14140 : 00;
14141 : 00;
14142 : 00;
14143 : 00;
14144 : 00;
14145 : 00;
14146 : 00;
14147 : 00;
14148 : 00;
14149 : 00;
14150 : 00;
14151 : 00;
14152 : 00;
14153 : 00;
14154 : 00;
14155 : 00;
14156 : 00;
14157 : 00;
14158 : 00;
14159 : 00;
14160 : 00;
14161 : 00;
14162 : 00;
14163 : 00;
14164 : 00;
14165 : 00;
14166 : 00;
14167 : 00;
14168 : 00;
14169 : 00;
14170 : 00;
14171 : 00;
14172 : 00;
14173 : 00;
14174 : 00;
14175 : 00;
14176 : 00;
14177 : 00;
14178 : 00;
14179 : 20;
14180 : 20;
14181 : 20;
14182 : 20;
14183 : 20;
14184 : 20;
14185 : 20;
14186 : 40;
14187 : 60;
14188 : 60;
14189 : 60;
14190 : 80;
14191 : A0;
14192 : C4;
14193 : A0;
14194 : A0;
14195 : A0;
14196 : A0;
14197 : A0;
14198 : A0;
14199 : A0;
14200 : A0;
14201 : A0;
14202 : A0;
14203 : 80;
14204 : 80;
14205 : 80;
14206 : 80;
14207 : 80;
14208 : 40;
14209 : 40;
14210 : 40;
14211 : 40;
14212 : 40;
14213 : 20;
14214 : 20;
14215 : 00;
14216 : 00;
14217 : 00;
14218 : 00;
14219 : 00;
14220 : 00;
14221 : 00;
14222 : 00;
14223 : 00;
14224 : 00;
14225 : 00;
14226 : 00;
14227 : 00;
14228 : 00;
14229 : 00;
14230 : 00;
14231 : 00;
14232 : 00;
14233 : 00;
14234 : 00;
14235 : 00;
14236 : 00;
14237 : 00;
14238 : 00;
14239 : 00;
14240 : 00;
14241 : 00;
14242 : 00;
14243 : 00;
14244 : 00;
14245 : 00;
14246 : 00;
14247 : 20;
14248 : 20;
14249 : 20;
14250 : 20;
14251 : 20;
14252 : 20;
14253 : 20;
14254 : 20;
14255 : 20;
14256 : 60;
14257 : 40;
14258 : 40;
14259 : 60;
14260 : 60;
14261 : 40;
14262 : 40;
14263 : 40;
14264 : 40;
14265 : 40;
14266 : 40;
14267 : 40;
14268 : 20;
14269 : 20;
14270 : 20;
14271 : 00;
14272 : 00;
14273 : 00;
14274 : 00;
14275 : 00;
14276 : 00;
14277 : 00;
14278 : 00;
14279 : 00;
14280 : 00;
14281 : 00;
14282 : 00;
14283 : 00;
14284 : 00;
14285 : 00;
14286 : 00;
14287 : 00;
14288 : 00;
14289 : 00;
14290 : 20;
14291 : 20;
14292 : 40;
14293 : 40;
14294 : 40;
14295 : 40;
14296 : 40;
14297 : 40;
14298 : 60;
14299 : 60;
14300 : 60;
14301 : 60;
14302 : 60;
14303 : 60;
14304 : 60;
14305 : 40;
14306 : 40;
14307 : 40;
14308 : 20;
14309 : 20;
14310 : 00;
14311 : 00;
14312 : 00;
14313 : 00;
14314 : 20;
14315 : 20;
14316 : 20;
14317 : 20;
14318 : 20;
14319 : 00;
14320 : 00;
14321 : 00;
14322 : 00;
14323 : 00;
14324 : 00;
14325 : 00;
14326 : 00;
14327 : 00;
14328 : 00;
14329 : 00;
14330 : 00;
14331 : 00;
14332 : 00;
14333 : 00;
14334 : 00;
14335 : 00;
14336 : 00;
14337 : 00;
14338 : 00;
14339 : 00;
14340 : 00;
14341 : 00;
14342 : 00;
14343 : 00;
14344 : 00;
14345 : 00;
14346 : 00;
14347 : 00;
14348 : 00;
14349 : 20;
14350 : 20;
14351 : 20;
14352 : 20;
14353 : 20;
14354 : 20;
14355 : 20;
14356 : 20;
14357 : 20;
14358 : 40;
14359 : 40;
14360 : 60;
14361 : 60;
14362 : 60;
14363 : 60;
14364 : 60;
14365 : 60;
14366 : 60;
14367 : 40;
14368 : 40;
14369 : 60;
14370 : 60;
14371 : 60;
14372 : 40;
14373 : 40;
14374 : 40;
14375 : 40;
14376 : 20;
14377 : 00;
14378 : 00;
14379 : 00;
14380 : 00;
14381 : 00;
14382 : 00;
14383 : 00;
14384 : 00;
14385 : 00;
14386 : 00;
14387 : 00;
14388 : 00;
14389 : 00;
14390 : 00;
14391 : 00;
14392 : 00;
14393 : 00;
14394 : 00;
14395 : 00;
14396 : 00;
14397 : 00;
14398 : 00;
14399 : 00;
14400 : 00;
14401 : 00;
14402 : 00;
14403 : 00;
14404 : 00;
14405 : 00;
14406 : 00;
14407 : 00;
14408 : 00;
14409 : 00;
14410 : 00;
14411 : 00;
14412 : 00;
14413 : 00;
14414 : 00;
14415 : 00;
14416 : 00;
14417 : 00;
14418 : 00;
14419 : 20;
14420 : 20;
14421 : 20;
14422 : 20;
14423 : 20;
14424 : 20;
14425 : 20;
14426 : 40;
14427 : 60;
14428 : 60;
14429 : 60;
14430 : 80;
14431 : A0;
14432 : A0;
14433 : C4;
14434 : A0;
14435 : 80;
14436 : A0;
14437 : A0;
14438 : A0;
14439 : 80;
14440 : 80;
14441 : 80;
14442 : 80;
14443 : 80;
14444 : A0;
14445 : A0;
14446 : A0;
14447 : A0;
14448 : 60;
14449 : 40;
14450 : 40;
14451 : 40;
14452 : 20;
14453 : 20;
14454 : 20;
14455 : 00;
14456 : 00;
14457 : 00;
14458 : 00;
14459 : 00;
14460 : 00;
14461 : 00;
14462 : 00;
14463 : 00;
14464 : 00;
14465 : 00;
14466 : 00;
14467 : 00;
14468 : 00;
14469 : 00;
14470 : 00;
14471 : 00;
14472 : 00;
14473 : 00;
14474 : 00;
14475 : 00;
14476 : 00;
14477 : 00;
14478 : 00;
14479 : 00;
14480 : 00;
14481 : 00;
14482 : 00;
14483 : 00;
14484 : 00;
14485 : 00;
14486 : 00;
14487 : 00;
14488 : 20;
14489 : 20;
14490 : 20;
14491 : 20;
14492 : 20;
14493 : 20;
14494 : 20;
14495 : 20;
14496 : 60;
14497 : 40;
14498 : 40;
14499 : 60;
14500 : 60;
14501 : 60;
14502 : 40;
14503 : 40;
14504 : 60;
14505 : 60;
14506 : 60;
14507 : 40;
14508 : 20;
14509 : 20;
14510 : 20;
14511 : 00;
14512 : 00;
14513 : 00;
14514 : 00;
14515 : 00;
14516 : 00;
14517 : 00;
14518 : 00;
14519 : 00;
14520 : 00;
14521 : 00;
14522 : 00;
14523 : 00;
14524 : 00;
14525 : 00;
14526 : 00;
14527 : 00;
14528 : 00;
14529 : 20;
14530 : 20;
14531 : 20;
14532 : 40;
14533 : 60;
14534 : 40;
14535 : 60;
14536 : 60;
14537 : 60;
14538 : 60;
14539 : 60;
14540 : 60;
14541 : 60;
14542 : 60;
14543 : 60;
14544 : 60;
14545 : 60;
14546 : 40;
14547 : 40;
14548 : 20;
14549 : 20;
14550 : 00;
14551 : 00;
14552 : 00;
14553 : 00;
14554 : 20;
14555 : 20;
14556 : 20;
14557 : 20;
14558 : 00;
14559 : 00;
14560 : 00;
14561 : 00;
14562 : 00;
14563 : 00;
14564 : 00;
14565 : 00;
14566 : 00;
14567 : 00;
14568 : 00;
14569 : 00;
14570 : 00;
14571 : 00;
14572 : 00;
14573 : 00;
14574 : 00;
14575 : 00;
14576 : 00;
14577 : 00;
14578 : 00;
14579 : 00;
14580 : 00;
14581 : 00;
14582 : 00;
14583 : 00;
14584 : 00;
14585 : 00;
14586 : 00;
14587 : 20;
14588 : 20;
14589 : 20;
14590 : 20;
14591 : 20;
14592 : 20;
14593 : 20;
14594 : 20;
14595 : 20;
14596 : 20;
14597 : 20;
14598 : 40;
14599 : 60;
14600 : 80;
14601 : 60;
14602 : 60;
14603 : 60;
14604 : 60;
14605 : 60;
14606 : 60;
14607 : 60;
14608 : 60;
14609 : 80;
14610 : 80;
14611 : 60;
14612 : 40;
14613 : 40;
14614 : 40;
14615 : 20;
14616 : 00;
14617 : 00;
14618 : 00;
14619 : 00;
14620 : 00;
14621 : 00;
14622 : 00;
14623 : 00;
14624 : 00;
14625 : 00;
14626 : 00;
14627 : 00;
14628 : 00;
14629 : 00;
14630 : 00;
14631 : 00;
14632 : 00;
14633 : 00;
14634 : 00;
14635 : 00;
14636 : 00;
14637 : 00;
14638 : 00;
14639 : 00;
14640 : 00;
14641 : 00;
14642 : 00;
14643 : 00;
14644 : 00;
14645 : 00;
14646 : 00;
14647 : 00;
14648 : 00;
14649 : 00;
14650 : 00;
14651 : 00;
14652 : 00;
14653 : 00;
14654 : 00;
14655 : 00;
14656 : 00;
14657 : 00;
14658 : 00;
14659 : 20;
14660 : 20;
14661 : 20;
14662 : 20;
14663 : 20;
14664 : 20;
14665 : 20;
14666 : 40;
14667 : 60;
14668 : 60;
14669 : 60;
14670 : 80;
14671 : 80;
14672 : 80;
14673 : C4;
14674 : C4;
14675 : A0;
14676 : A0;
14677 : A0;
14678 : A0;
14679 : 80;
14680 : 80;
14681 : 80;
14682 : 80;
14683 : A0;
14684 : A0;
14685 : A0;
14686 : A0;
14687 : A0;
14688 : 60;
14689 : 40;
14690 : 40;
14691 : 40;
14692 : 40;
14693 : 40;
14694 : 40;
14695 : 20;
14696 : 20;
14697 : 00;
14698 : 00;
14699 : 00;
14700 : 00;
14701 : 00;
14702 : 00;
14703 : 00;
14704 : 00;
14705 : 00;
14706 : 00;
14707 : 00;
14708 : 00;
14709 : 00;
14710 : 00;
14711 : 00;
14712 : 00;
14713 : 00;
14714 : 00;
14715 : 00;
14716 : 00;
14717 : 00;
14718 : 00;
14719 : 00;
14720 : 00;
14721 : 00;
14722 : 00;
14723 : 00;
14724 : 00;
14725 : 00;
14726 : 00;
14727 : 00;
14728 : 00;
14729 : 20;
14730 : 20;
14731 : 20;
14732 : 20;
14733 : 20;
14734 : 20;
14735 : 20;
14736 : 40;
14737 : 60;
14738 : 40;
14739 : 60;
14740 : 60;
14741 : 60;
14742 : 60;
14743 : 60;
14744 : 60;
14745 : 80;
14746 : 60;
14747 : 40;
14748 : 20;
14749 : 20;
14750 : 20;
14751 : 00;
14752 : 00;
14753 : 00;
14754 : 00;
14755 : 00;
14756 : 00;
14757 : 00;
14758 : 00;
14759 : 00;
14760 : 00;
14761 : 00;
14762 : 00;
14763 : 00;
14764 : 00;
14765 : 00;
14766 : 00;
14767 : 00;
14768 : 20;
14769 : 20;
14770 : 20;
14771 : 40;
14772 : 60;
14773 : 60;
14774 : 40;
14775 : 60;
14776 : 60;
14777 : 80;
14778 : 60;
14779 : 60;
14780 : 40;
14781 : 40;
14782 : 60;
14783 : 60;
14784 : 60;
14785 : 60;
14786 : 40;
14787 : 20;
14788 : 20;
14789 : 20;
14790 : 20;
14791 : 20;
14792 : 20;
14793 : 20;
14794 : 20;
14795 : 20;
14796 : 20;
14797 : 20;
14798 : 00;
14799 : 00;
14800 : 00;
14801 : 00;
14802 : 00;
14803 : 00;
14804 : 00;
14805 : 00;
14806 : 00;
14807 : 00;
14808 : 00;
14809 : 00;
14810 : 00;
14811 : 00;
14812 : 00;
14813 : 00;
14814 : 00;
14815 : 00;
14816 : 00;
14817 : 00;
14818 : 00;
14819 : 00;
14820 : 00;
14821 : 00;
14822 : 00;
14823 : 00;
14824 : 00;
14825 : 00;
14826 : 20;
14827 : 20;
14828 : 20;
14829 : 20;
14830 : 20;
14831 : 20;
14832 : 20;
14833 : 20;
14834 : 20;
14835 : 20;
14836 : 20;
14837 : 40;
14838 : 60;
14839 : 80;
14840 : 80;
14841 : 60;
14842 : 60;
14843 : 60;
14844 : 80;
14845 : 80;
14846 : 80;
14847 : 60;
14848 : 80;
14849 : 80;
14850 : 80;
14851 : 60;
14852 : 40;
14853 : 40;
14854 : 20;
14855 : 20;
14856 : 20;
14857 : 20;
14858 : 00;
14859 : 00;
14860 : 00;
14861 : 00;
14862 : 00;
14863 : 00;
14864 : 00;
14865 : 00;
14866 : 00;
14867 : 00;
14868 : 00;
14869 : 00;
14870 : 00;
14871 : 00;
14872 : 00;
14873 : 00;
14874 : 00;
14875 : 00;
14876 : 00;
14877 : 00;
14878 : 00;
14879 : 00;
14880 : 00;
14881 : 00;
14882 : 00;
14883 : 00;
14884 : 00;
14885 : 00;
14886 : 00;
14887 : 00;
14888 : 00;
14889 : 00;
14890 : 00;
14891 : 00;
14892 : 00;
14893 : 00;
14894 : 00;
14895 : 00;
14896 : 00;
14897 : 00;
14898 : 00;
14899 : 20;
14900 : 20;
14901 : 20;
14902 : 20;
14903 : 20;
14904 : 20;
14905 : 20;
14906 : 20;
14907 : 40;
14908 : 60;
14909 : 60;
14910 : 60;
14911 : 80;
14912 : 80;
14913 : A0;
14914 : C4;
14915 : C4;
14916 : A0;
14917 : A0;
14918 : A0;
14919 : A0;
14920 : 80;
14921 : 80;
14922 : 80;
14923 : A0;
14924 : A0;
14925 : A0;
14926 : A0;
14927 : 80;
14928 : 60;
14929 : 60;
14930 : 40;
14931 : 40;
14932 : 40;
14933 : 40;
14934 : 40;
14935 : 40;
14936 : 40;
14937 : 20;
14938 : 00;
14939 : 00;
14940 : 00;
14941 : 00;
14942 : 00;
14943 : 00;
14944 : 00;
14945 : 00;
14946 : 00;
14947 : 00;
14948 : 00;
14949 : 00;
14950 : 00;
14951 : 00;
14952 : 00;
14953 : 00;
14954 : 00;
14955 : 00;
14956 : 00;
14957 : 00;
14958 : 00;
14959 : 00;
14960 : 00;
14961 : 00;
14962 : 00;
14963 : 00;
14964 : 00;
14965 : 00;
14966 : 00;
14967 : 00;
14968 : 00;
14969 : 20;
14970 : 20;
14971 : 20;
14972 : 20;
14973 : 20;
14974 : 20;
14975 : 20;
14976 : 40;
14977 : 60;
14978 : 60;
14979 : 60;
14980 : 60;
14981 : 60;
14982 : 60;
14983 : 80;
14984 : 80;
14985 : 80;
14986 : 60;
14987 : 40;
14988 : 20;
14989 : 20;
14990 : 20;
14991 : 20;
14992 : 20;
14993 : 00;
14994 : 00;
14995 : 00;
14996 : 00;
14997 : 00;
14998 : 00;
14999 : 00;
15000 : 00;
15001 : 00;
15002 : 00;
15003 : 00;
15004 : 00;
15005 : 00;
15006 : 00;
15007 : 00;
15008 : 20;
15009 : 20;
15010 : 40;
15011 : 40;
15012 : 60;
15013 : 60;
15014 : 40;
15015 : 60;
15016 : 80;
15017 : 80;
15018 : 60;
15019 : 40;
15020 : 40;
15021 : 40;
15022 : 60;
15023 : 60;
15024 : 60;
15025 : 60;
15026 : 40;
15027 : 20;
15028 : 20;
15029 : 20;
15030 : 20;
15031 : 20;
15032 : 20;
15033 : 20;
15034 : 20;
15035 : 20;
15036 : 20;
15037 : 20;
15038 : 00;
15039 : 00;
15040 : 20;
15041 : 20;
15042 : 20;
15043 : 20;
15044 : 20;
15045 : 20;
15046 : 00;
15047 : 00;
15048 : 00;
15049 : 00;
15050 : 00;
15051 : 00;
15052 : 00;
15053 : 00;
15054 : 00;
15055 : 00;
15056 : 00;
15057 : 00;
15058 : 00;
15059 : 00;
15060 : 00;
15061 : 00;
15062 : 00;
15063 : 00;
15064 : 00;
15065 : 20;
15066 : 20;
15067 : 20;
15068 : 40;
15069 : 40;
15070 : 40;
15071 : 20;
15072 : 20;
15073 : 20;
15074 : 20;
15075 : 20;
15076 : 20;
15077 : 20;
15078 : 60;
15079 : 80;
15080 : 80;
15081 : 60;
15082 : 60;
15083 : 60;
15084 : 80;
15085 : 80;
15086 : 80;
15087 : 80;
15088 : 80;
15089 : 80;
15090 : 60;
15091 : 40;
15092 : 40;
15093 : 40;
15094 : 20;
15095 : 20;
15096 : 20;
15097 : 20;
15098 : 00;
15099 : 00;
15100 : 00;
15101 : 00;
15102 : 00;
15103 : 00;
15104 : 00;
15105 : 00;
15106 : 00;
15107 : 00;
15108 : 00;
15109 : 00;
15110 : 00;
15111 : 00;
15112 : 00;
15113 : 00;
15114 : 00;
15115 : 00;
15116 : 00;
15117 : 00;
15118 : 00;
15119 : 00;
15120 : 00;
15121 : 00;
15122 : 00;
15123 : 00;
15124 : 00;
15125 : 00;
15126 : 00;
15127 : 00;
15128 : 00;
15129 : 00;
15130 : 00;
15131 : 00;
15132 : 00;
15133 : 00;
15134 : 00;
15135 : 00;
15136 : 00;
15137 : 00;
15138 : 00;
15139 : 20;
15140 : 20;
15141 : 20;
15142 : 20;
15143 : 20;
15144 : 20;
15145 : 20;
15146 : 20;
15147 : 40;
15148 : 60;
15149 : 60;
15150 : 60;
15151 : 60;
15152 : 60;
15153 : 80;
15154 : A0;
15155 : C4;
15156 : C4;
15157 : C4;
15158 : C4;
15159 : A0;
15160 : A0;
15161 : 80;
15162 : 80;
15163 : A0;
15164 : A0;
15165 : A0;
15166 : 80;
15167 : 80;
15168 : 80;
15169 : 60;
15170 : 60;
15171 : 60;
15172 : 60;
15173 : 60;
15174 : 60;
15175 : 60;
15176 : 60;
15177 : 40;
15178 : 20;
15179 : 00;
15180 : 00;
15181 : 00;
15182 : 00;
15183 : 00;
15184 : 00;
15185 : 00;
15186 : 00;
15187 : 00;
15188 : 00;
15189 : 00;
15190 : 00;
15191 : 00;
15192 : 00;
15193 : 00;
15194 : 00;
15195 : 00;
15196 : 00;
15197 : 00;
15198 : 00;
15199 : 00;
15200 : 00;
15201 : 00;
15202 : 00;
15203 : 00;
15204 : 00;
15205 : 00;
15206 : 00;
15207 : 00;
15208 : 00;
15209 : 00;
15210 : 20;
15211 : 20;
15212 : 20;
15213 : 20;
15214 : 20;
15215 : 20;
15216 : 40;
15217 : 60;
15218 : 80;
15219 : 80;
15220 : 60;
15221 : 80;
15222 : 80;
15223 : A0;
15224 : A0;
15225 : 60;
15226 : 40;
15227 : 40;
15228 : 40;
15229 : 20;
15230 : 20;
15231 : 20;
15232 : 20;
15233 : 20;
15234 : 00;
15235 : 00;
15236 : 00;
15237 : 00;
15238 : 00;
15239 : 00;
15240 : 00;
15241 : 00;
15242 : 00;
15243 : 00;
15244 : 00;
15245 : 00;
15246 : 20;
15247 : 20;
15248 : 20;
15249 : 20;
15250 : 40;
15251 : 60;
15252 : 60;
15253 : 60;
15254 : 40;
15255 : 60;
15256 : 80;
15257 : A0;
15258 : 60;
15259 : 40;
15260 : 40;
15261 : 40;
15262 : 60;
15263 : 60;
15264 : 60;
15265 : 60;
15266 : 60;
15267 : 20;
15268 : 20;
15269 : 20;
15270 : 20;
15271 : 20;
15272 : 20;
15273 : 20;
15274 : 20;
15275 : 40;
15276 : 20;
15277 : 20;
15278 : 20;
15279 : 20;
15280 : 20;
15281 : 20;
15282 : 20;
15283 : 20;
15284 : 20;
15285 : 20;
15286 : 00;
15287 : 00;
15288 : 00;
15289 : 00;
15290 : 00;
15291 : 00;
15292 : 00;
15293 : 00;
15294 : 00;
15295 : 00;
15296 : 00;
15297 : 00;
15298 : 00;
15299 : 00;
15300 : 00;
15301 : 00;
15302 : 00;
15303 : 00;
15304 : 00;
15305 : 20;
15306 : 20;
15307 : 20;
15308 : 20;
15309 : 20;
15310 : 20;
15311 : 20;
15312 : 20;
15313 : 20;
15314 : 20;
15315 : 20;
15316 : 20;
15317 : 40;
15318 : 60;
15319 : 60;
15320 : 60;
15321 : 40;
15322 : 40;
15323 : 60;
15324 : A0;
15325 : A0;
15326 : A0;
15327 : 80;
15328 : 80;
15329 : 80;
15330 : 40;
15331 : 40;
15332 : 40;
15333 : 20;
15334 : 20;
15335 : 20;
15336 : 20;
15337 : 20;
15338 : 20;
15339 : 00;
15340 : 00;
15341 : 00;
15342 : 00;
15343 : 00;
15344 : 00;
15345 : 00;
15346 : 00;
15347 : 00;
15348 : 00;
15349 : 00;
15350 : 00;
15351 : 00;
15352 : 00;
15353 : 00;
15354 : 00;
15355 : 00;
15356 : 00;
15357 : 00;
15358 : 00;
15359 : 00;
15360 : 00;
15361 : 00;
15362 : 00;
15363 : 00;
15364 : 00;
15365 : 00;
15366 : 00;
15367 : 00;
15368 : 00;
15369 : 00;
15370 : 00;
15371 : 00;
15372 : 00;
15373 : 00;
15374 : 00;
15375 : 00;
15376 : 00;
15377 : 00;
15378 : 00;
15379 : 20;
15380 : 40;
15381 : 20;
15382 : 20;
15383 : 20;
15384 : 20;
15385 : 20;
15386 : 20;
15387 : 40;
15388 : 40;
15389 : 60;
15390 : 40;
15391 : 60;
15392 : 60;
15393 : 80;
15394 : A0;
15395 : A0;
15396 : C4;
15397 : C4;
15398 : C4;
15399 : C4;
15400 : C4;
15401 : A0;
15402 : A0;
15403 : A0;
15404 : A0;
15405 : 80;
15406 : 80;
15407 : 60;
15408 : 80;
15409 : 80;
15410 : 60;
15411 : 60;
15412 : 60;
15413 : 60;
15414 : 40;
15415 : 60;
15416 : 60;
15417 : 40;
15418 : 20;
15419 : 20;
15420 : 00;
15421 : 00;
15422 : 00;
15423 : 00;
15424 : 00;
15425 : 00;
15426 : 00;
15427 : 00;
15428 : 00;
15429 : 00;
15430 : 00;
15431 : 00;
15432 : 00;
15433 : 00;
15434 : 00;
15435 : 00;
15436 : 00;
15437 : 00;
15438 : 00;
15439 : 00;
15440 : 00;
15441 : 20;
15442 : 20;
15443 : 20;
15444 : 00;
15445 : 00;
15446 : 00;
15447 : 00;
15448 : 00;
15449 : 00;
15450 : 20;
15451 : 20;
15452 : 20;
15453 : 40;
15454 : 40;
15455 : 40;
15456 : 40;
15457 : 60;
15458 : 80;
15459 : 80;
15460 : 80;
15461 : 80;
15462 : 80;
15463 : A0;
15464 : 80;
15465 : 40;
15466 : 40;
15467 : 20;
15468 : 20;
15469 : 20;
15470 : 20;
15471 : 20;
15472 : 20;
15473 : 20;
15474 : 20;
15475 : 00;
15476 : 00;
15477 : 00;
15478 : 00;
15479 : 00;
15480 : 00;
15481 : 00;
15482 : 00;
15483 : 00;
15484 : 00;
15485 : 00;
15486 : 20;
15487 : 20;
15488 : 20;
15489 : 20;
15490 : 40;
15491 : 40;
15492 : 80;
15493 : 60;
15494 : 40;
15495 : 60;
15496 : A0;
15497 : A0;
15498 : 60;
15499 : 40;
15500 : 40;
15501 : 60;
15502 : 60;
15503 : 60;
15504 : 80;
15505 : 60;
15506 : 40;
15507 : 20;
15508 : 20;
15509 : 40;
15510 : 40;
15511 : 20;
15512 : 20;
15513 : 20;
15514 : 20;
15515 : 20;
15516 : 40;
15517 : 20;
15518 : 20;
15519 : 20;
15520 : 20;
15521 : 20;
15522 : 20;
15523 : 20;
15524 : 00;
15525 : 20;
15526 : 20;
15527 : 00;
15528 : 00;
15529 : 00;
15530 : 00;
15531 : 00;
15532 : 00;
15533 : 00;
15534 : 00;
15535 : 00;
15536 : 00;
15537 : 00;
15538 : 00;
15539 : 00;
15540 : 00;
15541 : 00;
15542 : 00;
15543 : 00;
15544 : 00;
15545 : 20;
15546 : 20;
15547 : 20;
15548 : 20;
15549 : 20;
15550 : 20;
15551 : 20;
15552 : 20;
15553 : 20;
15554 : 20;
15555 : 20;
15556 : 20;
15557 : 40;
15558 : 40;
15559 : 60;
15560 : 60;
15561 : 40;
15562 : 40;
15563 : 40;
15564 : A0;
15565 : A0;
15566 : A0;
15567 : 80;
15568 : 80;
15569 : 60;
15570 : 40;
15571 : 40;
15572 : 20;
15573 : 20;
15574 : 20;
15575 : 20;
15576 : 20;
15577 : 20;
15578 : 00;
15579 : 00;
15580 : 00;
15581 : 00;
15582 : 00;
15583 : 00;
15584 : 00;
15585 : 00;
15586 : 00;
15587 : 00;
15588 : 00;
15589 : 00;
15590 : 00;
15591 : 00;
15592 : 00;
15593 : 00;
15594 : 00;
15595 : 00;
15596 : 00;
15597 : 00;
15598 : 00;
15599 : 00;
15600 : 00;
15601 : 00;
15602 : 00;
15603 : 00;
15604 : 00;
15605 : 00;
15606 : 00;
15607 : 00;
15608 : 00;
15609 : 00;
15610 : 00;
15611 : 00;
15612 : 00;
15613 : 00;
15614 : 00;
15615 : 00;
15616 : 00;
15617 : 00;
15618 : 00;
15619 : 20;
15620 : 40;
15621 : 20;
15622 : 20;
15623 : 20;
15624 : 20;
15625 : 20;
15626 : 20;
15627 : 40;
15628 : 40;
15629 : 40;
15630 : 40;
15631 : 40;
15632 : 60;
15633 : 60;
15634 : 80;
15635 : A0;
15636 : A0;
15637 : A0;
15638 : A4;
15639 : C4;
15640 : C4;
15641 : C0;
15642 : C4;
15643 : C0;
15644 : A0;
15645 : 80;
15646 : 60;
15647 : 80;
15648 : 80;
15649 : 80;
15650 : 60;
15651 : 60;
15652 : 40;
15653 : 40;
15654 : 40;
15655 : 40;
15656 : 40;
15657 : 40;
15658 : 40;
15659 : 20;
15660 : 00;
15661 : 00;
15662 : 00;
15663 : 00;
15664 : 00;
15665 : 00;
15666 : 00;
15667 : 00;
15668 : 00;
15669 : 00;
15670 : 00;
15671 : 00;
15672 : 00;
15673 : 00;
15674 : 00;
15675 : 00;
15676 : 00;
15677 : 00;
15678 : 00;
15679 : 00;
15680 : 00;
15681 : 20;
15682 : 20;
15683 : 20;
15684 : 20;
15685 : 00;
15686 : 00;
15687 : 00;
15688 : 00;
15689 : 00;
15690 : 00;
15691 : 20;
15692 : 20;
15693 : 40;
15694 : 40;
15695 : 40;
15696 : 40;
15697 : 60;
15698 : 80;
15699 : 80;
15700 : 80;
15701 : 80;
15702 : A0;
15703 : 80;
15704 : 60;
15705 : 40;
15706 : 40;
15707 : 40;
15708 : 20;
15709 : 20;
15710 : 20;
15711 : 20;
15712 : 20;
15713 : 20;
15714 : 20;
15715 : 00;
15716 : 00;
15717 : 00;
15718 : 00;
15719 : 00;
15720 : 00;
15721 : 00;
15722 : 00;
15723 : 00;
15724 : 00;
15725 : 00;
15726 : 20;
15727 : 20;
15728 : 20;
15729 : 20;
15730 : 20;
15731 : 40;
15732 : 80;
15733 : 80;
15734 : 60;
15735 : 60;
15736 : A0;
15737 : C4;
15738 : 80;
15739 : 60;
15740 : 40;
15741 : 60;
15742 : 60;
15743 : 60;
15744 : 80;
15745 : 60;
15746 : 40;
15747 : 20;
15748 : 40;
15749 : 40;
15750 : 40;
15751 : 40;
15752 : 20;
15753 : 20;
15754 : 20;
15755 : 20;
15756 : 20;
15757 : 40;
15758 : 20;
15759 : 20;
15760 : 20;
15761 : 20;
15762 : 20;
15763 : 20;
15764 : 00;
15765 : 00;
15766 : 00;
15767 : 00;
15768 : 00;
15769 : 00;
15770 : 00;
15771 : 00;
15772 : 00;
15773 : 00;
15774 : 00;
15775 : 00;
15776 : 00;
15777 : 00;
15778 : 00;
15779 : 00;
15780 : 00;
15781 : 00;
15782 : 00;
15783 : 00;
15784 : 00;
15785 : 20;
15786 : 20;
15787 : 20;
15788 : 20;
15789 : 00;
15790 : 00;
15791 : 00;
15792 : 20;
15793 : 20;
15794 : 20;
15795 : 20;
15796 : 20;
15797 : 40;
15798 : 40;
15799 : 40;
15800 : 40;
15801 : 40;
15802 : 40;
15803 : 40;
15804 : 80;
15805 : A0;
15806 : A0;
15807 : A0;
15808 : 80;
15809 : 80;
15810 : 40;
15811 : 40;
15812 : 20;
15813 : 20;
15814 : 20;
15815 : 20;
15816 : 20;
15817 : 20;
15818 : 00;
15819 : 00;
15820 : 00;
15821 : 00;
15822 : 00;
15823 : 00;
15824 : 00;
15825 : 00;
15826 : 00;
15827 : 00;
15828 : 00;
15829 : 00;
15830 : 00;
15831 : 00;
15832 : 00;
15833 : 00;
15834 : 00;
15835 : 00;
15836 : 00;
15837 : 00;
15838 : 00;
15839 : 00;
15840 : 00;
15841 : 00;
15842 : 00;
15843 : 00;
15844 : 00;
15845 : 00;
15846 : 00;
15847 : 00;
15848 : 00;
15849 : 00;
15850 : 00;
15851 : 00;
15852 : 00;
15853 : 00;
15854 : 00;
15855 : 00;
15856 : 00;
15857 : 00;
15858 : 00;
15859 : 20;
15860 : 40;
15861 : 40;
15862 : 20;
15863 : 20;
15864 : 20;
15865 : 20;
15866 : 20;
15867 : 40;
15868 : 40;
15869 : 40;
15870 : 40;
15871 : 40;
15872 : 60;
15873 : 60;
15874 : 80;
15875 : A0;
15876 : A0;
15877 : A0;
15878 : A0;
15879 : C4;
15880 : C4;
15881 : C4;
15882 : C4;
15883 : C4;
15884 : A0;
15885 : 80;
15886 : 80;
15887 : A0;
15888 : A0;
15889 : 80;
15890 : 60;
15891 : 40;
15892 : 40;
15893 : 20;
15894 : 20;
15895 : 20;
15896 : 20;
15897 : 20;
15898 : 20;
15899 : 20;
15900 : 00;
15901 : 00;
15902 : 00;
15903 : 00;
15904 : 00;
15905 : 00;
15906 : 00;
15907 : 00;
15908 : 00;
15909 : 00;
15910 : 00;
15911 : 00;
15912 : 00;
15913 : 00;
15914 : 00;
15915 : 00;
15916 : 00;
15917 : 00;
15918 : 00;
15919 : 00;
15920 : 20;
15921 : 20;
15922 : 20;
15923 : 20;
15924 : 20;
15925 : 00;
15926 : 00;
15927 : 00;
15928 : 00;
15929 : 00;
15930 : 00;
15931 : 00;
15932 : 20;
15933 : 20;
15934 : 40;
15935 : 60;
15936 : 40;
15937 : 40;
15938 : 60;
15939 : A0;
15940 : A0;
15941 : 80;
15942 : A0;
15943 : 60;
15944 : 40;
15945 : 40;
15946 : 40;
15947 : 20;
15948 : 20;
15949 : 20;
15950 : 20;
15951 : 20;
15952 : 20;
15953 : 20;
15954 : 20;
15955 : 20;
15956 : 20;
15957 : 00;
15958 : 00;
15959 : 00;
15960 : 00;
15961 : 00;
15962 : 00;
15963 : 00;
15964 : 00;
15965 : 00;
15966 : 20;
15967 : 20;
15968 : 20;
15969 : 20;
15970 : 20;
15971 : 20;
15972 : 60;
15973 : 80;
15974 : 60;
15975 : 60;
15976 : A0;
15977 : C4;
15978 : A0;
15979 : 80;
15980 : 60;
15981 : 60;
15982 : 60;
15983 : 80;
15984 : 80;
15985 : 60;
15986 : 40;
15987 : 40;
15988 : 40;
15989 : 60;
15990 : 60;
15991 : 40;
15992 : 20;
15993 : 20;
15994 : 20;
15995 : 20;
15996 : 20;
15997 : 20;
15998 : 20;
15999 : 20;
16000 : 20;
16001 : 20;
16002 : 20;
16003 : 00;
16004 : 00;
16005 : 00;
16006 : 00;
16007 : 00;
16008 : 00;
16009 : 00;
16010 : 00;
16011 : 00;
16012 : 00;
16013 : 00;
16014 : 00;
16015 : 00;
16016 : 00;
16017 : 00;
16018 : 00;
16019 : 00;
16020 : 00;
16021 : 00;
16022 : 00;
16023 : 00;
16024 : 00;
16025 : 00;
16026 : 00;
16027 : 00;
16028 : 00;
16029 : 00;
16030 : 00;
16031 : 00;
16032 : 00;
16033 : 00;
16034 : 00;
16035 : 20;
16036 : 20;
16037 : 20;
16038 : 40;
16039 : 40;
16040 : 40;
16041 : 40;
16042 : 20;
16043 : 40;
16044 : 80;
16045 : A0;
16046 : C4;
16047 : A0;
16048 : A0;
16049 : 80;
16050 : 60;
16051 : 40;
16052 : 20;
16053 : 20;
16054 : 20;
16055 : 20;
16056 : 20;
16057 : 20;
16058 : 20;
16059 : 00;
16060 : 00;
16061 : 00;
16062 : 00;
16063 : 00;
16064 : 00;
16065 : 00;
16066 : 00;
16067 : 00;
16068 : 00;
16069 : 00;
16070 : 00;
16071 : 00;
16072 : 00;
16073 : 00;
16074 : 00;
16075 : 00;
16076 : 00;
16077 : 00;
16078 : 00;
16079 : 00;
16080 : 00;
16081 : 00;
16082 : 00;
16083 : 00;
16084 : 00;
16085 : 00;
16086 : 00;
16087 : 00;
16088 : 00;
16089 : 00;
16090 : 00;
16091 : 00;
16092 : 00;
16093 : 00;
16094 : 00;
16095 : 00;
16096 : 00;
16097 : 00;
16098 : 00;
16099 : 20;
16100 : 40;
16101 : 40;
16102 : 40;
16103 : 20;
16104 : 20;
16105 : 20;
16106 : 40;
16107 : 40;
16108 : 40;
16109 : 40;
16110 : 40;
16111 : 40;
16112 : 60;
16113 : 60;
16114 : 80;
16115 : A0;
16116 : A0;
16117 : A0;
16118 : A0;
16119 : A0;
16120 : C4;
16121 : C4;
16122 : C4;
16123 : C4;
16124 : A0;
16125 : 80;
16126 : A0;
16127 : A0;
16128 : 80;
16129 : 60;
16130 : 40;
16131 : 20;
16132 : 20;
16133 : 20;
16134 : 20;
16135 : 20;
16136 : 20;
16137 : 20;
16138 : 20;
16139 : 20;
16140 : 00;
16141 : 00;
16142 : 00;
16143 : 00;
16144 : 00;
16145 : 00;
16146 : 00;
16147 : 00;
16148 : 00;
16149 : 00;
16150 : 00;
16151 : 00;
16152 : 00;
16153 : 00;
16154 : 00;
16155 : 00;
16156 : 00;
16157 : 00;
16158 : 00;
16159 : 00;
16160 : 20;
16161 : 20;
16162 : 20;
16163 : 20;
16164 : 20;
16165 : 20;
16166 : 00;
16167 : 00;
16168 : 00;
16169 : 00;
16170 : 00;
16171 : 00;
16172 : 20;
16173 : 20;
16174 : 40;
16175 : 60;
16176 : 60;
16177 : 40;
16178 : 60;
16179 : 80;
16180 : A0;
16181 : 80;
16182 : 80;
16183 : 60;
16184 : 40;
16185 : 40;
16186 : 40;
16187 : 20;
16188 : 20;
16189 : 20;
16190 : 20;
16191 : 20;
16192 : 20;
16193 : 20;
16194 : 20;
16195 : 20;
16196 : 20;
16197 : 00;
16198 : 00;
16199 : 00;
16200 : 00;
16201 : 00;
16202 : 00;
16203 : 00;
16204 : 00;
16205 : 00;
16206 : 20;
16207 : 20;
16208 : 20;
16209 : 20;
16210 : 20;
16211 : 20;
16212 : 60;
16213 : 80;
16214 : 80;
16215 : 60;
16216 : 80;
16217 : C4;
16218 : C4;
16219 : A0;
16220 : 80;
16221 : 60;
16222 : 80;
16223 : A0;
16224 : 80;
16225 : 60;
16226 : 40;
16227 : 40;
16228 : 60;
16229 : 60;
16230 : 60;
16231 : 40;
16232 : 20;
16233 : 20;
16234 : 20;
16235 : 00;
16236 : 20;
16237 : 20;
16238 : 20;
16239 : 20;
16240 : 20;
16241 : 20;
16242 : 00;
16243 : 00;
16244 : 00;
16245 : 00;
16246 : 00;
16247 : 00;
16248 : 00;
16249 : 00;
16250 : 00;
16251 : 00;
16252 : 00;
16253 : 00;
16254 : 00;
16255 : 00;
16256 : 00;
16257 : 00;
16258 : 00;
16259 : 00;
16260 : 00;
16261 : 00;
16262 : 00;
16263 : 00;
16264 : 00;
16265 : 00;
16266 : 00;
16267 : 00;
16268 : 00;
16269 : 00;
16270 : 00;
16271 : 00;
16272 : 00;
16273 : 00;
16274 : 00;
16275 : 00;
16276 : 00;
16277 : 20;
16278 : 40;
16279 : 40;
16280 : 40;
16281 : 40;
16282 : 20;
16283 : 40;
16284 : 60;
16285 : A0;
16286 : C4;
16287 : A0;
16288 : A0;
16289 : A0;
16290 : 80;
16291 : 40;
16292 : 40;
16293 : 20;
16294 : 40;
16295 : 40;
16296 : 20;
16297 : 20;
16298 : 00;
16299 : 00;
16300 : 00;
16301 : 00;
16302 : 00;
16303 : 00;
16304 : 00;
16305 : 00;
16306 : 00;
16307 : 00;
16308 : 00;
16309 : 00;
16310 : 00;
16311 : 00;
16312 : 00;
16313 : 00;
16314 : 00;
16315 : 00;
16316 : 00;
16317 : 00;
16318 : 00;
16319 : 00;
16320 : 00;
16321 : 00;
16322 : 00;
16323 : 00;
16324 : 00;
16325 : 00;
16326 : 00;
16327 : 00;
16328 : 00;
16329 : 00;
16330 : 00;
16331 : 00;
16332 : 00;
16333 : 00;
16334 : 00;
16335 : 00;
16336 : 00;
16337 : 00;
16338 : 00;
16339 : 20;
16340 : 40;
16341 : 40;
16342 : 40;
16343 : 40;
16344 : 40;
16345 : 40;
16346 : 40;
16347 : 40;
16348 : 40;
16349 : 60;
16350 : 40;
16351 : 40;
16352 : 60;
16353 : 60;
16354 : 80;
16355 : A0;
16356 : A0;
16357 : A0;
16358 : A0;
16359 : A0;
16360 : C4;
16361 : C4;
16362 : C4;
16363 : A0;
16364 : A0;
16365 : 80;
16366 : A0;
16367 : A0;
16368 : 60;
16369 : 40;
16370 : 20;
16371 : 20;
16372 : 20;
16373 : 20;
16374 : 00;
16375 : 00;
16376 : 00;
16377 : 20;
16378 : 20;
16379 : 20;
16380 : 00;
16381 : 00;
16382 : 00;
16383 : 00;
16384 : 00;
16385 : 00;
16386 : 00;
16387 : 00;
16388 : 00;
16389 : 00;
16390 : 00;
16391 : 00;
16392 : 00;
16393 : 00;
16394 : 00;
16395 : 00;
16396 : 00;
16397 : 00;
16398 : 00;
16399 : 00;
16400 : 20;
16401 : 20;
16402 : 20;
16403 : 20;
16404 : 20;
16405 : 20;
16406 : 20;
16407 : 20;
16408 : 20;
16409 : 00;
16410 : 20;
16411 : 20;
16412 : 20;
16413 : 20;
16414 : 40;
16415 : 60;
16416 : 60;
16417 : 40;
16418 : 40;
16419 : 80;
16420 : A0;
16421 : A0;
16422 : 80;
16423 : 60;
16424 : 40;
16425 : 40;
16426 : 20;
16427 : 20;
16428 : 20;
16429 : 20;
16430 : 20;
16431 : 20;
16432 : 20;
16433 : 20;
16434 : 20;
16435 : 20;
16436 : 20;
16437 : 00;
16438 : 00;
16439 : 00;
16440 : 00;
16441 : 00;
16442 : 00;
16443 : 00;
16444 : 00;
16445 : 20;
16446 : 20;
16447 : 20;
16448 : 20;
16449 : 20;
16450 : 20;
16451 : 20;
16452 : 40;
16453 : 60;
16454 : 80;
16455 : 80;
16456 : 80;
16457 : C4;
16458 : C4;
16459 : A4;
16460 : 80;
16461 : 80;
16462 : 80;
16463 : A0;
16464 : 80;
16465 : 60;
16466 : 40;
16467 : 40;
16468 : 60;
16469 : 60;
16470 : 80;
16471 : 60;
16472 : 40;
16473 : 20;
16474 : 20;
16475 : 20;
16476 : 20;
16477 : 20;
16478 : 20;
16479 : 20;
16480 : 20;
16481 : 00;
16482 : 00;
16483 : 00;
16484 : 00;
16485 : 00;
16486 : 00;
16487 : 00;
16488 : 00;
16489 : 00;
16490 : 00;
16491 : 00;
16492 : 00;
16493 : 00;
16494 : 00;
16495 : 00;
16496 : 00;
16497 : 00;
16498 : 00;
16499 : 00;
16500 : 00;
16501 : 00;
16502 : 00;
16503 : 00;
16504 : 00;
16505 : 00;
16506 : 00;
16507 : 00;
16508 : 00;
16509 : 00;
16510 : 00;
16511 : 00;
16512 : 00;
16513 : 00;
16514 : 00;
16515 : 00;
16516 : 00;
16517 : 20;
16518 : 20;
16519 : 40;
16520 : 40;
16521 : 40;
16522 : 40;
16523 : 40;
16524 : 40;
16525 : 80;
16526 : C4;
16527 : A0;
16528 : A0;
16529 : A0;
16530 : A0;
16531 : 80;
16532 : 40;
16533 : 40;
16534 : 40;
16535 : 40;
16536 : 20;
16537 : 20;
16538 : 20;
16539 : 00;
16540 : 00;
16541 : 00;
16542 : 00;
16543 : 00;
16544 : 00;
16545 : 00;
16546 : 00;
16547 : 00;
16548 : 00;
16549 : 00;
16550 : 00;
16551 : 00;
16552 : 00;
16553 : 00;
16554 : 00;
16555 : 00;
16556 : 00;
16557 : 00;
16558 : 00;
16559 : 00;
16560 : 00;
16561 : 00;
16562 : 00;
16563 : 00;
16564 : 00;
16565 : 00;
16566 : 00;
16567 : 00;
16568 : 00;
16569 : 00;
16570 : 00;
16571 : 00;
16572 : 00;
16573 : 00;
16574 : 00;
16575 : 00;
16576 : 00;
16577 : 00;
16578 : 00;
16579 : 20;
16580 : 20;
16581 : 40;
16582 : 40;
16583 : 40;
16584 : 40;
16585 : 60;
16586 : 60;
16587 : 60;
16588 : 60;
16589 : 60;
16590 : 40;
16591 : 60;
16592 : 60;
16593 : 60;
16594 : 80;
16595 : A0;
16596 : A0;
16597 : A0;
16598 : A0;
16599 : A0;
16600 : C4;
16601 : C4;
16602 : C4;
16603 : A0;
16604 : 80;
16605 : 80;
16606 : A0;
16607 : 80;
16608 : 40;
16609 : 20;
16610 : 20;
16611 : 20;
16612 : 20;
16613 : 00;
16614 : 00;
16615 : 00;
16616 : 00;
16617 : 00;
16618 : 00;
16619 : 00;
16620 : 00;
16621 : 00;
16622 : 00;
16623 : 00;
16624 : 00;
16625 : 00;
16626 : 00;
16627 : 00;
16628 : 00;
16629 : 00;
16630 : 00;
16631 : 00;
16632 : 00;
16633 : 00;
16634 : 00;
16635 : 00;
16636 : 00;
16637 : 00;
16638 : 00;
16639 : 00;
16640 : 20;
16641 : 20;
16642 : 20;
16643 : 20;
16644 : 40;
16645 : 20;
16646 : 20;
16647 : 20;
16648 : 20;
16649 : 00;
16650 : 20;
16651 : 20;
16652 : 20;
16653 : 20;
16654 : 40;
16655 : 60;
16656 : 60;
16657 : 40;
16658 : 40;
16659 : 60;
16660 : 80;
16661 : A0;
16662 : 80;
16663 : 60;
16664 : 40;
16665 : 40;
16666 : 20;
16667 : 20;
16668 : 20;
16669 : 20;
16670 : 20;
16671 : 20;
16672 : 20;
16673 : 20;
16674 : 20;
16675 : 20;
16676 : 20;
16677 : 00;
16678 : 00;
16679 : 00;
16680 : 00;
16681 : 00;
16682 : 00;
16683 : 00;
16684 : 00;
16685 : 20;
16686 : 20;
16687 : 20;
16688 : 20;
16689 : 20;
16690 : 20;
16691 : 20;
16692 : 20;
16693 : 60;
16694 : 80;
16695 : 80;
16696 : A0;
16697 : A0;
16698 : C4;
16699 : C4;
16700 : A0;
16701 : A0;
16702 : A0;
16703 : A0;
16704 : A0;
16705 : 80;
16706 : 60;
16707 : 40;
16708 : 60;
16709 : 60;
16710 : 80;
16711 : 80;
16712 : 60;
16713 : 40;
16714 : 20;
16715 : 20;
16716 : 20;
16717 : 20;
16718 : 00;
16719 : 00;
16720 : 00;
16721 : 00;
16722 : 00;
16723 : 00;
16724 : 00;
16725 : 00;
16726 : 00;
16727 : 00;
16728 : 00;
16729 : 00;
16730 : 00;
16731 : 00;
16732 : 00;
16733 : 00;
16734 : 00;
16735 : 00;
16736 : 00;
16737 : 00;
16738 : 00;
16739 : 00;
16740 : 00;
16741 : 00;
16742 : 00;
16743 : 00;
16744 : 00;
16745 : 00;
16746 : 00;
16747 : 00;
16748 : 00;
16749 : 00;
16750 : 00;
16751 : 00;
16752 : 00;
16753 : 00;
16754 : 00;
16755 : 00;
16756 : 00;
16757 : 00;
16758 : 20;
16759 : 20;
16760 : 40;
16761 : 40;
16762 : 40;
16763 : 40;
16764 : 40;
16765 : 80;
16766 : C4;
16767 : A4;
16768 : A0;
16769 : 80;
16770 : A0;
16771 : 80;
16772 : 80;
16773 : 40;
16774 : 40;
16775 : 40;
16776 : 20;
16777 : 20;
16778 : 20;
16779 : 00;
16780 : 00;
16781 : 00;
16782 : 00;
16783 : 00;
16784 : 00;
16785 : 00;
16786 : 00;
16787 : 00;
16788 : 00;
16789 : 00;
16790 : 00;
16791 : 00;
16792 : 00;
16793 : 00;
16794 : 00;
16795 : 00;
16796 : 00;
16797 : 00;
16798 : 00;
16799 : 00;
16800 : 00;
16801 : 00;
16802 : 00;
16803 : 00;
16804 : 00;
16805 : 00;
16806 : 00;
16807 : 00;
16808 : 00;
16809 : 00;
16810 : 00;
16811 : 00;
16812 : 00;
16813 : 00;
16814 : 00;
16815 : 00;
16816 : 00;
16817 : 00;
16818 : 00;
16819 : 20;
16820 : 20;
16821 : 40;
16822 : 40;
16823 : 40;
16824 : 40;
16825 : 60;
16826 : 60;
16827 : 60;
16828 : 60;
16829 : 60;
16830 : 60;
16831 : 60;
16832 : 60;
16833 : 80;
16834 : A0;
16835 : A0;
16836 : A0;
16837 : A0;
16838 : A0;
16839 : A0;
16840 : C4;
16841 : C4;
16842 : C4;
16843 : A0;
16844 : 80;
16845 : 80;
16846 : 80;
16847 : 80;
16848 : 40;
16849 : 20;
16850 : 20;
16851 : 20;
16852 : 20;
16853 : 00;
16854 : 00;
16855 : 00;
16856 : 00;
16857 : 00;
16858 : 00;
16859 : 00;
16860 : 00;
16861 : 00;
16862 : 00;
16863 : 00;
16864 : 00;
16865 : 00;
16866 : 00;
16867 : 00;
16868 : 00;
16869 : 00;
16870 : 00;
16871 : 00;
16872 : 00;
16873 : 00;
16874 : 00;
16875 : 00;
16876 : 00;
16877 : 00;
16878 : 00;
16879 : 20;
16880 : 20;
16881 : 20;
16882 : 20;
16883 : 20;
16884 : 40;
16885 : 20;
16886 : 20;
16887 : 20;
16888 : 20;
16889 : 20;
16890 : 20;
16891 : 20;
16892 : 20;
16893 : 20;
16894 : 40;
16895 : 60;
16896 : 60;
16897 : 40;
16898 : 40;
16899 : 40;
16900 : 80;
16901 : A0;
16902 : 80;
16903 : 60;
16904 : 40;
16905 : 40;
16906 : 20;
16907 : 20;
16908 : 20;
16909 : 20;
16910 : 20;
16911 : 20;
16912 : 20;
16913 : 20;
16914 : 20;
16915 : 20;
16916 : 20;
16917 : 00;
16918 : 00;
16919 : 00;
16920 : 00;
16921 : 00;
16922 : 00;
16923 : 00;
16924 : 00;
16925 : 20;
16926 : 20;
16927 : 20;
16928 : 20;
16929 : 20;
16930 : 20;
16931 : 20;
16932 : 20;
16933 : 40;
16934 : 60;
16935 : 80;
16936 : 80;
16937 : A0;
16938 : C4;
16939 : C4;
16940 : C4;
16941 : A0;
16942 : A0;
16943 : A0;
16944 : A0;
16945 : 80;
16946 : 60;
16947 : 60;
16948 : 60;
16949 : 60;
16950 : 80;
16951 : 80;
16952 : 80;
16953 : 60;
16954 : 40;
16955 : 00;
16956 : 20;
16957 : 20;
16958 : 00;
16959 : 00;
16960 : 00;
16961 : 00;
16962 : 00;
16963 : 00;
16964 : 00;
16965 : 00;
16966 : 00;
16967 : 00;
16968 : 00;
16969 : 00;
16970 : 00;
16971 : 00;
16972 : 00;
16973 : 00;
16974 : 00;
16975 : 00;
16976 : 00;
16977 : 00;
16978 : 00;
16979 : 00;
16980 : 00;
16981 : 00;
16982 : 00;
16983 : 00;
16984 : 00;
16985 : 00;
16986 : 00;
16987 : 00;
16988 : 00;
16989 : 00;
16990 : 00;
16991 : 00;
16992 : 00;
16993 : 00;
16994 : 00;
16995 : 00;
16996 : 00;
16997 : 00;
16998 : 00;
16999 : 20;
17000 : 40;
17001 : 40;
17002 : 40;
17003 : 40;
17004 : 40;
17005 : 80;
17006 : A0;
17007 : C4;
17008 : A0;
17009 : 80;
17010 : A0;
17011 : A0;
17012 : A0;
17013 : 80;
17014 : 60;
17015 : 40;
17016 : 20;
17017 : 20;
17018 : 20;
17019 : 00;
17020 : 00;
17021 : 00;
17022 : 20;
17023 : 20;
17024 : 00;
17025 : 00;
17026 : 00;
17027 : 00;
17028 : 00;
17029 : 00;
17030 : 00;
17031 : 00;
17032 : 00;
17033 : 00;
17034 : 00;
17035 : 00;
17036 : 00;
17037 : 00;
17038 : 00;
17039 : 00;
17040 : 00;
17041 : 00;
17042 : 00;
17043 : 00;
17044 : 00;
17045 : 00;
17046 : 00;
17047 : 00;
17048 : 00;
17049 : 00;
17050 : 00;
17051 : 00;
17052 : 00;
17053 : 00;
17054 : 00;
17055 : 00;
17056 : 00;
17057 : 00;
17058 : 00;
17059 : 00;
17060 : 20;
17061 : 20;
17062 : 40;
17063 : 40;
17064 : 40;
17065 : 60;
17066 : 60;
17067 : 80;
17068 : 80;
17069 : 60;
17070 : 60;
17071 : 80;
17072 : 80;
17073 : A0;
17074 : A0;
17075 : A0;
17076 : A0;
17077 : A0;
17078 : A0;
17079 : A0;
17080 : C4;
17081 : C4;
17082 : A0;
17083 : 80;
17084 : 80;
17085 : 80;
17086 : A0;
17087 : A0;
17088 : 40;
17089 : 20;
17090 : 20;
17091 : 20;
17092 : 20;
17093 : 20;
17094 : 00;
17095 : 00;
17096 : 00;
17097 : 00;
17098 : 00;
17099 : 00;
17100 : 00;
17101 : 00;
17102 : 00;
17103 : 00;
17104 : 00;
17105 : 00;
17106 : 00;
17107 : 00;
17108 : 00;
17109 : 00;
17110 : 00;
17111 : 00;
17112 : 00;
17113 : 20;
17114 : 20;
17115 : 00;
17116 : 00;
17117 : 00;
17118 : 00;
17119 : 20;
17120 : 20;
17121 : 20;
17122 : 20;
17123 : 20;
17124 : 20;
17125 : 40;
17126 : 20;
17127 : 20;
17128 : 20;
17129 : 20;
17130 : 20;
17131 : 20;
17132 : 20;
17133 : 20;
17134 : 40;
17135 : 60;
17136 : 60;
17137 : 40;
17138 : 40;
17139 : 40;
17140 : 80;
17141 : A0;
17142 : 80;
17143 : 60;
17144 : 40;
17145 : 20;
17146 : 20;
17147 : 20;
17148 : 20;
17149 : 20;
17150 : 20;
17151 : 20;
17152 : 20;
17153 : 20;
17154 : 20;
17155 : 20;
17156 : 20;
17157 : 00;
17158 : 00;
17159 : 00;
17160 : 00;
17161 : 00;
17162 : 00;
17163 : 00;
17164 : 00;
17165 : 20;
17166 : 20;
17167 : 20;
17168 : 20;
17169 : 20;
17170 : 20;
17171 : 20;
17172 : 20;
17173 : 40;
17174 : 40;
17175 : 60;
17176 : 80;
17177 : A0;
17178 : C4;
17179 : C4;
17180 : C4;
17181 : A0;
17182 : A0;
17183 : C4;
17184 : C4;
17185 : A0;
17186 : 80;
17187 : 80;
17188 : 60;
17189 : 60;
17190 : 80;
17191 : 80;
17192 : 80;
17193 : 80;
17194 : 60;
17195 : 20;
17196 : 00;
17197 : 00;
17198 : 00;
17199 : 00;
17200 : 00;
17201 : 00;
17202 : 00;
17203 : 00;
17204 : 00;
17205 : 00;
17206 : 20;
17207 : 20;
17208 : 00;
17209 : 00;
17210 : 00;
17211 : 00;
17212 : 00;
17213 : 00;
17214 : 00;
17215 : 00;
17216 : 00;
17217 : 00;
17218 : 00;
17219 : 00;
17220 : 00;
17221 : 00;
17222 : 00;
17223 : 00;
17224 : 00;
17225 : 00;
17226 : 00;
17227 : 00;
17228 : 00;
17229 : 00;
17230 : 00;
17231 : 00;
17232 : 00;
17233 : 00;
17234 : 00;
17235 : 00;
17236 : 00;
17237 : 00;
17238 : 20;
17239 : 20;
17240 : 40;
17241 : 40;
17242 : 40;
17243 : 40;
17244 : 40;
17245 : 60;
17246 : A0;
17247 : C4;
17248 : C4;
17249 : A0;
17250 : A0;
17251 : A0;
17252 : C4;
17253 : A0;
17254 : 80;
17255 : 60;
17256 : 40;
17257 : 20;
17258 : 20;
17259 : 20;
17260 : 20;
17261 : 20;
17262 : 20;
17263 : 20;
17264 : 20;
17265 : 00;
17266 : 00;
17267 : 00;
17268 : 00;
17269 : 00;
17270 : 00;
17271 : 00;
17272 : 00;
17273 : 00;
17274 : 00;
17275 : 00;
17276 : 00;
17277 : 00;
17278 : 00;
17279 : 00;
17280 : 00;
17281 : 00;
17282 : 00;
17283 : 00;
17284 : 00;
17285 : 00;
17286 : 00;
17287 : 00;
17288 : 00;
17289 : 00;
17290 : 00;
17291 : 00;
17292 : 00;
17293 : 00;
17294 : 00;
17295 : 00;
17296 : 00;
17297 : 00;
17298 : 00;
17299 : 00;
17300 : 20;
17301 : 20;
17302 : 40;
17303 : 40;
17304 : 40;
17305 : 40;
17306 : 60;
17307 : 80;
17308 : 80;
17309 : 80;
17310 : 80;
17311 : 80;
17312 : A0;
17313 : A0;
17314 : A0;
17315 : A0;
17316 : A0;
17317 : A0;
17318 : A0;
17319 : A0;
17320 : A0;
17321 : A0;
17322 : A0;
17323 : 80;
17324 : 80;
17325 : 80;
17326 : A0;
17327 : A0;
17328 : 40;
17329 : 20;
17330 : 20;
17331 : 20;
17332 : 20;
17333 : 00;
17334 : 00;
17335 : 00;
17336 : 00;
17337 : 00;
17338 : 00;
17339 : 00;
17340 : 00;
17341 : 00;
17342 : 00;
17343 : 00;
17344 : 00;
17345 : 00;
17346 : 00;
17347 : 00;
17348 : 00;
17349 : 00;
17350 : 00;
17351 : 00;
17352 : 20;
17353 : 20;
17354 : 20;
17355 : 20;
17356 : 00;
17357 : 00;
17358 : 00;
17359 : 20;
17360 : 20;
17361 : 20;
17362 : 20;
17363 : 20;
17364 : 20;
17365 : 40;
17366 : 40;
17367 : 20;
17368 : 20;
17369 : 20;
17370 : 20;
17371 : 20;
17372 : 20;
17373 : 40;
17374 : 60;
17375 : 60;
17376 : 60;
17377 : 40;
17378 : 40;
17379 : 40;
17380 : 80;
17381 : A0;
17382 : 80;
17383 : 60;
17384 : 40;
17385 : 20;
17386 : 20;
17387 : 20;
17388 : 20;
17389 : 20;
17390 : 20;
17391 : 20;
17392 : 20;
17393 : 20;
17394 : 20;
17395 : 20;
17396 : 20;
17397 : 00;
17398 : 00;
17399 : 00;
17400 : 00;
17401 : 00;
17402 : 00;
17403 : 00;
17404 : 00;
17405 : 20;
17406 : 20;
17407 : 20;
17408 : 20;
17409 : 20;
17410 : 20;
17411 : 20;
17412 : 20;
17413 : 40;
17414 : 40;
17415 : 40;
17416 : 60;
17417 : 80;
17418 : C4;
17419 : C4;
17420 : C4;
17421 : A4;
17422 : A0;
17423 : C4;
17424 : C4;
17425 : C4;
17426 : A0;
17427 : A0;
17428 : 80;
17429 : 80;
17430 : 80;
17431 : 80;
17432 : 80;
17433 : A0;
17434 : 80;
17435 : 40;
17436 : 20;
17437 : 00;
17438 : 20;
17439 : 00;
17440 : 00;
17441 : 00;
17442 : 00;
17443 : 00;
17444 : 00;
17445 : 00;
17446 : 20;
17447 : 20;
17448 : 00;
17449 : 00;
17450 : 00;
17451 : 00;
17452 : 00;
17453 : 00;
17454 : 00;
17455 : 00;
17456 : 00;
17457 : 00;
17458 : 00;
17459 : 00;
17460 : 00;
17461 : 00;
17462 : 00;
17463 : 00;
17464 : 00;
17465 : 00;
17466 : 00;
17467 : 00;
17468 : 00;
17469 : 00;
17470 : 00;
17471 : 00;
17472 : 00;
17473 : 00;
17474 : 00;
17475 : 00;
17476 : 00;
17477 : 00;
17478 : 20;
17479 : 20;
17480 : 40;
17481 : 40;
17482 : 40;
17483 : 40;
17484 : 60;
17485 : 80;
17486 : A0;
17487 : C4;
17488 : C4;
17489 : A0;
17490 : A0;
17491 : C4;
17492 : C4;
17493 : C4;
17494 : A0;
17495 : 80;
17496 : 60;
17497 : 40;
17498 : 20;
17499 : 20;
17500 : 20;
17501 : 20;
17502 : 40;
17503 : 40;
17504 : 20;
17505 : 00;
17506 : 00;
17507 : 00;
17508 : 00;
17509 : 00;
17510 : 00;
17511 : 00;
17512 : 00;
17513 : 00;
17514 : 00;
17515 : 00;
17516 : 00;
17517 : 00;
17518 : 00;
17519 : 00;
17520 : 00;
17521 : 00;
17522 : 00;
17523 : 00;
17524 : 00;
17525 : 00;
17526 : 00;
17527 : 00;
17528 : 00;
17529 : 00;
17530 : 00;
17531 : 00;
17532 : 00;
17533 : 00;
17534 : 00;
17535 : 00;
17536 : 00;
17537 : 00;
17538 : 00;
17539 : 20;
17540 : 20;
17541 : 20;
17542 : 20;
17543 : 20;
17544 : 20;
17545 : 40;
17546 : 60;
17547 : A0;
17548 : A0;
17549 : A0;
17550 : A0;
17551 : A0;
17552 : A0;
17553 : A0;
17554 : A0;
17555 : A0;
17556 : A0;
17557 : A0;
17558 : A0;
17559 : C4;
17560 : A0;
17561 : A0;
17562 : A0;
17563 : 80;
17564 : 80;
17565 : 80;
17566 : A0;
17567 : A0;
17568 : 40;
17569 : 20;
17570 : 20;
17571 : 20;
17572 : 20;
17573 : 20;
17574 : 00;
17575 : 00;
17576 : 00;
17577 : 00;
17578 : 00;
17579 : 00;
17580 : 00;
17581 : 00;
17582 : 00;
17583 : 00;
17584 : 20;
17585 : 20;
17586 : 00;
17587 : 00;
17588 : 00;
17589 : 00;
17590 : 00;
17591 : 20;
17592 : 20;
17593 : 20;
17594 : 20;
17595 : 20;
17596 : 20;
17597 : 20;
17598 : 20;
17599 : 20;
17600 : 20;
17601 : 20;
17602 : 20;
17603 : 20;
17604 : 20;
17605 : 40;
17606 : 40;
17607 : 40;
17608 : 20;
17609 : 20;
17610 : 20;
17611 : 20;
17612 : 40;
17613 : 40;
17614 : 60;
17615 : 60;
17616 : 60;
17617 : 60;
17618 : 40;
17619 : 60;
17620 : 80;
17621 : A0;
17622 : A0;
17623 : 60;
17624 : 40;
17625 : 40;
17626 : 20;
17627 : 20;
17628 : 20;
17629 : 20;
17630 : 20;
17631 : 20;
17632 : 20;
17633 : 20;
17634 : 20;
17635 : 20;
17636 : 00;
17637 : 00;
17638 : 00;
17639 : 00;
17640 : 00;
17641 : 00;
17642 : 00;
17643 : 00;
17644 : 00;
17645 : 20;
17646 : 20;
17647 : 20;
17648 : 20;
17649 : 20;
17650 : 20;
17651 : 20;
17652 : 20;
17653 : 40;
17654 : 40;
17655 : 40;
17656 : 40;
17657 : 60;
17658 : A0;
17659 : C4;
17660 : C4;
17661 : C4;
17662 : C4;
17663 : C4;
17664 : C4;
17665 : C4;
17666 : C4;
17667 : C4;
17668 : C4;
17669 : A0;
17670 : A0;
17671 : 80;
17672 : 80;
17673 : A0;
17674 : 80;
17675 : 60;
17676 : 20;
17677 : 00;
17678 : 20;
17679 : 00;
17680 : 00;
17681 : 00;
17682 : 00;
17683 : 00;
17684 : 00;
17685 : 00;
17686 : 20;
17687 : 20;
17688 : 00;
17689 : 00;
17690 : 00;
17691 : 00;
17692 : 00;
17693 : 00;
17694 : 00;
17695 : 00;
17696 : 00;
17697 : 00;
17698 : 00;
17699 : 00;
17700 : 00;
17701 : 00;
17702 : 00;
17703 : 00;
17704 : 00;
17705 : 00;
17706 : 00;
17707 : 00;
17708 : 00;
17709 : 00;
17710 : 00;
17711 : 00;
17712 : 00;
17713 : 00;
17714 : 00;
17715 : 00;
17716 : 20;
17717 : 20;
17718 : 00;
17719 : 20;
17720 : 40;
17721 : 60;
17722 : 60;
17723 : 40;
17724 : 60;
17725 : 60;
17726 : 80;
17727 : C4;
17728 : C4;
17729 : C4;
17730 : A0;
17731 : C4;
17732 : C4;
17733 : C4;
17734 : C4;
17735 : A0;
17736 : 80;
17737 : 60;
17738 : 40;
17739 : 20;
17740 : 20;
17741 : 20;
17742 : 40;
17743 : 40;
17744 : 40;
17745 : 20;
17746 : 00;
17747 : 00;
17748 : 00;
17749 : 00;
17750 : 00;
17751 : 00;
17752 : 00;
17753 : 00;
17754 : 00;
17755 : 00;
17756 : 00;
17757 : 00;
17758 : 00;
17759 : 00;
17760 : 00;
17761 : 00;
17762 : 00;
17763 : 00;
17764 : 00;
17765 : 00;
17766 : 00;
17767 : 00;
17768 : 00;
17769 : 00;
17770 : 00;
17771 : 00;
17772 : 00;
17773 : 00;
17774 : 00;
17775 : 00;
17776 : 00;
17777 : 00;
17778 : 00;
17779 : 20;
17780 : 20;
17781 : 20;
17782 : 20;
17783 : 20;
17784 : 20;
17785 : 20;
17786 : 60;
17787 : A0;
17788 : A0;
17789 : A0;
17790 : A0;
17791 : A0;
17792 : A0;
17793 : A0;
17794 : A0;
17795 : A0;
17796 : A0;
17797 : A0;
17798 : A0;
17799 : A0;
17800 : A0;
17801 : 80;
17802 : 80;
17803 : A0;
17804 : 80;
17805 : 80;
17806 : A0;
17807 : A0;
17808 : 40;
17809 : 20;
17810 : 20;
17811 : 40;
17812 : 20;
17813 : 20;
17814 : 00;
17815 : 00;
17816 : 00;
17817 : 00;
17818 : 00;
17819 : 00;
17820 : 00;
17821 : 00;
17822 : 00;
17823 : 00;
17824 : 20;
17825 : 20;
17826 : 20;
17827 : 20;
17828 : 00;
17829 : 00;
17830 : 00;
17831 : 20;
17832 : 20;
17833 : 20;
17834 : 20;
17835 : 20;
17836 : 20;
17837 : 20;
17838 : 20;
17839 : 20;
17840 : 20;
17841 : 20;
17842 : 20;
17843 : 20;
17844 : 20;
17845 : 40;
17846 : 40;
17847 : 40;
17848 : 40;
17849 : 40;
17850 : 40;
17851 : 40;
17852 : 40;
17853 : 60;
17854 : 60;
17855 : 60;
17856 : 60;
17857 : 60;
17858 : 60;
17859 : 80;
17860 : A0;
17861 : A0;
17862 : A0;
17863 : 60;
17864 : 40;
17865 : 40;
17866 : 20;
17867 : 20;
17868 : 20;
17869 : 20;
17870 : 20;
17871 : 20;
17872 : 20;
17873 : 20;
17874 : 20;
17875 : 20;
17876 : 00;
17877 : 00;
17878 : 00;
17879 : 00;
17880 : 00;
17881 : 00;
17882 : 00;
17883 : 00;
17884 : 20;
17885 : 20;
17886 : 20;
17887 : 20;
17888 : 20;
17889 : 20;
17890 : 20;
17891 : 20;
17892 : 20;
17893 : 40;
17894 : 40;
17895 : 60;
17896 : 40;
17897 : 40;
17898 : 80;
17899 : C4;
17900 : C4;
17901 : A4;
17902 : A0;
17903 : C4;
17904 : C4;
17905 : C4;
17906 : C4;
17907 : C4;
17908 : C4;
17909 : C4;
17910 : C4;
17911 : A0;
17912 : 80;
17913 : A0;
17914 : A0;
17915 : 60;
17916 : 20;
17917 : 00;
17918 : 20;
17919 : 00;
17920 : 00;
17921 : 00;
17922 : 00;
17923 : 00;
17924 : 00;
17925 : 20;
17926 : 20;
17927 : 20;
17928 : 00;
17929 : 00;
17930 : 00;
17931 : 00;
17932 : 00;
17933 : 00;
17934 : 00;
17935 : 00;
17936 : 00;
17937 : 00;
17938 : 00;
17939 : 00;
17940 : 00;
17941 : 00;
17942 : 00;
17943 : 00;
17944 : 00;
17945 : 00;
17946 : 00;
17947 : 00;
17948 : 00;
17949 : 00;
17950 : 00;
17951 : 00;
17952 : 00;
17953 : 00;
17954 : 00;
17955 : 00;
17956 : 20;
17957 : 20;
17958 : 00;
17959 : 20;
17960 : 60;
17961 : 80;
17962 : 60;
17963 : 60;
17964 : 60;
17965 : 80;
17966 : 80;
17967 : A0;
17968 : A4;
17969 : C4;
17970 : A0;
17971 : C4;
17972 : C4;
17973 : E8;
17974 : C4;
17975 : C4;
17976 : A0;
17977 : A0;
17978 : 80;
17979 : 60;
17980 : 40;
17981 : 20;
17982 : 40;
17983 : 40;
17984 : 40;
17985 : 20;
17986 : 20;
17987 : 00;
17988 : 00;
17989 : 00;
17990 : 00;
17991 : 00;
17992 : 00;
17993 : 00;
17994 : 00;
17995 : 00;
17996 : 00;
17997 : 00;
17998 : 00;
17999 : 00;
18000 : 00;
18001 : 00;
18002 : 00;
18003 : 00;
18004 : 00;
18005 : 00;
18006 : 00;
18007 : 00;
18008 : 00;
18009 : 00;
18010 : 00;
18011 : 00;
18012 : 00;
18013 : 00;
18014 : 00;
18015 : 00;
18016 : 00;
18017 : 00;
18018 : 20;
18019 : 20;
18020 : 20;
18021 : 20;
18022 : 20;
18023 : 20;
18024 : 20;
18025 : 40;
18026 : 60;
18027 : A0;
18028 : C0;
18029 : A0;
18030 : A0;
18031 : A0;
18032 : A0;
18033 : A0;
18034 : A0;
18035 : A0;
18036 : A0;
18037 : A0;
18038 : A0;
18039 : A0;
18040 : 80;
18041 : 80;
18042 : 80;
18043 : A0;
18044 : A0;
18045 : 80;
18046 : A0;
18047 : A0;
18048 : 40;
18049 : 20;
18050 : 20;
18051 : 40;
18052 : 20;
18053 : 20;
18054 : 20;
18055 : 00;
18056 : 00;
18057 : 00;
18058 : 00;
18059 : 00;
18060 : 00;
18061 : 00;
18062 : 00;
18063 : 20;
18064 : 20;
18065 : 20;
18066 : 20;
18067 : 20;
18068 : 20;
18069 : 20;
18070 : 20;
18071 : 20;
18072 : 20;
18073 : 20;
18074 : 20;
18075 : 20;
18076 : 20;
18077 : 20;
18078 : 20;
18079 : 20;
18080 : 20;
18081 : 20;
18082 : 20;
18083 : 20;
18084 : 20;
18085 : 20;
18086 : 40;
18087 : 40;
18088 : 40;
18089 : 40;
18090 : 40;
18091 : 40;
18092 : 40;
18093 : 60;
18094 : 60;
18095 : 60;
18096 : 60;
18097 : 60;
18098 : 80;
18099 : A0;
18100 : A0;
18101 : A0;
18102 : A0;
18103 : 60;
18104 : 40;
18105 : 40;
18106 : 20;
18107 : 20;
18108 : 20;
18109 : 20;
18110 : 20;
18111 : 20;
18112 : 20;
18113 : 20;
18114 : 20;
18115 : 20;
18116 : 00;
18117 : 00;
18118 : 00;
18119 : 00;
18120 : 00;
18121 : 00;
18122 : 00;
18123 : 20;
18124 : 00;
18125 : 00;
18126 : 20;
18127 : 20;
18128 : 20;
18129 : 20;
18130 : 20;
18131 : 20;
18132 : 20;
18133 : 40;
18134 : 40;
18135 : 60;
18136 : 60;
18137 : 60;
18138 : 80;
18139 : A0;
18140 : C4;
18141 : A0;
18142 : A0;
18143 : A4;
18144 : C4;
18145 : C4;
18146 : C4;
18147 : C8;
18148 : E8;
18149 : C4;
18150 : A0;
18151 : 80;
18152 : 60;
18153 : 80;
18154 : A0;
18155 : 80;
18156 : 40;
18157 : 20;
18158 : 20;
18159 : 00;
18160 : 00;
18161 : 00;
18162 : 00;
18163 : 00;
18164 : 00;
18165 : 20;
18166 : 20;
18167 : 20;
18168 : 00;
18169 : 00;
18170 : 00;
18171 : 00;
18172 : 00;
18173 : 00;
18174 : 00;
18175 : 00;
18176 : 00;
18177 : 00;
18178 : 00;
18179 : 00;
18180 : 00;
18181 : 00;
18182 : 00;
18183 : 00;
18184 : 00;
18185 : 00;
18186 : 00;
18187 : 00;
18188 : 00;
18189 : 00;
18190 : 00;
18191 : 00;
18192 : 00;
18193 : 00;
18194 : 00;
18195 : 20;
18196 : 20;
18197 : 20;
18198 : 00;
18199 : 20;
18200 : 60;
18201 : A0;
18202 : 80;
18203 : 60;
18204 : 80;
18205 : 80;
18206 : 80;
18207 : 80;
18208 : A0;
18209 : C4;
18210 : C4;
18211 : C4;
18212 : C4;
18213 : C4;
18214 : C4;
18215 : C4;
18216 : A4;
18217 : A4;
18218 : C0;
18219 : A0;
18220 : 80;
18221 : 60;
18222 : 40;
18223 : 40;
18224 : 60;
18225 : 60;
18226 : 40;
18227 : 20;
18228 : 00;
18229 : 00;
18230 : 00;
18231 : 00;
18232 : 00;
18233 : 00;
18234 : 00;
18235 : 00;
18236 : 00;
18237 : 00;
18238 : 00;
18239 : 00;
18240 : 00;
18241 : 00;
18242 : 00;
18243 : 00;
18244 : 00;
18245 : 00;
18246 : 00;
18247 : 00;
18248 : 00;
18249 : 00;
18250 : 00;
18251 : 00;
18252 : 00;
18253 : 00;
18254 : 00;
18255 : 00;
18256 : 20;
18257 : 20;
18258 : 20;
18259 : 20;
18260 : 20;
18261 : 20;
18262 : 20;
18263 : 20;
18264 : 20;
18265 : 60;
18266 : 80;
18267 : C4;
18268 : C4;
18269 : A0;
18270 : A0;
18271 : A0;
18272 : A0;
18273 : C0;
18274 : C4;
18275 : C0;
18276 : A0;
18277 : A0;
18278 : 80;
18279 : 80;
18280 : 80;
18281 : 80;
18282 : 80;
18283 : A0;
18284 : A0;
18285 : A0;
18286 : A0;
18287 : A0;
18288 : 60;
18289 : 20;
18290 : 20;
18291 : 20;
18292 : 40;
18293 : 20;
18294 : 20;
18295 : 20;
18296 : 00;
18297 : 00;
18298 : 00;
18299 : 00;
18300 : 00;
18301 : 00;
18302 : 00;
18303 : 20;
18304 : 20;
18305 : 20;
18306 : 20;
18307 : 20;
18308 : 20;
18309 : 20;
18310 : 20;
18311 : 20;
18312 : 20;
18313 : 20;
18314 : 20;
18315 : 20;
18316 : 20;
18317 : 20;
18318 : 20;
18319 : 20;
18320 : 20;
18321 : 20;
18322 : 20;
18323 : 20;
18324 : 00;
18325 : 20;
18326 : 40;
18327 : 60;
18328 : 60;
18329 : 60;
18330 : 40;
18331 : 40;
18332 : 60;
18333 : 60;
18334 : 80;
18335 : 80;
18336 : 80;
18337 : 80;
18338 : A0;
18339 : A0;
18340 : A0;
18341 : A0;
18342 : A0;
18343 : 60;
18344 : 20;
18345 : 40;
18346 : 20;
18347 : 20;
18348 : 20;
18349 : 20;
18350 : 20;
18351 : 20;
18352 : 20;
18353 : 20;
18354 : 20;
18355 : 20;
18356 : 00;
18357 : 00;
18358 : 00;
18359 : 00;
18360 : 00;
18361 : 00;
18362 : 00;
18363 : 00;
18364 : 00;
18365 : 00;
18366 : 20;
18367 : 20;
18368 : 20;
18369 : 20;
18370 : 20;
18371 : 20;
18372 : 20;
18373 : 20;
18374 : 40;
18375 : 80;
18376 : 60;
18377 : 60;
18378 : 80;
18379 : A0;
18380 : C4;
18381 : A0;
18382 : A0;
18383 : A0;
18384 : C4;
18385 : C4;
18386 : C8;
18387 : E8;
18388 : E8;
18389 : C4;
18390 : 60;
18391 : 60;
18392 : 60;
18393 : 60;
18394 : 80;
18395 : 60;
18396 : 40;
18397 : 20;
18398 : 00;
18399 : 00;
18400 : 00;
18401 : 00;
18402 : 00;
18403 : 00;
18404 : 00;
18405 : 20;
18406 : 20;
18407 : 20;
18408 : 00;
18409 : 00;
18410 : 00;
18411 : 00;
18412 : 00;
18413 : 00;
18414 : 00;
18415 : 00;
18416 : 00;
18417 : 00;
18418 : 00;
18419 : 00;
18420 : 00;
18421 : 00;
18422 : 00;
18423 : 00;
18424 : 00;
18425 : 00;
18426 : 00;
18427 : 00;
18428 : 00;
18429 : 00;
18430 : 00;
18431 : 00;
18432 : 00;
18433 : 00;
18434 : 00;
18435 : 20;
18436 : 20;
18437 : 20;
18438 : 20;
18439 : 20;
18440 : 60;
18441 : A4;
18442 : A0;
18443 : 80;
18444 : 80;
18445 : 80;
18446 : 80;
18447 : 80;
18448 : 80;
18449 : A0;
18450 : A0;
18451 : C4;
18452 : C4;
18453 : C4;
18454 : C4;
18455 : A0;
18456 : A0;
18457 : A0;
18458 : A4;
18459 : C4;
18460 : C4;
18461 : A0;
18462 : 80;
18463 : 80;
18464 : 60;
18465 : 80;
18466 : 80;
18467 : 60;
18468 : 20;
18469 : 20;
18470 : 00;
18471 : 00;
18472 : 00;
18473 : 00;
18474 : 00;
18475 : 00;
18476 : 00;
18477 : 00;
18478 : 00;
18479 : 00;
18480 : 00;
18481 : 00;
18482 : 00;
18483 : 00;
18484 : 00;
18485 : 00;
18486 : 00;
18487 : 00;
18488 : 00;
18489 : 00;
18490 : 00;
18491 : 00;
18492 : 00;
18493 : 00;
18494 : 00;
18495 : 20;
18496 : 20;
18497 : 20;
18498 : 20;
18499 : 20;
18500 : 20;
18501 : 20;
18502 : 20;
18503 : 20;
18504 : 40;
18505 : 80;
18506 : A0;
18507 : C4;
18508 : C4;
18509 : C4;
18510 : C4;
18511 : C4;
18512 : C4;
18513 : C4;
18514 : C4;
18515 : C4;
18516 : A0;
18517 : 80;
18518 : 60;
18519 : 80;
18520 : 80;
18521 : 80;
18522 : A0;
18523 : A4;
18524 : C4;
18525 : A0;
18526 : A0;
18527 : A0;
18528 : 60;
18529 : 40;
18530 : 20;
18531 : 40;
18532 : 40;
18533 : 20;
18534 : 20;
18535 : 20;
18536 : 20;
18537 : 00;
18538 : 00;
18539 : 00;
18540 : 00;
18541 : 00;
18542 : 00;
18543 : 20;
18544 : 20;
18545 : 20;
18546 : 40;
18547 : 40;
18548 : 40;
18549 : 40;
18550 : 40;
18551 : 40;
18552 : 20;
18553 : 20;
18554 : 20;
18555 : 20;
18556 : 20;
18557 : 20;
18558 : 20;
18559 : 20;
18560 : 20;
18561 : 20;
18562 : 20;
18563 : 20;
18564 : 20;
18565 : 40;
18566 : 60;
18567 : 60;
18568 : 60;
18569 : 60;
18570 : 60;
18571 : 60;
18572 : 60;
18573 : 80;
18574 : 80;
18575 : 80;
18576 : 80;
18577 : A0;
18578 : A0;
18579 : A0;
18580 : A0;
18581 : A0;
18582 : A0;
18583 : 60;
18584 : 20;
18585 : 40;
18586 : 40;
18587 : 20;
18588 : 20;
18589 : 20;
18590 : 20;
18591 : 20;
18592 : 20;
18593 : 20;
18594 : 20;
18595 : 20;
18596 : 00;
18597 : 00;
18598 : 00;
18599 : 00;
18600 : 00;
18601 : 00;
18602 : 00;
18603 : 00;
18604 : 00;
18605 : 00;
18606 : 20;
18607 : 20;
18608 : 20;
18609 : 20;
18610 : 20;
18611 : 20;
18612 : 20;
18613 : 20;
18614 : 40;
18615 : 80;
18616 : 80;
18617 : 60;
18618 : 80;
18619 : A0;
18620 : C4;
18621 : A0;
18622 : A0;
18623 : A0;
18624 : A0;
18625 : C4;
18626 : C4;
18627 : E8;
18628 : C4;
18629 : A4;
18630 : 60;
18631 : 60;
18632 : 60;
18633 : 60;
18634 : 60;
18635 : 60;
18636 : 40;
18637 : 20;
18638 : 00;
18639 : 00;
18640 : 00;
18641 : 00;
18642 : 00;
18643 : 00;
18644 : 00;
18645 : 20;
18646 : 20;
18647 : 20;
18648 : 00;
18649 : 00;
18650 : 00;
18651 : 00;
18652 : 00;
18653 : 00;
18654 : 00;
18655 : 00;
18656 : 00;
18657 : 00;
18658 : 20;
18659 : 20;
18660 : 00;
18661 : 00;
18662 : 00;
18663 : 00;
18664 : 00;
18665 : 00;
18666 : 00;
18667 : 00;
18668 : 00;
18669 : 00;
18670 : 00;
18671 : 00;
18672 : 00;
18673 : 00;
18674 : 00;
18675 : 20;
18676 : 20;
18677 : 20;
18678 : 20;
18679 : 20;
18680 : 40;
18681 : A4;
18682 : C4;
18683 : A0;
18684 : A0;
18685 : 80;
18686 : 80;
18687 : 80;
18688 : 80;
18689 : A0;
18690 : C4;
18691 : C4;
18692 : C4;
18693 : C4;
18694 : C4;
18695 : A0;
18696 : 80;
18697 : 80;
18698 : A0;
18699 : A0;
18700 : A0;
18701 : C4;
18702 : A0;
18703 : A0;
18704 : 80;
18705 : 80;
18706 : 80;
18707 : 80;
18708 : 80;
18709 : 40;
18710 : 00;
18711 : 00;
18712 : 00;
18713 : 00;
18714 : 00;
18715 : 00;
18716 : 00;
18717 : 00;
18718 : 00;
18719 : 00;
18720 : 00;
18721 : 00;
18722 : 00;
18723 : 00;
18724 : 00;
18725 : 00;
18726 : 00;
18727 : 00;
18728 : 00;
18729 : 00;
18730 : 00;
18731 : 00;
18732 : 00;
18733 : 00;
18734 : 20;
18735 : 20;
18736 : 20;
18737 : 20;
18738 : 20;
18739 : 20;
18740 : 20;
18741 : 20;
18742 : 20;
18743 : 40;
18744 : 80;
18745 : A0;
18746 : A4;
18747 : C4;
18748 : C0;
18749 : C4;
18750 : C4;
18751 : C4;
18752 : C4;
18753 : C4;
18754 : C4;
18755 : C4;
18756 : 80;
18757 : 60;
18758 : 60;
18759 : 80;
18760 : 80;
18761 : A0;
18762 : A0;
18763 : C4;
18764 : C4;
18765 : A0;
18766 : A0;
18767 : A0;
18768 : 80;
18769 : 40;
18770 : 20;
18771 : 40;
18772 : 40;
18773 : 40;
18774 : 20;
18775 : 20;
18776 : 20;
18777 : 00;
18778 : 00;
18779 : 00;
18780 : 00;
18781 : 00;
18782 : 00;
18783 : 20;
18784 : 20;
18785 : 20;
18786 : 40;
18787 : 40;
18788 : 60;
18789 : 60;
18790 : 40;
18791 : 40;
18792 : 20;
18793 : 20;
18794 : 20;
18795 : 20;
18796 : 20;
18797 : 20;
18798 : 20;
18799 : 20;
18800 : 20;
18801 : 20;
18802 : 20;
18803 : 20;
18804 : 20;
18805 : 40;
18806 : 60;
18807 : 80;
18808 : 80;
18809 : 60;
18810 : 60;
18811 : 60;
18812 : 80;
18813 : A0;
18814 : A0;
18815 : A0;
18816 : A0;
18817 : A0;
18818 : C4;
18819 : A0;
18820 : A0;
18821 : A0;
18822 : 80;
18823 : 60;
18824 : 20;
18825 : 40;
18826 : 40;
18827 : 20;
18828 : 20;
18829 : 20;
18830 : 20;
18831 : 20;
18832 : 20;
18833 : 20;
18834 : 20;
18835 : 20;
18836 : 20;
18837 : 00;
18838 : 00;
18839 : 00;
18840 : 00;
18841 : 00;
18842 : 00;
18843 : 00;
18844 : 20;
18845 : 20;
18846 : 20;
18847 : 20;
18848 : 20;
18849 : 20;
18850 : 20;
18851 : 20;
18852 : 20;
18853 : 20;
18854 : 40;
18855 : 80;
18856 : 80;
18857 : 80;
18858 : A0;
18859 : A0;
18860 : C4;
18861 : A0;
18862 : A0;
18863 : A0;
18864 : A0;
18865 : C4;
18866 : C4;
18867 : E8;
18868 : C4;
18869 : A0;
18870 : 60;
18871 : 60;
18872 : 60;
18873 : 60;
18874 : 40;
18875 : 40;
18876 : 40;
18877 : 20;
18878 : 00;
18879 : 00;
18880 : 00;
18881 : 00;
18882 : 00;
18883 : 00;
18884 : 00;
18885 : 00;
18886 : 20;
18887 : 20;
18888 : 20;
18889 : 20;
18890 : 00;
18891 : 00;
18892 : 00;
18893 : 00;
18894 : 00;
18895 : 00;
18896 : 00;
18897 : 00;
18898 : 00;
18899 : 20;
18900 : 00;
18901 : 00;
18902 : 00;
18903 : 00;
18904 : 00;
18905 : 00;
18906 : 00;
18907 : 00;
18908 : 00;
18909 : 20;
18910 : 20;
18911 : 20;
18912 : 00;
18913 : 00;
18914 : 00;
18915 : 20;
18916 : 20;
18917 : 20;
18918 : 20;
18919 : 20;
18920 : 20;
18921 : 80;
18922 : C4;
18923 : C4;
18924 : A0;
18925 : A0;
18926 : 80;
18927 : 80;
18928 : 80;
18929 : 80;
18930 : C4;
18931 : C4;
18932 : C4;
18933 : C4;
18934 : C4;
18935 : A0;
18936 : 80;
18937 : 60;
18938 : 80;
18939 : 80;
18940 : A0;
18941 : A0;
18942 : A0;
18943 : A0;
18944 : 80;
18945 : 80;
18946 : 80;
18947 : A0;
18948 : A0;
18949 : 80;
18950 : 40;
18951 : 20;
18952 : 00;
18953 : 00;
18954 : 00;
18955 : 00;
18956 : 00;
18957 : 00;
18958 : 00;
18959 : 00;
18960 : 00;
18961 : 00;
18962 : 00;
18963 : 00;
18964 : 00;
18965 : 00;
18966 : 00;
18967 : 00;
18968 : 00;
18969 : 00;
18970 : 00;
18971 : 00;
18972 : 00;
18973 : 20;
18974 : 20;
18975 : 20;
18976 : 20;
18977 : 20;
18978 : 20;
18979 : 20;
18980 : 20;
18981 : 20;
18982 : 40;
18983 : 60;
18984 : A0;
18985 : A0;
18986 : A0;
18987 : A0;
18988 : A0;
18989 : A0;
18990 : C4;
18991 : C4;
18992 : C4;
18993 : A0;
18994 : A0;
18995 : A0;
18996 : 80;
18997 : 60;
18998 : 60;
18999 : 60;
19000 : 80;
19001 : A0;
19002 : A0;
19003 : C4;
19004 : C4;
19005 : A4;
19006 : C0;
19007 : A0;
19008 : 80;
19009 : 40;
19010 : 20;
19011 : 40;
19012 : 40;
19013 : 40;
19014 : 20;
19015 : 20;
19016 : 20;
19017 : 00;
19018 : 00;
19019 : 00;
19020 : 00;
19021 : 00;
19022 : 00;
19023 : 20;
19024 : 20;
19025 : 20;
19026 : 20;
19027 : 40;
19028 : 60;
19029 : 60;
19030 : 40;
19031 : 40;
19032 : 40;
19033 : 20;
19034 : 20;
19035 : 20;
19036 : 20;
19037 : 20;
19038 : 20;
19039 : 20;
19040 : 20;
19041 : 20;
19042 : 20;
19043 : 20;
19044 : 20;
19045 : 40;
19046 : 80;
19047 : 80;
19048 : 80;
19049 : 60;
19050 : 60;
19051 : 60;
19052 : 80;
19053 : A0;
19054 : A0;
19055 : A0;
19056 : A0;
19057 : A0;
19058 : C0;
19059 : A0;
19060 : A0;
19061 : A0;
19062 : 80;
19063 : 40;
19064 : 20;
19065 : 40;
19066 : 40;
19067 : 20;
19068 : 20;
19069 : 20;
19070 : 20;
19071 : 20;
19072 : 20;
19073 : 20;
19074 : 20;
19075 : 20;
19076 : 00;
19077 : 00;
19078 : 20;
19079 : 20;
19080 : 00;
19081 : 00;
19082 : 00;
19083 : 00;
19084 : 00;
19085 : 00;
19086 : 20;
19087 : 20;
19088 : 20;
19089 : 20;
19090 : 20;
19091 : 20;
19092 : 20;
19093 : 20;
19094 : 40;
19095 : 80;
19096 : 80;
19097 : 80;
19098 : A0;
19099 : A0;
19100 : A0;
19101 : A0;
19102 : A0;
19103 : C0;
19104 : A0;
19105 : C4;
19106 : C4;
19107 : E8;
19108 : C4;
19109 : 80;
19110 : 60;
19111 : 60;
19112 : 60;
19113 : 40;
19114 : 40;
19115 : 40;
19116 : 40;
19117 : 20;
19118 : 00;
19119 : 00;
19120 : 00;
19121 : 00;
19122 : 00;
19123 : 00;
19124 : 00;
19125 : 20;
19126 : 20;
19127 : 20;
19128 : 20;
19129 : 20;
19130 : 00;
19131 : 00;
19132 : 00;
19133 : 00;
19134 : 00;
19135 : 00;
19136 : 00;
19137 : 20;
19138 : 20;
19139 : 20;
19140 : 20;
19141 : 00;
19142 : 00;
19143 : 00;
19144 : 00;
19145 : 00;
19146 : 00;
19147 : 00;
19148 : 00;
19149 : 20;
19150 : 20;
19151 : 20;
19152 : 20;
19153 : 00;
19154 : 00;
19155 : 20;
19156 : 20;
19157 : 20;
19158 : 20;
19159 : 20;
19160 : 20;
19161 : 40;
19162 : A4;
19163 : E8;
19164 : A4;
19165 : A0;
19166 : A0;
19167 : 80;
19168 : 80;
19169 : 80;
19170 : C4;
19171 : C4;
19172 : C4;
19173 : C4;
19174 : C4;
19175 : A0;
19176 : 80;
19177 : 80;
19178 : 60;
19179 : 80;
19180 : 80;
19181 : A0;
19182 : A0;
19183 : A0;
19184 : 80;
19185 : 60;
19186 : 80;
19187 : 80;
19188 : C4;
19189 : A0;
19190 : 60;
19191 : 20;
19192 : 00;
19193 : 00;
19194 : 00;
19195 : 00;
19196 : 00;
19197 : 00;
19198 : 00;
19199 : 00;
19200 : 00;
19201 : 00;
19202 : 00;
19203 : 00;
19204 : 00;
19205 : 00;
19206 : 00;
19207 : 00;
19208 : 00;
19209 : 00;
19210 : 00;
19211 : 00;
19212 : 00;
19213 : 20;
19214 : 40;
19215 : 40;
19216 : 20;
19217 : 20;
19218 : 20;
19219 : 20;
19220 : 20;
19221 : 40;
19222 : 80;
19223 : A0;
19224 : A0;
19225 : A0;
19226 : A0;
19227 : 80;
19228 : 80;
19229 : A0;
19230 : C4;
19231 : C4;
19232 : C4;
19233 : A0;
19234 : A0;
19235 : A0;
19236 : A0;
19237 : 80;
19238 : 60;
19239 : 60;
19240 : 80;
19241 : A0;
19242 : A0;
19243 : C4;
19244 : C4;
19245 : C4;
19246 : C4;
19247 : A0;
19248 : 80;
19249 : 60;
19250 : 20;
19251 : 40;
19252 : 40;
19253 : 40;
19254 : 20;
19255 : 20;
19256 : 20;
19257 : 00;
19258 : 00;
19259 : 00;
19260 : 00;
19261 : 00;
19262 : 00;
19263 : 20;
19264 : 20;
19265 : 20;
19266 : 20;
19267 : 20;
19268 : 40;
19269 : 40;
19270 : 40;
19271 : 40;
19272 : 20;
19273 : 20;
19274 : 20;
19275 : 20;
19276 : 20;
19277 : 20;
19278 : 20;
19279 : 20;
19280 : 20;
19281 : 20;
19282 : 20;
19283 : 20;
19284 : 20;
19285 : 60;
19286 : 80;
19287 : 80;
19288 : 80;
19289 : 60;
19290 : 80;
19291 : 80;
19292 : 80;
19293 : A0;
19294 : C4;
19295 : C4;
19296 : C4;
19297 : C4;
19298 : A0;
19299 : A0;
19300 : A0;
19301 : A0;
19302 : 80;
19303 : 60;
19304 : 20;
19305 : 40;
19306 : 40;
19307 : 20;
19308 : 20;
19309 : 20;
19310 : 20;
19311 : 20;
19312 : 20;
19313 : 20;
19314 : 20;
19315 : 00;
19316 : 00;
19317 : 20;
19318 : 20;
19319 : 20;
19320 : 20;
19321 : 20;
19322 : 00;
19323 : 00;
19324 : 00;
19325 : 00;
19326 : 20;
19327 : 20;
19328 : 20;
19329 : 20;
19330 : 20;
19331 : 20;
19332 : 20;
19333 : 40;
19334 : 60;
19335 : A0;
19336 : A0;
19337 : A0;
19338 : A0;
19339 : A0;
19340 : A0;
19341 : A0;
19342 : C4;
19343 : C4;
19344 : A0;
19345 : C4;
19346 : C4;
19347 : E8;
19348 : C4;
19349 : 80;
19350 : 60;
19351 : 60;
19352 : 60;
19353 : 40;
19354 : 40;
19355 : 40;
19356 : 20;
19357 : 20;
19358 : 00;
19359 : 00;
19360 : 00;
19361 : 00;
19362 : 20;
19363 : 20;
19364 : 00;
19365 : 00;
19366 : 20;
19367 : 20;
19368 : 20;
19369 : 20;
19370 : 20;
19371 : 00;
19372 : 00;
19373 : 00;
19374 : 00;
19375 : 00;
19376 : 20;
19377 : 20;
19378 : 20;
19379 : 20;
19380 : 20;
19381 : 00;
19382 : 00;
19383 : 00;
19384 : 00;
19385 : 00;
19386 : 00;
19387 : 00;
19388 : 00;
19389 : 20;
19390 : 20;
19391 : 20;
19392 : 20;
19393 : 20;
19394 : 20;
19395 : 20;
19396 : 20;
19397 : 20;
19398 : 20;
19399 : 20;
19400 : 20;
19401 : 20;
19402 : 84;
19403 : E8;
19404 : C4;
19405 : A0;
19406 : A0;
19407 : 80;
19408 : 80;
19409 : 80;
19410 : C4;
19411 : C4;
19412 : C4;
19413 : A4;
19414 : C4;
19415 : A0;
19416 : 80;
19417 : 80;
19418 : 60;
19419 : 60;
19420 : 80;
19421 : A0;
19422 : A0;
19423 : A0;
19424 : 80;
19425 : 60;
19426 : 60;
19427 : 80;
19428 : A0;
19429 : A0;
19430 : 80;
19431 : 20;
19432 : 00;
19433 : 00;
19434 : 00;
19435 : 00;
19436 : 00;
19437 : 00;
19438 : 00;
19439 : 00;
19440 : 00;
19441 : 00;
19442 : 00;
19443 : 00;
19444 : 00;
19445 : 00;
19446 : 00;
19447 : 00;
19448 : 00;
19449 : 00;
19450 : 00;
19451 : 00;
19452 : 20;
19453 : 20;
19454 : 40;
19455 : 40;
19456 : 20;
19457 : 20;
19458 : 20;
19459 : 20;
19460 : 40;
19461 : 60;
19462 : 80;
19463 : A0;
19464 : A0;
19465 : 80;
19466 : 80;
19467 : 60;
19468 : 80;
19469 : A0;
19470 : C8;
19471 : C8;
19472 : C4;
19473 : 80;
19474 : 80;
19475 : A0;
19476 : A0;
19477 : 80;
19478 : 60;
19479 : 60;
19480 : 80;
19481 : A0;
19482 : C4;
19483 : C4;
19484 : E8;
19485 : E8;
19486 : C4;
19487 : C4;
19488 : A0;
19489 : 60;
19490 : 40;
19491 : 40;
19492 : 40;
19493 : 40;
19494 : 20;
19495 : 20;
19496 : 20;
19497 : 00;
19498 : 00;
19499 : 00;
19500 : 00;
19501 : 00;
19502 : 00;
19503 : 20;
19504 : 20;
19505 : 20;
19506 : 20;
19507 : 20;
19508 : 20;
19509 : 40;
19510 : 40;
19511 : 20;
19512 : 20;
19513 : 20;
19514 : 20;
19515 : 20;
19516 : 20;
19517 : 20;
19518 : 20;
19519 : 20;
19520 : 20;
19521 : 20;
19522 : 20;
19523 : 20;
19524 : 20;
19525 : 60;
19526 : 80;
19527 : 80;
19528 : 80;
19529 : 80;
19530 : 80;
19531 : 80;
19532 : 80;
19533 : A0;
19534 : C4;
19535 : C4;
19536 : C4;
19537 : C4;
19538 : A0;
19539 : A0;
19540 : A0;
19541 : A4;
19542 : 80;
19543 : 60;
19544 : 40;
19545 : 40;
19546 : 40;
19547 : 40;
19548 : 40;
19549 : 40;
19550 : 40;
19551 : 40;
19552 : 20;
19553 : 20;
19554 : 20;
19555 : 00;
19556 : 00;
19557 : 20;
19558 : 20;
19559 : 20;
19560 : 20;
19561 : 20;
19562 : 20;
19563 : 00;
19564 : 20;
19565 : 20;
19566 : 20;
19567 : 20;
19568 : 20;
19569 : 20;
19570 : 20;
19571 : 20;
19572 : 20;
19573 : 40;
19574 : 60;
19575 : A0;
19576 : A0;
19577 : A0;
19578 : A0;
19579 : A0;
19580 : A0;
19581 : A0;
19582 : C4;
19583 : C4;
19584 : C0;
19585 : C4;
19586 : C8;
19587 : E8;
19588 : A4;
19589 : 60;
19590 : 60;
19591 : 60;
19592 : 60;
19593 : 40;
19594 : 40;
19595 : 40;
19596 : 20;
19597 : 20;
19598 : 00;
19599 : 00;
19600 : 00;
19601 : 00;
19602 : 20;
19603 : 20;
19604 : 00;
19605 : 00;
19606 : 00;
19607 : 20;
19608 : 20;
19609 : 20;
19610 : 20;
19611 : 20;
19612 : 00;
19613 : 00;
19614 : 00;
19615 : 00;
19616 : 20;
19617 : 20;
19618 : 20;
19619 : 20;
19620 : 20;
19621 : 00;
19622 : 00;
19623 : 00;
19624 : 00;
19625 : 00;
19626 : 00;
19627 : 00;
19628 : 00;
19629 : 20;
19630 : 20;
19631 : 20;
19632 : 20;
19633 : 20;
19634 : 20;
19635 : 20;
19636 : 20;
19637 : 20;
19638 : 20;
19639 : 20;
19640 : 20;
19641 : 20;
19642 : 80;
19643 : E8;
19644 : E8;
19645 : C4;
19646 : A0;
19647 : A0;
19648 : 80;
19649 : A0;
19650 : C4;
19651 : C4;
19652 : A0;
19653 : A0;
19654 : A0;
19655 : C4;
19656 : A0;
19657 : 80;
19658 : 80;
19659 : 60;
19660 : 80;
19661 : A0;
19662 : A0;
19663 : A0;
19664 : 80;
19665 : 60;
19666 : 60;
19667 : 60;
19668 : 80;
19669 : 80;
19670 : 60;
19671 : 20;
19672 : 00;
19673 : 00;
19674 : 00;
19675 : 00;
19676 : 00;
19677 : 00;
19678 : 00;
19679 : 00;
19680 : 00;
19681 : 00;
19682 : 00;
19683 : 00;
19684 : 00;
19685 : 00;
19686 : 00;
19687 : 00;
19688 : 00;
19689 : 00;
19690 : 00;
19691 : 00;
19692 : 00;
19693 : 20;
19694 : 40;
19695 : 40;
19696 : 20;
19697 : 20;
19698 : 20;
19699 : 20;
19700 : 40;
19701 : 60;
19702 : 80;
19703 : 80;
19704 : 80;
19705 : 60;
19706 : 60;
19707 : 60;
19708 : 80;
19709 : A0;
19710 : E8;
19711 : E8;
19712 : C4;
19713 : A0;
19714 : 80;
19715 : A0;
19716 : A0;
19717 : A0;
19718 : 80;
19719 : 80;
19720 : 80;
19721 : A0;
19722 : C4;
19723 : C4;
19724 : E8;
19725 : E8;
19726 : E8;
19727 : C8;
19728 : A4;
19729 : 60;
19730 : 40;
19731 : 40;
19732 : 60;
19733 : 60;
19734 : 40;
19735 : 20;
19736 : 20;
19737 : 20;
19738 : 20;
19739 : 00;
19740 : 00;
19741 : 00;
19742 : 00;
19743 : 20;
19744 : 20;
19745 : 20;
19746 : 20;
19747 : 20;
19748 : 20;
19749 : 40;
19750 : 40;
19751 : 40;
19752 : 20;
19753 : 20;
19754 : 20;
19755 : 40;
19756 : 40;
19757 : 40;
19758 : 40;
19759 : 20;
19760 : 20;
19761 : 20;
19762 : 20;
19763 : 20;
19764 : 20;
19765 : 60;
19766 : 80;
19767 : 60;
19768 : 60;
19769 : 60;
19770 : 80;
19771 : A0;
19772 : A0;
19773 : A0;
19774 : C4;
19775 : C4;
19776 : C4;
19777 : C4;
19778 : C4;
19779 : A0;
19780 : A0;
19781 : C4;
19782 : A0;
19783 : 60;
19784 : 40;
19785 : 40;
19786 : 40;
19787 : 40;
19788 : 40;
19789 : 40;
19790 : 60;
19791 : 40;
19792 : 20;
19793 : 20;
19794 : 20;
19795 : 20;
19796 : 20;
19797 : 20;
19798 : 20;
19799 : 20;
19800 : 20;
19801 : 20;
19802 : 00;
19803 : 00;
19804 : 20;
19805 : 20;
19806 : 20;
19807 : 20;
19808 : 20;
19809 : 20;
19810 : 20;
19811 : 20;
19812 : 40;
19813 : 60;
19814 : 80;
19815 : A0;
19816 : A0;
19817 : A0;
19818 : A0;
19819 : A0;
19820 : A0;
19821 : A0;
19822 : C4;
19823 : C4;
19824 : C4;
19825 : C4;
19826 : E8;
19827 : E8;
19828 : A4;
19829 : 60;
19830 : 60;
19831 : 60;
19832 : 60;
19833 : 40;
19834 : 40;
19835 : 40;
19836 : 20;
19837 : 20;
19838 : 00;
19839 : 00;
19840 : 00;
19841 : 00;
19842 : 00;
19843 : 00;
19844 : 00;
19845 : 00;
19846 : 00;
19847 : 20;
19848 : 20;
19849 : 20;
19850 : 20;
19851 : 20;
19852 : 00;
19853 : 20;
19854 : 20;
19855 : 20;
19856 : 20;
19857 : 20;
19858 : 20;
19859 : 20;
19860 : 00;
19861 : 00;
19862 : 00;
19863 : 00;
19864 : 00;
19865 : 00;
19866 : 00;
19867 : 00;
19868 : 00;
19869 : 20;
19870 : 20;
19871 : 20;
19872 : 20;
19873 : 20;
19874 : 20;
19875 : 20;
19876 : 20;
19877 : 20;
19878 : 20;
19879 : 20;
19880 : 20;
19881 : 00;
19882 : 60;
19883 : C4;
19884 : E8;
19885 : C4;
19886 : A0;
19887 : A0;
19888 : A0;
19889 : A4;
19890 : C4;
19891 : C4;
19892 : A0;
19893 : A0;
19894 : A0;
19895 : A0;
19896 : A0;
19897 : A0;
19898 : 80;
19899 : 80;
19900 : 80;
19901 : A0;
19902 : A0;
19903 : A0;
19904 : 60;
19905 : 40;
19906 : 40;
19907 : 40;
19908 : 60;
19909 : 60;
19910 : 60;
19911 : 20;
19912 : 00;
19913 : 00;
19914 : 00;
19915 : 00;
19916 : 00;
19917 : 00;
19918 : 00;
19919 : 00;
19920 : 00;
19921 : 00;
19922 : 00;
19923 : 00;
19924 : 00;
19925 : 00;
19926 : 00;
19927 : 00;
19928 : 00;
19929 : 00;
19930 : 00;
19931 : 00;
19932 : 00;
19933 : 20;
19934 : 20;
19935 : 40;
19936 : 20;
19937 : 20;
19938 : 20;
19939 : 20;
19940 : 20;
19941 : 40;
19942 : 60;
19943 : 80;
19944 : 80;
19945 : 60;
19946 : 60;
19947 : 60;
19948 : 80;
19949 : A4;
19950 : E8;
19951 : E8;
19952 : C4;
19953 : A0;
19954 : A0;
19955 : A0;
19956 : A0;
19957 : A0;
19958 : 80;
19959 : 80;
19960 : A0;
19961 : A4;
19962 : C4;
19963 : C4;
19964 : E8;
19965 : E8;
19966 : EC;
19967 : E8;
19968 : C4;
19969 : 80;
19970 : 60;
19971 : 60;
19972 : 60;
19973 : 60;
19974 : 40;
19975 : 20;
19976 : 20;
19977 : 20;
19978 : 20;
19979 : 20;
19980 : 20;
19981 : 20;
19982 : 20;
19983 : 20;
19984 : 20;
19985 : 20;
19986 : 20;
19987 : 20;
19988 : 20;
19989 : 20;
19990 : 40;
19991 : 40;
19992 : 40;
19993 : 40;
19994 : 20;
19995 : 40;
19996 : 40;
19997 : 40;
19998 : 40;
19999 : 20;
20000 : 20;
20001 : 20;
20002 : 20;
20003 : 20;
20004 : 20;
20005 : 60;
20006 : 80;
20007 : 60;
20008 : 60;
20009 : 80;
20010 : A0;
20011 : A0;
20012 : A0;
20013 : C4;
20014 : C4;
20015 : C4;
20016 : C4;
20017 : C4;
20018 : C4;
20019 : 80;
20020 : A0;
20021 : A0;
20022 : A0;
20023 : 80;
20024 : 40;
20025 : 40;
20026 : 40;
20027 : 40;
20028 : 40;
20029 : 60;
20030 : 60;
20031 : 40;
20032 : 20;
20033 : 00;
20034 : 20;
20035 : 20;
20036 : 20;
20037 : 20;
20038 : 20;
20039 : 20;
20040 : 20;
20041 : 20;
20042 : 00;
20043 : 00;
20044 : 20;
20045 : 20;
20046 : 20;
20047 : 20;
20048 : 20;
20049 : 20;
20050 : 20;
20051 : 20;
20052 : 40;
20053 : 60;
20054 : 80;
20055 : A0;
20056 : A0;
20057 : A0;
20058 : 80;
20059 : 80;
20060 : A0;
20061 : A0;
20062 : A0;
20063 : C4;
20064 : C4;
20065 : E8;
20066 : E8;
20067 : C4;
20068 : 80;
20069 : 60;
20070 : 60;
20071 : 60;
20072 : 40;
20073 : 40;
20074 : 40;
20075 : 20;
20076 : 20;
20077 : 20;
20078 : 20;
20079 : 00;
20080 : 00;
20081 : 00;
20082 : 00;
20083 : 00;
20084 : 00;
20085 : 00;
20086 : 00;
20087 : 00;
20088 : 20;
20089 : 20;
20090 : 40;
20091 : 20;
20092 : 20;
20093 : 20;
20094 : 20;
20095 : 20;
20096 : 20;
20097 : 20;
20098 : 20;
20099 : 20;
20100 : 00;
20101 : 00;
20102 : 00;
20103 : 00;
20104 : 00;
20105 : 00;
20106 : 00;
20107 : 00;
20108 : 00;
20109 : 00;
20110 : 20;
20111 : 20;
20112 : 20;
20113 : 20;
20114 : 20;
20115 : 20;
20116 : 20;
20117 : 20;
20118 : 20;
20119 : 20;
20120 : 20;
20121 : 20;
20122 : 40;
20123 : A4;
20124 : E8;
20125 : C4;
20126 : A0;
20127 : A0;
20128 : C4;
20129 : C4;
20130 : A4;
20131 : A0;
20132 : A0;
20133 : A0;
20134 : A0;
20135 : A0;
20136 : C4;
20137 : A0;
20138 : A0;
20139 : 80;
20140 : 80;
20141 : A0;
20142 : A0;
20143 : 80;
20144 : 40;
20145 : 20;
20146 : 20;
20147 : 20;
20148 : 40;
20149 : 40;
20150 : 40;
20151 : 20;
20152 : 20;
20153 : 00;
20154 : 00;
20155 : 00;
20156 : 00;
20157 : 00;
20158 : 00;
20159 : 00;
20160 : 00;
20161 : 00;
20162 : 00;
20163 : 00;
20164 : 00;
20165 : 00;
20166 : 00;
20167 : 00;
20168 : 00;
20169 : 00;
20170 : 00;
20171 : 00;
20172 : 00;
20173 : 20;
20174 : 20;
20175 : 20;
20176 : 20;
20177 : 20;
20178 : 20;
20179 : 20;
20180 : 20;
20181 : 20;
20182 : 40;
20183 : 60;
20184 : 60;
20185 : 60;
20186 : 60;
20187 : 60;
20188 : 80;
20189 : A0;
20190 : C8;
20191 : E8;
20192 : C4;
20193 : A0;
20194 : A0;
20195 : A0;
20196 : C4;
20197 : A0;
20198 : A0;
20199 : A0;
20200 : A0;
20201 : C4;
20202 : C4;
20203 : C8;
20204 : E8;
20205 : E8;
20206 : EC;
20207 : EC;
20208 : C4;
20209 : A0;
20210 : 60;
20211 : 60;
20212 : 80;
20213 : 80;
20214 : 60;
20215 : 20;
20216 : 20;
20217 : 20;
20218 : 20;
20219 : 20;
20220 : 20;
20221 : 20;
20222 : 00;
20223 : 20;
20224 : 20;
20225 : 20;
20226 : 20;
20227 : 20;
20228 : 20;
20229 : 20;
20230 : 40;
20231 : 60;
20232 : 60;
20233 : 40;
20234 : 20;
20235 : 40;
20236 : 40;
20237 : 60;
20238 : 40;
20239 : 20;
20240 : 20;
20241 : 20;
20242 : 20;
20243 : 20;
20244 : 40;
20245 : 40;
20246 : 60;
20247 : 60;
20248 : 60;
20249 : 80;
20250 : A0;
20251 : A0;
20252 : A0;
20253 : C4;
20254 : C4;
20255 : C4;
20256 : C4;
20257 : C4;
20258 : C4;
20259 : 80;
20260 : 80;
20261 : A0;
20262 : A0;
20263 : 80;
20264 : 40;
20265 : 40;
20266 : 40;
20267 : 60;
20268 : 60;
20269 : 80;
20270 : 80;
20271 : 40;
20272 : 20;
20273 : 20;
20274 : 20;
20275 : 20;
20276 : 20;
20277 : 20;
20278 : 20;
20279 : 20;
20280 : 20;
20281 : 20;
20282 : 00;
20283 : 20;
20284 : 20;
20285 : 20;
20286 : 20;
20287 : 20;
20288 : 20;
20289 : 20;
20290 : 20;
20291 : 20;
20292 : 60;
20293 : 80;
20294 : 80;
20295 : 80;
20296 : A0;
20297 : 80;
20298 : 80;
20299 : 80;
20300 : 80;
20301 : A0;
20302 : A0;
20303 : C4;
20304 : C4;
20305 : E8;
20306 : E8;
20307 : A4;
20308 : 80;
20309 : 60;
20310 : 60;
20311 : 60;
20312 : 40;
20313 : 40;
20314 : 40;
20315 : 20;
20316 : 20;
20317 : 20;
20318 : 20;
20319 : 00;
20320 : 00;
20321 : 00;
20322 : 20;
20323 : 20;
20324 : 00;
20325 : 00;
20326 : 00;
20327 : 00;
20328 : 20;
20329 : 20;
20330 : 20;
20331 : 20;
20332 : 20;
20333 : 20;
20334 : 40;
20335 : 20;
20336 : 20;
20337 : 20;
20338 : 20;
20339 : 20;
20340 : 00;
20341 : 00;
20342 : 00;
20343 : 00;
20344 : 00;
20345 : 00;
20346 : 00;
20347 : 00;
20348 : 00;
20349 : 00;
20350 : 20;
20351 : 20;
20352 : 20;
20353 : 20;
20354 : 20;
20355 : 20;
20356 : 20;
20357 : 20;
20358 : 20;
20359 : 20;
20360 : 20;
20361 : 20;
20362 : 40;
20363 : A0;
20364 : E8;
20365 : C4;
20366 : A0;
20367 : C0;
20368 : C4;
20369 : C4;
20370 : A0;
20371 : A0;
20372 : A4;
20373 : C4;
20374 : A0;
20375 : A0;
20376 : A0;
20377 : A0;
20378 : A0;
20379 : A0;
20380 : A0;
20381 : A0;
20382 : 80;
20383 : 40;
20384 : 20;
20385 : 20;
20386 : 20;
20387 : 20;
20388 : 20;
20389 : 40;
20390 : 40;
20391 : 20;
20392 : 20;
20393 : 00;
20394 : 00;
20395 : 00;
20396 : 00;
20397 : 00;
20398 : 00;
20399 : 00;
20400 : 20;
20401 : 20;
20402 : 00;
20403 : 00;
20404 : 00;
20405 : 00;
20406 : 00;
20407 : 00;
20408 : 00;
20409 : 00;
20410 : 00;
20411 : 00;
20412 : 00;
20413 : 20;
20414 : 20;
20415 : 20;
20416 : 20;
20417 : 20;
20418 : 20;
20419 : 20;
20420 : 20;
20421 : 20;
20422 : 20;
20423 : 40;
20424 : 60;
20425 : 60;
20426 : 60;
20427 : 60;
20428 : 80;
20429 : A0;
20430 : C4;
20431 : E8;
20432 : C4;
20433 : A4;
20434 : A0;
20435 : A0;
20436 : C0;
20437 : A4;
20438 : A0;
20439 : A0;
20440 : A0;
20441 : C4;
20442 : C4;
20443 : E8;
20444 : E8;
20445 : E8;
20446 : EC;
20447 : EC;
20448 : E8;
20449 : A0;
20450 : 80;
20451 : 80;
20452 : A0;
20453 : A0;
20454 : 60;
20455 : 40;
20456 : 20;
20457 : 20;
20458 : 20;
20459 : 20;
20460 : 20;
20461 : 20;
20462 : 00;
20463 : 20;
20464 : 20;
20465 : 20;
20466 : 20;
20467 : 20;
20468 : 20;
20469 : 20;
20470 : 40;
20471 : 60;
20472 : 60;
20473 : 40;
20474 : 20;
20475 : 40;
20476 : 60;
20477 : 60;
20478 : 40;
20479 : 40;
20480 : 20;
20481 : 20;
20482 : 20;
20483 : 20;
20484 : 40;
20485 : 40;
20486 : 40;
20487 : 40;
20488 : 60;
20489 : 80;
20490 : A0;
20491 : A0;
20492 : A0;
20493 : C4;
20494 : C4;
20495 : C4;
20496 : C4;
20497 : C4;
20498 : C4;
20499 : A0;
20500 : A0;
20501 : A0;
20502 : A0;
20503 : 80;
20504 : 60;
20505 : 40;
20506 : 40;
20507 : 60;
20508 : 80;
20509 : 80;
20510 : 80;
20511 : 40;
20512 : 20;
20513 : 20;
20514 : 20;
20515 : 20;
20516 : 20;
20517 : 20;
20518 : 20;
20519 : 20;
20520 : 20;
20521 : 20;
20522 : 00;
20523 : 20;
20524 : 20;
20525 : 20;
20526 : 20;
20527 : 20;
20528 : 20;
20529 : 20;
20530 : 20;
20531 : 20;
20532 : 60;
20533 : 80;
20534 : 80;
20535 : 80;
20536 : 80;
20537 : 80;
20538 : 80;
20539 : 80;
20540 : A0;
20541 : A0;
20542 : A4;
20543 : C4;
20544 : E8;
20545 : E8;
20546 : C4;
20547 : A0;
20548 : 80;
20549 : 80;
20550 : 60;
20551 : 60;
20552 : 40;
20553 : 60;
20554 : 40;
20555 : 20;
20556 : 20;
20557 : 20;
20558 : 20;
20559 : 20;
20560 : 20;
20561 : 20;
20562 : 20;
20563 : 20;
20564 : 20;
20565 : 00;
20566 : 00;
20567 : 00;
20568 : 20;
20569 : 20;
20570 : 20;
20571 : 20;
20572 : 20;
20573 : 20;
20574 : 40;
20575 : 20;
20576 : 20;
20577 : 20;
20578 : 20;
20579 : 20;
20580 : 00;
20581 : 00;
20582 : 00;
20583 : 00;
20584 : 00;
20585 : 00;
20586 : 00;
20587 : 00;
20588 : 00;
20589 : 00;
20590 : 20;
20591 : 20;
20592 : 20;
20593 : 40;
20594 : 20;
20595 : 20;
20596 : 20;
20597 : 20;
20598 : 20;
20599 : 20;
20600 : 20;
20601 : 20;
20602 : 60;
20603 : C4;
20604 : E8;
20605 : C4;
20606 : A0;
20607 : C4;
20608 : C4;
20609 : C4;
20610 : A0;
20611 : A0;
20612 : C4;
20613 : C4;
20614 : C4;
20615 : A0;
20616 : A0;
20617 : A0;
20618 : A0;
20619 : A0;
20620 : A0;
20621 : A0;
20622 : 60;
20623 : 40;
20624 : 20;
20625 : 20;
20626 : 20;
20627 : 20;
20628 : 20;
20629 : 20;
20630 : 20;
20631 : 20;
20632 : 20;
20633 : 00;
20634 : 00;
20635 : 00;
20636 : 00;
20637 : 00;
20638 : 00;
20639 : 00;
20640 : 20;
20641 : 20;
20642 : 00;
20643 : 00;
20644 : 00;
20645 : 00;
20646 : 00;
20647 : 00;
20648 : 00;
20649 : 00;
20650 : 00;
20651 : 00;
20652 : 00;
20653 : 00;
20654 : 00;
20655 : 20;
20656 : 20;
20657 : 20;
20658 : 20;
20659 : 20;
20660 : 20;
20661 : 20;
20662 : 20;
20663 : 20;
20664 : 40;
20665 : 60;
20666 : 60;
20667 : 60;
20668 : 80;
20669 : A0;
20670 : C4;
20671 : E8;
20672 : C4;
20673 : C4;
20674 : A0;
20675 : A4;
20676 : C4;
20677 : C4;
20678 : C0;
20679 : A0;
20680 : A0;
20681 : C4;
20682 : C4;
20683 : E8;
20684 : E8;
20685 : E8;
20686 : EC;
20687 : EC;
20688 : E8;
20689 : A0;
20690 : 80;
20691 : 80;
20692 : A0;
20693 : A0;
20694 : 60;
20695 : 40;
20696 : 20;
20697 : 20;
20698 : 20;
20699 : 20;
20700 : 20;
20701 : 20;
20702 : 20;
20703 : 20;
20704 : 20;
20705 : 20;
20706 : 20;
20707 : 20;
20708 : 20;
20709 : 20;
20710 : 40;
20711 : 60;
20712 : 60;
20713 : 40;
20714 : 20;
20715 : 40;
20716 : 60;
20717 : 80;
20718 : 60;
20719 : 40;
20720 : 20;
20721 : 20;
20722 : 40;
20723 : 40;
20724 : 40;
20725 : 40;
20726 : 40;
20727 : 40;
20728 : 40;
20729 : 80;
20730 : 80;
20731 : A0;
20732 : A4;
20733 : C0;
20734 : C4;
20735 : C4;
20736 : C4;
20737 : C4;
20738 : C4;
20739 : A0;
20740 : A0;
20741 : A0;
20742 : A0;
20743 : 80;
20744 : 60;
20745 : 40;
20746 : 40;
20747 : 60;
20748 : 80;
20749 : 80;
20750 : 60;
20751 : 20;
20752 : 20;
20753 : 20;
20754 : 20;
20755 : 20;
20756 : 20;
20757 : 20;
20758 : 20;
20759 : 20;
20760 : 20;
20761 : 20;
20762 : 20;
20763 : 20;
20764 : 20;
20765 : 20;
20766 : 20;
20767 : 20;
20768 : 20;
20769 : 20;
20770 : 20;
20771 : 20;
20772 : 60;
20773 : 80;
20774 : 80;
20775 : 80;
20776 : 80;
20777 : 80;
20778 : 80;
20779 : 80;
20780 : A0;
20781 : A0;
20782 : C4;
20783 : C4;
20784 : E8;
20785 : E8;
20786 : C4;
20787 : A0;
20788 : 80;
20789 : 80;
20790 : 60;
20791 : 40;
20792 : 40;
20793 : 40;
20794 : 40;
20795 : 40;
20796 : 20;
20797 : 20;
20798 : 20;
20799 : 20;
20800 : 20;
20801 : 20;
20802 : 20;
20803 : 20;
20804 : 20;
20805 : 00;
20806 : 20;
20807 : 20;
20808 : 20;
20809 : 20;
20810 : 20;
20811 : 40;
20812 : 40;
20813 : 20;
20814 : 20;
20815 : 20;
20816 : 20;
20817 : 20;
20818 : 20;
20819 : 20;
20820 : 00;
20821 : 00;
20822 : 00;
20823 : 00;
20824 : 00;
20825 : 00;
20826 : 00;
20827 : 00;
20828 : 00;
20829 : 00;
20830 : 20;
20831 : 20;
20832 : 40;
20833 : 40;
20834 : 20;
20835 : 20;
20836 : 20;
20837 : 20;
20838 : 20;
20839 : 20;
20840 : 20;
20841 : 20;
20842 : 80;
20843 : E4;
20844 : E8;
20845 : C4;
20846 : A0;
20847 : C4;
20848 : C4;
20849 : C4;
20850 : A0;
20851 : A0;
20852 : C4;
20853 : C4;
20854 : C4;
20855 : A0;
20856 : A0;
20857 : A0;
20858 : C4;
20859 : A0;
20860 : A0;
20861 : 80;
20862 : 40;
20863 : 20;
20864 : 20;
20865 : 20;
20866 : 20;
20867 : 20;
20868 : 20;
20869 : 20;
20870 : 20;
20871 : 20;
20872 : 00;
20873 : 00;
20874 : 00;
20875 : 00;
20876 : 00;
20877 : 00;
20878 : 00;
20879 : 00;
20880 : 20;
20881 : 20;
20882 : 00;
20883 : 00;
20884 : 00;
20885 : 00;
20886 : 00;
20887 : 00;
20888 : 00;
20889 : 00;
20890 : 00;
20891 : 00;
20892 : 00;
20893 : 00;
20894 : 00;
20895 : 20;
20896 : 20;
20897 : 20;
20898 : 20;
20899 : 20;
20900 : 20;
20901 : 20;
20902 : 20;
20903 : 20;
20904 : 40;
20905 : 40;
20906 : 60;
20907 : 80;
20908 : 80;
20909 : A0;
20910 : C4;
20911 : E8;
20912 : E8;
20913 : C4;
20914 : C4;
20915 : C4;
20916 : C4;
20917 : C4;
20918 : C4;
20919 : A0;
20920 : C4;
20921 : C4;
20922 : C4;
20923 : C8;
20924 : C4;
20925 : C4;
20926 : EC;
20927 : EC;
20928 : C4;
20929 : A0;
20930 : 80;
20931 : 80;
20932 : A0;
20933 : A0;
20934 : 80;
20935 : 40;
20936 : 20;
20937 : 20;
20938 : 20;
20939 : 20;
20940 : 20;
20941 : 20;
20942 : 20;
20943 : 20;
20944 : 20;
20945 : 20;
20946 : 20;
20947 : 20;
20948 : 20;
20949 : 20;
20950 : 40;
20951 : 60;
20952 : 60;
20953 : 40;
20954 : 20;
20955 : 40;
20956 : 80;
20957 : 80;
20958 : 60;
20959 : 40;
20960 : 20;
20961 : 40;
20962 : 40;
20963 : 60;
20964 : 60;
20965 : 40;
20966 : 40;
20967 : 20;
20968 : 40;
20969 : 40;
20970 : 80;
20971 : A0;
20972 : A4;
20973 : C4;
20974 : C4;
20975 : C4;
20976 : C4;
20977 : C4;
20978 : C4;
20979 : C4;
20980 : A0;
20981 : A0;
20982 : A0;
20983 : 80;
20984 : 60;
20985 : 60;
20986 : 40;
20987 : 60;
20988 : 80;
20989 : 80;
20990 : 60;
20991 : 20;
20992 : 20;
20993 : 20;
20994 : 20;
20995 : 20;
20996 : 20;
20997 : 20;
20998 : 20;
20999 : 20;
21000 : 20;
21001 : 20;
21002 : 20;
21003 : 20;
21004 : 20;
21005 : 20;
21006 : 40;
21007 : 40;
21008 : 20;
21009 : 20;
21010 : 20;
21011 : 40;
21012 : 80;
21013 : A0;
21014 : A0;
21015 : 80;
21016 : 80;
21017 : 80;
21018 : A0;
21019 : A0;
21020 : A0;
21021 : C4;
21022 : C4;
21023 : E8;
21024 : E8;
21025 : C4;
21026 : A0;
21027 : A0;
21028 : A0;
21029 : 80;
21030 : 60;
21031 : 60;
21032 : 60;
21033 : 60;
21034 : 40;
21035 : 40;
21036 : 40;
21037 : 20;
21038 : 20;
21039 : 20;
21040 : 20;
21041 : 20;
21042 : 20;
21043 : 20;
21044 : 20;
21045 : 20;
21046 : 20;
21047 : 20;
21048 : 20;
21049 : 20;
21050 : 20;
21051 : 40;
21052 : 40;
21053 : 20;
21054 : 20;
21055 : 20;
21056 : 20;
21057 : 20;
21058 : 20;
21059 : 20;
21060 : 00;
21061 : 00;
21062 : 00;
21063 : 00;
21064 : 00;
21065 : 00;
21066 : 00;
21067 : 00;
21068 : 00;
21069 : 20;
21070 : 20;
21071 : 40;
21072 : 40;
21073 : 40;
21074 : 20;
21075 : 20;
21076 : 20;
21077 : 20;
21078 : 20;
21079 : 20;
21080 : 20;
21081 : 60;
21082 : A4;
21083 : E8;
21084 : C4;
21085 : C4;
21086 : A0;
21087 : C4;
21088 : C4;
21089 : C4;
21090 : A0;
21091 : A0;
21092 : C4;
21093 : C4;
21094 : C4;
21095 : C0;
21096 : A0;
21097 : C4;
21098 : C4;
21099 : A0;
21100 : 80;
21101 : 60;
21102 : 20;
21103 : 20;
21104 : 20;
21105 : 20;
21106 : 20;
21107 : 20;
21108 : 20;
21109 : 20;
21110 : 20;
21111 : 20;
21112 : 20;
21113 : 00;
21114 : 00;
21115 : 00;
21116 : 00;
21117 : 00;
21118 : 00;
21119 : 00;
21120 : 20;
21121 : 20;
21122 : 00;
21123 : 00;
21124 : 00;
21125 : 00;
21126 : 00;
21127 : 00;
21128 : 00;
21129 : 00;
21130 : 00;
21131 : 00;
21132 : 00;
21133 : 00;
21134 : 00;
21135 : 20;
21136 : 20;
21137 : 20;
21138 : 20;
21139 : 20;
21140 : 20;
21141 : 20;
21142 : 20;
21143 : 20;
21144 : 20;
21145 : 40;
21146 : 60;
21147 : 80;
21148 : A0;
21149 : C4;
21150 : C4;
21151 : E8;
21152 : C4;
21153 : C4;
21154 : C4;
21155 : C4;
21156 : C8;
21157 : C4;
21158 : C4;
21159 : A4;
21160 : C4;
21161 : C4;
21162 : C4;
21163 : C4;
21164 : C4;
21165 : E8;
21166 : EC;
21167 : EC;
21168 : A4;
21169 : 80;
21170 : 80;
21171 : 80;
21172 : A0;
21173 : A0;
21174 : 60;
21175 : 40;
21176 : 20;
21177 : 20;
21178 : 20;
21179 : 20;
21180 : 20;
21181 : 20;
21182 : 20;
21183 : 20;
21184 : 20;
21185 : 20;
21186 : 20;
21187 : 20;
21188 : 20;
21189 : 20;
21190 : 40;
21191 : 60;
21192 : 60;
21193 : 40;
21194 : 40;
21195 : 40;
21196 : 80;
21197 : A0;
21198 : 60;
21199 : 40;
21200 : 40;
21201 : 60;
21202 : 60;
21203 : 60;
21204 : 60;
21205 : 40;
21206 : 20;
21207 : 20;
21208 : 20;
21209 : 40;
21210 : 40;
21211 : 60;
21212 : A0;
21213 : C4;
21214 : C4;
21215 : C4;
21216 : C4;
21217 : C4;
21218 : C4;
21219 : C4;
21220 : C4;
21221 : A0;
21222 : 80;
21223 : 80;
21224 : 60;
21225 : 60;
21226 : 40;
21227 : 60;
21228 : 80;
21229 : 80;
21230 : 60;
21231 : 20;
21232 : 20;
21233 : 20;
21234 : 20;
21235 : 20;
21236 : 20;
21237 : 20;
21238 : 20;
21239 : 20;
21240 : 20;
21241 : 20;
21242 : 20;
21243 : 20;
21244 : 20;
21245 : 20;
21246 : 40;
21247 : 40;
21248 : 40;
21249 : 20;
21250 : 20;
21251 : 40;
21252 : 80;
21253 : A0;
21254 : A0;
21255 : 80;
21256 : 80;
21257 : A0;
21258 : A0;
21259 : A0;
21260 : C4;
21261 : C4;
21262 : C8;
21263 : E8;
21264 : E8;
21265 : C4;
21266 : A0;
21267 : A0;
21268 : A0;
21269 : A0;
21270 : 60;
21271 : 60;
21272 : 60;
21273 : 60;
21274 : 40;
21275 : 40;
21276 : 40;
21277 : 40;
21278 : 20;
21279 : 20;
21280 : 20;
21281 : 20;
21282 : 20;
21283 : 20;
21284 : 00;
21285 : 20;
21286 : 20;
21287 : 20;
21288 : 20;
21289 : 20;
21290 : 20;
21291 : 40;
21292 : 40;
21293 : 40;
21294 : 20;
21295 : 20;
21296 : 20;
21297 : 20;
21298 : 20;
21299 : 20;
21300 : 20;
21301 : 20;
21302 : 00;
21303 : 00;
21304 : 00;
21305 : 00;
21306 : 00;
21307 : 00;
21308 : 00;
21309 : 20;
21310 : 20;
21311 : 40;
21312 : 40;
21313 : 20;
21314 : 20;
21315 : 20;
21316 : 20;
21317 : 20;
21318 : 20;
21319 : 40;
21320 : 60;
21321 : A0;
21322 : C4;
21323 : E8;
21324 : C4;
21325 : A0;
21326 : C4;
21327 : E8;
21328 : C4;
21329 : C4;
21330 : A0;
21331 : C4;
21332 : C4;
21333 : C4;
21334 : C4;
21335 : C0;
21336 : A0;
21337 : C4;
21338 : C4;
21339 : A0;
21340 : 80;
21341 : 40;
21342 : 20;
21343 : 20;
21344 : 20;
21345 : 20;
21346 : 20;
21347 : 20;
21348 : 20;
21349 : 20;
21350 : 20;
21351 : 20;
21352 : 20;
21353 : 00;
21354 : 00;
21355 : 00;
21356 : 00;
21357 : 00;
21358 : 00;
21359 : 00;
21360 : 20;
21361 : 20;
21362 : 00;
21363 : 00;
21364 : 00;
21365 : 00;
21366 : 00;
21367 : 00;
21368 : 00;
21369 : 00;
21370 : 00;
21371 : 00;
21372 : 20;
21373 : 20;
21374 : 20;
21375 : 20;
21376 : 20;
21377 : 20;
21378 : 20;
21379 : 20;
21380 : 20;
21381 : 20;
21382 : 20;
21383 : 20;
21384 : 20;
21385 : 20;
21386 : 40;
21387 : 80;
21388 : A0;
21389 : C4;
21390 : E8;
21391 : E8;
21392 : C4;
21393 : C4;
21394 : C4;
21395 : C4;
21396 : E8;
21397 : E8;
21398 : C4;
21399 : C4;
21400 : C4;
21401 : C4;
21402 : C4;
21403 : C4;
21404 : C4;
21405 : E8;
21406 : EC;
21407 : E8;
21408 : A0;
21409 : 60;
21410 : 60;
21411 : 80;
21412 : A0;
21413 : A0;
21414 : 60;
21415 : 20;
21416 : 20;
21417 : 20;
21418 : 20;
21419 : 20;
21420 : 20;
21421 : 20;
21422 : 20;
21423 : 20;
21424 : 20;
21425 : 20;
21426 : 20;
21427 : 20;
21428 : 20;
21429 : 20;
21430 : 40;
21431 : 60;
21432 : 60;
21433 : 40;
21434 : 40;
21435 : 60;
21436 : 80;
21437 : A0;
21438 : 60;
21439 : 60;
21440 : 60;
21441 : 60;
21442 : 80;
21443 : 80;
21444 : 60;
21445 : 40;
21446 : 20;
21447 : 20;
21448 : 20;
21449 : 40;
21450 : 40;
21451 : 60;
21452 : 80;
21453 : C4;
21454 : C4;
21455 : C4;
21456 : C4;
21457 : C8;
21458 : E8;
21459 : E8;
21460 : C4;
21461 : C4;
21462 : A0;
21463 : 80;
21464 : 60;
21465 : 60;
21466 : 40;
21467 : 40;
21468 : 80;
21469 : 80;
21470 : 60;
21471 : 20;
21472 : 20;
21473 : 20;
21474 : 20;
21475 : 20;
21476 : 20;
21477 : 20;
21478 : 20;
21479 : 20;
21480 : 20;
21481 : 20;
21482 : 20;
21483 : 20;
21484 : 20;
21485 : 20;
21486 : 40;
21487 : 40;
21488 : 40;
21489 : 40;
21490 : 40;
21491 : 40;
21492 : 80;
21493 : A0;
21494 : A0;
21495 : A0;
21496 : A0;
21497 : A0;
21498 : C4;
21499 : C4;
21500 : C4;
21501 : C4;
21502 : E8;
21503 : E8;
21504 : E8;
21505 : C4;
21506 : A0;
21507 : A0;
21508 : A0;
21509 : A0;
21510 : 80;
21511 : 80;
21512 : 60;
21513 : 60;
21514 : 40;
21515 : 40;
21516 : 40;
21517 : 40;
21518 : 40;
21519 : 20;
21520 : 20;
21521 : 20;
21522 : 20;
21523 : 20;
21524 : 20;
21525 : 20;
21526 : 20;
21527 : 20;
21528 : 20;
21529 : 20;
21530 : 40;
21531 : 60;
21532 : 60;
21533 : 40;
21534 : 20;
21535 : 20;
21536 : 20;
21537 : 20;
21538 : 20;
21539 : 20;
21540 : 20;
21541 : 20;
21542 : 20;
21543 : 00;
21544 : 00;
21545 : 00;
21546 : 00;
21547 : 00;
21548 : 00;
21549 : 20;
21550 : 20;
21551 : 40;
21552 : 40;
21553 : 20;
21554 : 20;
21555 : 20;
21556 : 20;
21557 : 20;
21558 : 40;
21559 : 60;
21560 : A0;
21561 : C4;
21562 : C4;
21563 : C4;
21564 : A4;
21565 : C4;
21566 : C4;
21567 : E8;
21568 : C4;
21569 : C0;
21570 : C4;
21571 : C4;
21572 : C4;
21573 : C4;
21574 : C4;
21575 : C0;
21576 : A0;
21577 : C4;
21578 : C4;
21579 : 80;
21580 : 60;
21581 : 20;
21582 : 20;
21583 : 20;
21584 : 20;
21585 : 20;
21586 : 20;
21587 : 20;
21588 : 20;
21589 : 20;
21590 : 20;
21591 : 20;
21592 : 20;
21593 : 20;
21594 : 00;
21595 : 00;
21596 : 00;
21597 : 20;
21598 : 20;
21599 : 20;
21600 : 20;
21601 : 20;
21602 : 00;
21603 : 00;
21604 : 00;
21605 : 00;
21606 : 00;
21607 : 00;
21608 : 00;
21609 : 00;
21610 : 20;
21611 : 20;
21612 : 20;
21613 : 20;
21614 : 20;
21615 : 20;
21616 : 20;
21617 : 20;
21618 : 20;
21619 : 20;
21620 : 20;
21621 : 20;
21622 : 20;
21623 : 20;
21624 : 20;
21625 : 20;
21626 : 40;
21627 : 60;
21628 : A0;
21629 : C4;
21630 : E8;
21631 : C8;
21632 : C4;
21633 : C4;
21634 : C4;
21635 : E8;
21636 : E8;
21637 : E8;
21638 : C4;
21639 : C4;
21640 : C4;
21641 : C4;
21642 : C4;
21643 : C4;
21644 : C4;
21645 : E8;
21646 : E8;
21647 : C8;
21648 : 80;
21649 : 60;
21650 : 60;
21651 : 60;
21652 : 80;
21653 : A0;
21654 : 40;
21655 : 20;
21656 : 20;
21657 : 20;
21658 : 20;
21659 : 20;
21660 : 20;
21661 : 20;
21662 : 20;
21663 : 20;
21664 : 20;
21665 : 20;
21666 : 20;
21667 : 20;
21668 : 20;
21669 : 40;
21670 : 60;
21671 : 60;
21672 : 40;
21673 : 40;
21674 : 40;
21675 : 60;
21676 : 80;
21677 : A0;
21678 : 80;
21679 : 60;
21680 : 60;
21681 : 60;
21682 : 80;
21683 : 80;
21684 : 60;
21685 : 40;
21686 : 20;
21687 : 20;
21688 : 20;
21689 : 40;
21690 : 40;
21691 : 60;
21692 : 80;
21693 : A0;
21694 : C4;
21695 : C4;
21696 : C4;
21697 : C8;
21698 : E8;
21699 : E8;
21700 : E8;
21701 : C4;
21702 : A0;
21703 : A0;
21704 : 80;
21705 : 60;
21706 : 40;
21707 : 60;
21708 : 60;
21709 : 80;
21710 : 80;
21711 : 40;
21712 : 20;
21713 : 20;
21714 : 20;
21715 : 20;
21716 : 20;
21717 : 20;
21718 : 20;
21719 : 20;
21720 : 20;
21721 : 20;
21722 : 20;
21723 : 20;
21724 : 20;
21725 : 40;
21726 : 20;
21727 : 40;
21728 : 40;
21729 : 40;
21730 : 40;
21731 : 60;
21732 : 80;
21733 : A0;
21734 : A0;
21735 : A0;
21736 : A0;
21737 : A0;
21738 : C4;
21739 : C4;
21740 : E8;
21741 : E8;
21742 : E8;
21743 : E8;
21744 : E8;
21745 : C4;
21746 : A0;
21747 : A0;
21748 : A0;
21749 : A0;
21750 : A0;
21751 : A0;
21752 : 80;
21753 : 40;
21754 : 40;
21755 : 40;
21756 : 40;
21757 : 40;
21758 : 40;
21759 : 40;
21760 : 20;
21761 : 20;
21762 : 20;
21763 : 20;
21764 : 20;
21765 : 20;
21766 : 20;
21767 : 20;
21768 : 20;
21769 : 20;
21770 : 40;
21771 : 60;
21772 : 60;
21773 : 40;
21774 : 40;
21775 : 20;
21776 : 20;
21777 : 20;
21778 : 20;
21779 : 20;
21780 : 20;
21781 : 20;
21782 : 20;
21783 : 20;
21784 : 20;
21785 : 00;
21786 : 00;
21787 : 00;
21788 : 00;
21789 : 20;
21790 : 20;
21791 : 40;
21792 : 40;
21793 : 20;
21794 : 20;
21795 : 20;
21796 : 40;
21797 : 60;
21798 : 80;
21799 : A0;
21800 : C4;
21801 : C4;
21802 : C4;
21803 : C4;
21804 : A0;
21805 : C4;
21806 : E8;
21807 : C4;
21808 : C4;
21809 : C4;
21810 : C4;
21811 : C4;
21812 : C4;
21813 : C4;
21814 : C4;
21815 : C4;
21816 : C4;
21817 : C4;
21818 : C4;
21819 : 80;
21820 : 40;
21821 : 20;
21822 : 20;
21823 : 20;
21824 : 20;
21825 : 20;
21826 : 20;
21827 : 20;
21828 : 20;
21829 : 20;
21830 : 20;
21831 : 20;
21832 : 20;
21833 : 00;
21834 : 00;
21835 : 20;
21836 : 20;
21837 : 20;
21838 : 20;
21839 : 00;
21840 : 20;
21841 : 20;
21842 : 00;
21843 : 00;
21844 : 00;
21845 : 00;
21846 : 00;
21847 : 00;
21848 : 00;
21849 : 00;
21850 : 20;
21851 : 20;
21852 : 20;
21853 : 20;
21854 : 20;
21855 : 20;
21856 : 20;
21857 : 20;
21858 : 20;
21859 : 20;
21860 : 20;
21861 : 20;
21862 : 20;
21863 : 20;
21864 : 20;
21865 : 20;
21866 : 40;
21867 : 60;
21868 : A4;
21869 : C4;
21870 : E8;
21871 : C4;
21872 : C4;
21873 : C4;
21874 : C4;
21875 : E8;
21876 : E8;
21877 : E8;
21878 : C4;
21879 : C4;
21880 : C4;
21881 : C4;
21882 : C4;
21883 : C4;
21884 : C4;
21885 : E8;
21886 : E8;
21887 : C4;
21888 : 60;
21889 : 40;
21890 : 60;
21891 : 80;
21892 : 80;
21893 : 80;
21894 : 40;
21895 : 20;
21896 : 20;
21897 : 20;
21898 : 20;
21899 : 20;
21900 : 20;
21901 : 20;
21902 : 20;
21903 : 20;
21904 : 20;
21905 : 20;
21906 : 20;
21907 : 20;
21908 : 40;
21909 : 60;
21910 : 60;
21911 : 60;
21912 : 40;
21913 : 40;
21914 : 40;
21915 : 60;
21916 : 80;
21917 : A0;
21918 : 80;
21919 : 80;
21920 : 60;
21921 : 80;
21922 : 80;
21923 : 80;
21924 : 40;
21925 : 40;
21926 : 40;
21927 : 20;
21928 : 40;
21929 : 40;
21930 : 40;
21931 : 60;
21932 : 80;
21933 : A0;
21934 : C0;
21935 : C4;
21936 : C4;
21937 : C8;
21938 : E8;
21939 : E8;
21940 : E8;
21941 : E8;
21942 : C4;
21943 : A0;
21944 : 80;
21945 : 60;
21946 : 60;
21947 : 60;
21948 : 60;
21949 : 80;
21950 : 80;
21951 : 60;
21952 : 40;
21953 : 20;
21954 : 20;
21955 : 20;
21956 : 20;
21957 : 20;
21958 : 20;
21959 : 20;
21960 : 20;
21961 : 20;
21962 : 20;
21963 : 20;
21964 : 20;
21965 : 20;
21966 : 20;
21967 : 20;
21968 : 40;
21969 : 60;
21970 : 60;
21971 : 60;
21972 : 80;
21973 : A0;
21974 : A0;
21975 : A0;
21976 : A0;
21977 : A0;
21978 : C4;
21979 : E8;
21980 : E8;
21981 : E8;
21982 : E8;
21983 : E8;
21984 : C4;
21985 : C4;
21986 : C4;
21987 : C4;
21988 : A0;
21989 : A0;
21990 : A0;
21991 : A0;
21992 : A0;
21993 : 60;
21994 : 40;
21995 : 40;
21996 : 40;
21997 : 40;
21998 : 40;
21999 : 40;
22000 : 40;
22001 : 20;
22002 : 20;
22003 : 20;
22004 : 20;
22005 : 20;
22006 : 20;
22007 : 20;
22008 : 20;
22009 : 20;
22010 : 40;
22011 : 60;
22012 : 60;
22013 : 60;
22014 : 40;
22015 : 20;
22016 : 20;
22017 : 20;
22018 : 20;
22019 : 20;
22020 : 20;
22021 : 20;
22022 : 00;
22023 : 20;
22024 : 20;
22025 : 00;
22026 : 00;
22027 : 00;
22028 : 00;
22029 : 20;
22030 : 20;
22031 : 40;
22032 : 40;
22033 : 20;
22034 : 20;
22035 : 40;
22036 : 60;
22037 : A0;
22038 : C4;
22039 : C4;
22040 : C4;
22041 : C4;
22042 : A4;
22043 : A0;
22044 : A4;
22045 : C8;
22046 : E8;
22047 : C4;
22048 : C4;
22049 : C4;
22050 : C4;
22051 : C4;
22052 : C4;
22053 : C4;
22054 : C4;
22055 : C4;
22056 : C4;
22057 : C4;
22058 : A0;
22059 : 40;
22060 : 20;
22061 : 20;
22062 : 20;
22063 : 20;
22064 : 20;
22065 : 20;
22066 : 20;
22067 : 20;
22068 : 20;
22069 : 20;
22070 : 20;
22071 : 20;
22072 : 20;
22073 : 20;
22074 : 20;
22075 : 20;
22076 : 20;
22077 : 20;
22078 : 20;
22079 : 00;
22080 : 20;
22081 : 20;
22082 : 00;
22083 : 00;
22084 : 00;
22085 : 00;
22086 : 00;
22087 : 00;
22088 : 00;
22089 : 00;
22090 : 20;
22091 : 20;
22092 : 20;
22093 : 20;
22094 : 20;
22095 : 20;
22096 : 20;
22097 : 20;
22098 : 20;
22099 : 20;
22100 : 20;
22101 : 20;
22102 : 20;
22103 : 20;
22104 : 20;
22105 : 40;
22106 : 40;
22107 : 60;
22108 : 80;
22109 : C4;
22110 : E8;
22111 : C4;
22112 : C4;
22113 : C4;
22114 : E8;
22115 : E8;
22116 : E8;
22117 : E8;
22118 : E8;
22119 : E8;
22120 : E8;
22121 : E8;
22122 : C4;
22123 : C4;
22124 : C4;
22125 : E8;
22126 : C8;
22127 : A4;
22128 : 60;
22129 : 40;
22130 : 60;
22131 : 80;
22132 : 80;
22133 : 60;
22134 : 20;
22135 : 20;
22136 : 20;
22137 : 20;
22138 : 20;
22139 : 20;
22140 : 20;
22141 : 20;
22142 : 20;
22143 : 20;
22144 : 20;
22145 : 20;
22146 : 20;
22147 : 40;
22148 : 60;
22149 : 60;
22150 : 60;
22151 : 60;
22152 : 60;
22153 : 40;
22154 : 60;
22155 : 80;
22156 : 80;
22157 : A0;
22158 : A0;
22159 : 80;
22160 : 80;
22161 : 80;
22162 : 80;
22163 : 60;
22164 : 40;
22165 : 40;
22166 : 40;
22167 : 40;
22168 : 40;
22169 : 60;
22170 : 60;
22171 : 80;
22172 : A0;
22173 : A0;
22174 : A0;
22175 : A4;
22176 : C4;
22177 : E8;
22178 : E8;
22179 : E8;
22180 : E8;
22181 : E8;
22182 : C4;
22183 : C4;
22184 : A0;
22185 : 80;
22186 : 80;
22187 : 60;
22188 : 60;
22189 : 80;
22190 : 80;
22191 : 80;
22192 : 60;
22193 : 20;
22194 : 20;
22195 : 20;
22196 : 20;
22197 : 20;
22198 : 20;
22199 : 20;
22200 : 20;
22201 : 20;
22202 : 20;
22203 : 20;
22204 : 20;
22205 : 20;
22206 : 20;
22207 : 20;
22208 : 40;
22209 : 80;
22210 : 80;
22211 : 80;
22212 : 80;
22213 : A0;
22214 : A0;
22215 : A0;
22216 : A0;
22217 : A0;
22218 : C4;
22219 : C4;
22220 : C4;
22221 : C8;
22222 : E8;
22223 : C4;
22224 : C4;
22225 : C4;
22226 : C4;
22227 : C4;
22228 : C4;
22229 : A0;
22230 : A0;
22231 : C0;
22232 : A0;
22233 : 60;
22234 : 40;
22235 : 40;
22236 : 40;
22237 : 40;
22238 : 40;
22239 : 40;
22240 : 40;
22241 : 40;
22242 : 20;
22243 : 20;
22244 : 20;
22245 : 20;
22246 : 20;
22247 : 20;
22248 : 20;
22249 : 40;
22250 : 60;
22251 : 60;
22252 : 60;
22253 : 60;
22254 : 40;
22255 : 40;
22256 : 20;
22257 : 20;
22258 : 20;
22259 : 20;
22260 : 20;
22261 : 20;
22262 : 00;
22263 : 20;
22264 : 20;
22265 : 20;
22266 : 20;
22267 : 20;
22268 : 20;
22269 : 20;
22270 : 20;
22271 : 40;
22272 : 40;
22273 : 40;
22274 : 60;
22275 : 80;
22276 : A0;
22277 : C4;
22278 : A4;
22279 : A0;
22280 : A0;
22281 : A0;
22282 : A0;
22283 : A0;
22284 : C4;
22285 : E8;
22286 : E8;
22287 : C4;
22288 : C4;
22289 : C4;
22290 : C4;
22291 : C8;
22292 : C8;
22293 : C4;
22294 : C4;
22295 : C4;
22296 : C4;
22297 : A0;
22298 : 80;
22299 : 40;
22300 : 20;
22301 : 20;
22302 : 20;
22303 : 20;
22304 : 20;
22305 : 20;
22306 : 20;
22307 : 20;
22308 : 20;
22309 : 20;
22310 : 20;
22311 : 20;
22312 : 20;
22313 : 20;
22314 : 20;
22315 : 20;
22316 : 20;
22317 : 20;
22318 : 20;
22319 : 20;
22320 : 20;
22321 : 20;
22322 : 00;
22323 : 00;
22324 : 00;
22325 : 00;
22326 : 00;
22327 : 20;
22328 : 20;
22329 : 20;
22330 : 20;
22331 : 00;
22332 : 20;
22333 : 20;
22334 : 20;
22335 : 20;
22336 : 20;
22337 : 20;
22338 : 20;
22339 : 20;
22340 : 20;
22341 : 20;
22342 : 20;
22343 : 20;
22344 : 20;
22345 : 40;
22346 : 40;
22347 : 60;
22348 : 80;
22349 : A4;
22350 : C4;
22351 : C4;
22352 : C4;
22353 : C4;
22354 : E8;
22355 : E8;
22356 : E8;
22357 : E8;
22358 : E8;
22359 : E8;
22360 : E8;
22361 : E8;
22362 : C8;
22363 : C4;
22364 : C4;
22365 : E8;
22366 : C4;
22367 : 80;
22368 : 60;
22369 : 60;
22370 : 60;
22371 : 80;
22372 : 80;
22373 : 60;
22374 : 20;
22375 : 20;
22376 : 20;
22377 : 20;
22378 : 20;
22379 : 20;
22380 : 20;
22381 : 20;
22382 : 20;
22383 : 20;
22384 : 20;
22385 : 20;
22386 : 40;
22387 : 60;
22388 : 60;
22389 : 60;
22390 : 60;
22391 : 60;
22392 : 60;
22393 : 40;
22394 : 60;
22395 : 80;
22396 : 80;
22397 : 80;
22398 : 80;
22399 : 80;
22400 : 80;
22401 : A0;
22402 : 80;
22403 : 60;
22404 : 40;
22405 : 40;
22406 : 40;
22407 : 40;
22408 : 60;
22409 : 60;
22410 : 80;
22411 : 80;
22412 : A0;
22413 : A0;
22414 : A0;
22415 : A4;
22416 : C4;
22417 : C8;
22418 : E8;
22419 : C4;
22420 : E8;
22421 : E8;
22422 : E8;
22423 : C4;
22424 : A0;
22425 : A0;
22426 : A0;
22427 : 80;
22428 : 80;
22429 : 80;
22430 : 80;
22431 : A0;
22432 : 60;
22433 : 40;
22434 : 20;
22435 : 20;
22436 : 20;
22437 : 40;
22438 : 40;
22439 : 20;
22440 : 20;
22441 : 20;
22442 : 20;
22443 : 20;
22444 : 20;
22445 : 20;
22446 : 20;
22447 : 20;
22448 : 40;
22449 : 80;
22450 : 80;
22451 : A0;
22452 : 80;
22453 : A0;
22454 : A0;
22455 : A0;
22456 : A0;
22457 : A0;
22458 : C4;
22459 : C4;
22460 : C4;
22461 : C4;
22462 : C4;
22463 : C4;
22464 : C4;
22465 : C4;
22466 : C4;
22467 : C4;
22468 : C4;
22469 : A0;
22470 : A0;
22471 : A0;
22472 : C4;
22473 : 80;
22474 : 60;
22475 : 40;
22476 : 40;
22477 : 40;
22478 : 40;
22479 : 40;
22480 : 40;
22481 : 40;
22482 : 40;
22483 : 40;
22484 : 20;
22485 : 20;
22486 : 20;
22487 : 20;
22488 : 40;
22489 : 40;
22490 : 60;
22491 : 40;
22492 : 40;
22493 : 40;
22494 : 40;
22495 : 40;
22496 : 20;
22497 : 20;
22498 : 20;
22499 : 20;
22500 : 20;
22501 : 20;
22502 : 20;
22503 : 20;
22504 : 20;
22505 : 20;
22506 : 20;
22507 : 20;
22508 : 20;
22509 : 20;
22510 : 20;
22511 : 20;
22512 : 40;
22513 : 60;
22514 : 80;
22515 : A0;
22516 : C0;
22517 : A0;
22518 : A0;
22519 : A0;
22520 : A0;
22521 : A0;
22522 : A0;
22523 : A4;
22524 : E8;
22525 : E8;
22526 : E8;
22527 : C4;
22528 : C4;
22529 : C4;
22530 : E8;
22531 : E8;
22532 : C4;
22533 : C4;
22534 : C4;
22535 : C4;
22536 : C4;
22537 : A0;
22538 : 60;
22539 : 40;
22540 : 20;
22541 : 20;
22542 : 20;
22543 : 20;
22544 : 20;
22545 : 20;
22546 : 20;
22547 : 20;
22548 : 20;
22549 : 20;
22550 : 20;
22551 : 20;
22552 : 20;
22553 : 20;
22554 : 20;
22555 : 20;
22556 : 20;
22557 : 20;
22558 : 20;
22559 : 20;
22560 : 20;
22561 : 20;
22562 : 20;
22563 : 00;
22564 : 00;
22565 : 00;
22566 : 20;
22567 : 20;
22568 : 00;
22569 : 00;
22570 : 00;
22571 : 00;
22572 : 00;
22573 : 20;
22574 : 20;
22575 : 20;
22576 : 20;
22577 : 20;
22578 : 20;
22579 : 20;
22580 : 20;
22581 : 20;
22582 : 20;
22583 : 20;
22584 : 20;
22585 : 40;
22586 : 40;
22587 : 60;
22588 : 80;
22589 : 80;
22590 : C4;
22591 : C4;
22592 : C4;
22593 : C8;
22594 : E8;
22595 : E8;
22596 : E8;
22597 : E8;
22598 : E8;
22599 : EC;
22600 : E8;
22601 : E8;
22602 : C8;
22603 : C4;
22604 : E8;
22605 : E8;
22606 : C4;
22607 : 80;
22608 : 60;
22609 : 60;
22610 : 80;
22611 : 80;
22612 : 60;
22613 : 40;
22614 : 20;
22615 : 20;
22616 : 20;
22617 : 20;
22618 : 20;
22619 : 20;
22620 : 20;
22621 : 20;
22622 : 20;
22623 : 20;
22624 : 20;
22625 : 40;
22626 : 60;
22627 : 60;
22628 : 60;
22629 : 60;
22630 : 60;
22631 : 60;
22632 : 60;
22633 : 60;
22634 : 60;
22635 : 80;
22636 : 80;
22637 : 80;
22638 : 80;
22639 : A0;
22640 : A0;
22641 : A0;
22642 : 60;
22643 : 40;
22644 : 40;
22645 : 40;
22646 : 40;
22647 : 40;
22648 : 60;
22649 : 60;
22650 : 80;
22651 : 80;
22652 : A0;
22653 : A0;
22654 : A0;
22655 : C4;
22656 : C4;
22657 : C4;
22658 : E8;
22659 : C4;
22660 : E8;
22661 : E8;
22662 : E8;
22663 : C4;
22664 : C4;
22665 : A0;
22666 : A0;
22667 : A0;
22668 : A0;
22669 : 80;
22670 : 80;
22671 : 80;
22672 : 80;
22673 : 40;
22674 : 20;
22675 : 20;
22676 : 40;
22677 : 40;
22678 : 40;
22679 : 20;
22680 : 20;
22681 : 20;
22682 : 20;
22683 : 20;
22684 : 20;
22685 : 20;
22686 : 20;
22687 : 20;
22688 : 40;
22689 : 60;
22690 : A0;
22691 : A0;
22692 : A0;
22693 : A0;
22694 : A0;
22695 : A0;
22696 : A0;
22697 : A0;
22698 : A0;
22699 : C4;
22700 : C4;
22701 : C4;
22702 : C4;
22703 : C4;
22704 : C4;
22705 : C4;
22706 : C4;
22707 : C4;
22708 : C4;
22709 : C4;
22710 : A0;
22711 : A0;
22712 : C4;
22713 : C4;
22714 : 80;
22715 : 60;
22716 : 60;
22717 : 40;
22718 : 40;
22719 : 40;
22720 : 20;
22721 : 40;
22722 : 40;
22723 : 40;
22724 : 40;
22725 : 20;
22726 : 20;
22727 : 20;
22728 : 60;
22729 : 60;
22730 : 60;
22731 : 40;
22732 : 40;
22733 : 40;
22734 : 40;
22735 : 40;
22736 : 20;
22737 : 20;
22738 : 20;
22739 : 20;
22740 : 20;
22741 : 20;
22742 : 20;
22743 : 20;
22744 : 20;
22745 : 20;
22746 : 20;
22747 : 20;
22748 : 20;
22749 : 20;
22750 : 20;
22751 : 20;
22752 : 60;
22753 : 80;
22754 : A0;
22755 : A0;
22756 : A0;
22757 : 80;
22758 : A0;
22759 : A0;
22760 : A0;
22761 : A0;
22762 : A0;
22763 : C4;
22764 : E8;
22765 : E8;
22766 : C4;
22767 : C4;
22768 : C4;
22769 : C4;
22770 : E8;
22771 : E8;
22772 : E8;
22773 : C4;
22774 : C4;
22775 : C4;
22776 : C4;
22777 : 80;
22778 : 40;
22779 : 20;
22780 : 20;
22781 : 20;
22782 : 20;
22783 : 20;
22784 : 20;
22785 : 20;
22786 : 20;
22787 : 20;
22788 : 20;
22789 : 20;
22790 : 20;
22791 : 20;
22792 : 20;
22793 : 20;
22794 : 20;
22795 : 20;
22796 : 20;
22797 : 20;
22798 : 20;
22799 : 20;
22800 : 20;
22801 : 20;
22802 : 20;
22803 : 00;
22804 : 00;
22805 : 00;
22806 : 00;
22807 : 00;
22808 : 00;
22809 : 00;
22810 : 20;
22811 : 20;
22812 : 20;
22813 : 20;
22814 : 20;
22815 : 20;
22816 : 20;
22817 : 20;
22818 : 20;
22819 : 20;
22820 : 20;
22821 : 20;
22822 : 20;
22823 : 20;
22824 : 20;
22825 : 40;
22826 : 60;
22827 : 60;
22828 : 80;
22829 : 80;
22830 : C4;
22831 : C4;
22832 : C4;
22833 : E8;
22834 : E8;
22835 : E8;
22836 : E8;
22837 : E8;
22838 : E8;
22839 : EC;
22840 : EC;
22841 : E8;
22842 : E8;
22843 : E8;
22844 : E8;
22845 : E8;
22846 : C4;
22847 : 80;
22848 : 80;
22849 : 80;
22850 : 80;
22851 : 60;
22852 : 60;
22853 : 40;
22854 : 20;
22855 : 20;
22856 : 20;
22857 : 20;
22858 : 20;
22859 : 20;
22860 : 20;
22861 : 20;
22862 : 20;
22863 : 20;
22864 : 20;
22865 : 40;
22866 : 40;
22867 : 40;
22868 : 40;
22869 : 40;
22870 : 60;
22871 : 60;
22872 : 60;
22873 : 60;
22874 : 60;
22875 : A0;
22876 : 80;
22877 : 60;
22878 : 80;
22879 : A0;
22880 : A0;
22881 : 80;
22882 : 60;
22883 : 40;
22884 : 40;
22885 : 40;
22886 : 40;
22887 : 40;
22888 : 40;
22889 : 60;
22890 : 80;
22891 : 80;
22892 : A0;
22893 : A0;
22894 : A4;
22895 : C4;
22896 : C4;
22897 : C4;
22898 : E8;
22899 : C4;
22900 : C8;
22901 : E8;
22902 : EC;
22903 : E8;
22904 : C4;
22905 : A0;
22906 : A0;
22907 : C4;
22908 : A0;
22909 : A0;
22910 : 80;
22911 : A0;
22912 : 80;
22913 : 60;
22914 : 20;
22915 : 40;
22916 : 40;
22917 : 40;
22918 : 20;
22919 : 20;
22920 : 20;
22921 : 20;
22922 : 20;
22923 : 20;
22924 : 20;
22925 : 20;
22926 : 20;
22927 : 20;
22928 : 20;
22929 : 60;
22930 : A0;
22931 : C4;
22932 : A0;
22933 : A0;
22934 : A0;
22935 : A0;
22936 : A0;
22937 : A0;
22938 : A0;
22939 : A4;
22940 : C4;
22941 : C4;
22942 : C4;
22943 : C4;
22944 : C4;
22945 : C4;
22946 : C4;
22947 : C4;
22948 : C4;
22949 : C4;
22950 : A0;
22951 : A0;
22952 : A0;
22953 : C4;
22954 : A4;
22955 : 80;
22956 : 60;
22957 : 60;
22958 : 40;
22959 : 40;
22960 : 20;
22961 : 20;
22962 : 40;
22963 : 40;
22964 : 40;
22965 : 20;
22966 : 40;
22967 : 40;
22968 : 60;
22969 : 60;
22970 : 40;
22971 : 40;
22972 : 40;
22973 : 40;
22974 : 40;
22975 : 40;
22976 : 40;
22977 : 20;
22978 : 20;
22979 : 20;
22980 : 20;
22981 : 20;
22982 : 20;
22983 : 20;
22984 : 20;
22985 : 20;
22986 : 20;
22987 : 20;
22988 : 20;
22989 : 20;
22990 : 20;
22991 : 40;
22992 : 80;
22993 : A0;
22994 : A0;
22995 : 80;
22996 : 80;
22997 : A0;
22998 : A0;
22999 : C4;
23000 : C4;
23001 : C0;
23002 : C4;
23003 : C4;
23004 : E8;
23005 : E8;
23006 : C4;
23007 : C4;
23008 : C4;
23009 : C4;
23010 : E8;
23011 : E8;
23012 : E8;
23013 : C4;
23014 : C4;
23015 : C0;
23016 : A4;
23017 : 80;
23018 : 40;
23019 : 20;
23020 : 20;
23021 : 20;
23022 : 20;
23023 : 20;
23024 : 20;
23025 : 20;
23026 : 20;
23027 : 20;
23028 : 20;
23029 : 40;
23030 : 20;
23031 : 20;
23032 : 20;
23033 : 20;
23034 : 20;
23035 : 20;
23036 : 20;
23037 : 20;
23038 : 20;
23039 : 20;
23040 : 20;
23041 : 20;
23042 : 20;
23043 : 20;
23044 : 20;
23045 : 20;
23046 : 20;
23047 : 20;
23048 : 20;
23049 : 00;
23050 : 00;
23051 : 00;
23052 : 20;
23053 : 20;
23054 : 20;
23055 : 20;
23056 : 20;
23057 : 40;
23058 : 20;
23059 : 20;
23060 : 20;
23061 : 20;
23062 : 20;
23063 : 20;
23064 : 40;
23065 : 40;
23066 : 60;
23067 : 80;
23068 : 80;
23069 : 80;
23070 : C4;
23071 : C4;
23072 : C4;
23073 : E8;
23074 : E8;
23075 : E8;
23076 : E8;
23077 : E8;
23078 : EC;
23079 : EC;
23080 : EC;
23081 : E8;
23082 : E8;
23083 : E8;
23084 : E8;
23085 : C4;
23086 : C4;
23087 : A0;
23088 : 80;
23089 : 80;
23090 : 60;
23091 : 40;
23092 : 40;
23093 : 20;
23094 : 20;
23095 : 20;
23096 : 20;
23097 : 20;
23098 : 20;
23099 : 20;
23100 : 20;
23101 : 20;
23102 : 20;
23103 : 20;
23104 : 20;
23105 : 40;
23106 : 40;
23107 : 40;
23108 : 40;
23109 : 40;
23110 : 60;
23111 : 80;
23112 : 60;
23113 : 60;
23114 : 80;
23115 : A0;
23116 : A0;
23117 : 80;
23118 : 80;
23119 : A0;
23120 : A0;
23121 : 80;
23122 : 60;
23123 : 60;
23124 : 40;
23125 : 40;
23126 : 40;
23127 : 40;
23128 : 40;
23129 : 60;
23130 : 60;
23131 : 80;
23132 : A0;
23133 : A0;
23134 : C4;
23135 : C4;
23136 : C4;
23137 : C4;
23138 : C4;
23139 : C4;
23140 : C4;
23141 : E8;
23142 : EC;
23143 : E8;
23144 : C8;
23145 : A0;
23146 : A0;
23147 : C4;
23148 : C4;
23149 : A0;
23150 : 80;
23151 : 80;
23152 : 60;
23153 : 40;
23154 : 40;
23155 : 40;
23156 : 40;
23157 : 40;
23158 : 20;
23159 : 20;
23160 : 20;
23161 : 20;
23162 : 20;
23163 : 20;
23164 : 20;
23165 : 20;
23166 : 20;
23167 : 20;
23168 : 40;
23169 : 60;
23170 : A0;
23171 : C4;
23172 : A4;
23173 : A0;
23174 : A0;
23175 : C4;
23176 : C4;
23177 : C0;
23178 : A0;
23179 : A4;
23180 : C4;
23181 : C8;
23182 : C4;
23183 : C4;
23184 : C4;
23185 : C4;
23186 : C4;
23187 : C4;
23188 : C4;
23189 : C4;
23190 : A0;
23191 : A0;
23192 : A0;
23193 : A0;
23194 : C4;
23195 : A0;
23196 : 80;
23197 : 60;
23198 : 40;
23199 : 40;
23200 : 20;
23201 : 40;
23202 : 40;
23203 : 40;
23204 : 40;
23205 : 20;
23206 : 40;
23207 : 40;
23208 : 60;
23209 : 60;
23210 : 40;
23211 : 40;
23212 : 40;
23213 : 40;
23214 : 40;
23215 : 40;
23216 : 40;
23217 : 20;
23218 : 20;
23219 : 20;
23220 : 20;
23221 : 20;
23222 : 20;
23223 : 20;
23224 : 20;
23225 : 20;
23226 : 20;
23227 : 20;
23228 : 20;
23229 : 20;
23230 : 20;
23231 : 40;
23232 : A0;
23233 : A0;
23234 : 80;
23235 : 80;
23236 : A0;
23237 : A4;
23238 : C4;
23239 : C4;
23240 : C4;
23241 : C4;
23242 : C4;
23243 : E8;
23244 : E8;
23245 : E8;
23246 : C4;
23247 : C4;
23248 : C4;
23249 : E8;
23250 : E8;
23251 : E8;
23252 : E8;
23253 : C4;
23254 : C4;
23255 : C0;
23256 : A0;
23257 : 60;
23258 : 40;
23259 : 20;
23260 : 20;
23261 : 20;
23262 : 20;
23263 : 20;
23264 : 20;
23265 : 20;
23266 : 20;
23267 : 20;
23268 : 40;
23269 : 40;
23270 : 40;
23271 : 20;
23272 : 20;
23273 : 20;
23274 : 20;
23275 : 20;
23276 : 20;
23277 : 20;
23278 : 20;
23279 : 20;
23280 : 20;
23281 : 20;
23282 : 20;
23283 : 00;
23284 : 00;
23285 : 20;
23286 : 20;
23287 : 20;
23288 : 20;
23289 : 20;
23290 : 20;
23291 : 20;
23292 : 20;
23293 : 20;
23294 : 20;
23295 : 20;
23296 : 40;
23297 : 40;
23298 : 40;
23299 : 20;
23300 : 20;
23301 : 20;
23302 : 20;
23303 : 20;
23304 : 40;
23305 : 60;
23306 : 80;
23307 : 80;
23308 : 60;
23309 : 60;
23310 : A4;
23311 : C4;
23312 : C4;
23313 : E8;
23314 : E8;
23315 : E8;
23316 : E8;
23317 : EC;
23318 : EC;
23319 : EC;
23320 : EC;
23321 : EC;
23322 : EC;
23323 : E8;
23324 : E8;
23325 : C4;
23326 : A4;
23327 : A0;
23328 : 80;
23329 : 60;
23330 : 60;
23331 : 40;
23332 : 40;
23333 : 20;
23334 : 40;
23335 : 20;
23336 : 20;
23337 : 20;
23338 : 20;
23339 : 20;
23340 : 20;
23341 : 20;
23342 : 20;
23343 : 20;
23344 : 20;
23345 : 40;
23346 : 20;
23347 : 20;
23348 : 20;
23349 : 40;
23350 : 60;
23351 : 80;
23352 : 80;
23353 : 80;
23354 : 80;
23355 : A0;
23356 : A0;
23357 : 80;
23358 : A0;
23359 : A0;
23360 : A0;
23361 : 80;
23362 : 80;
23363 : 60;
23364 : 40;
23365 : 40;
23366 : 40;
23367 : 40;
23368 : 40;
23369 : 60;
23370 : 60;
23371 : 80;
23372 : A0;
23373 : A0;
23374 : C4;
23375 : C4;
23376 : C4;
23377 : C4;
23378 : C4;
23379 : C4;
23380 : C4;
23381 : E8;
23382 : E8;
23383 : E8;
23384 : E8;
23385 : A0;
23386 : A0;
23387 : A4;
23388 : C4;
23389 : A0;
23390 : A0;
23391 : 80;
23392 : 60;
23393 : 40;
23394 : 40;
23395 : 40;
23396 : 40;
23397 : 40;
23398 : 20;
23399 : 20;
23400 : 20;
23401 : 20;
23402 : 20;
23403 : 20;
23404 : 20;
23405 : 20;
23406 : 20;
23407 : 20;
23408 : 20;
23409 : 40;
23410 : 80;
23411 : C4;
23412 : C4;
23413 : A4;
23414 : A4;
23415 : C4;
23416 : C4;
23417 : C4;
23418 : C4;
23419 : C4;
23420 : C4;
23421 : E8;
23422 : C4;
23423 : C4;
23424 : C4;
23425 : C4;
23426 : E8;
23427 : E8;
23428 : E8;
23429 : C4;
23430 : C4;
23431 : A0;
23432 : A0;
23433 : A0;
23434 : A4;
23435 : C4;
23436 : C4;
23437 : A0;
23438 : 60;
23439 : 40;
23440 : 20;
23441 : 20;
23442 : 40;
23443 : 40;
23444 : 40;
23445 : 20;
23446 : 40;
23447 : 40;
23448 : 60;
23449 : 60;
23450 : 40;
23451 : 40;
23452 : 60;
23453 : 60;
23454 : 60;
23455 : 40;
23456 : 20;
23457 : 20;
23458 : 20;
23459 : 20;
23460 : 20;
23461 : 20;
23462 : 20;
23463 : 20;
23464 : 20;
23465 : 20;
23466 : 20;
23467 : 20;
23468 : 20;
23469 : 20;
23470 : 20;
23471 : 40;
23472 : A0;
23473 : A0;
23474 : 80;
23475 : 80;
23476 : A0;
23477 : C4;
23478 : C4;
23479 : C4;
23480 : C4;
23481 : C4;
23482 : E8;
23483 : E8;
23484 : E8;
23485 : E8;
23486 : C4;
23487 : C4;
23488 : C4;
23489 : E8;
23490 : E8;
23491 : EC;
23492 : E8;
23493 : C4;
23494 : C4;
23495 : C4;
23496 : A0;
23497 : 60;
23498 : 40;
23499 : 40;
23500 : 40;
23501 : 20;
23502 : 20;
23503 : 20;
23504 : 20;
23505 : 20;
23506 : 20;
23507 : 20;
23508 : 40;
23509 : 40;
23510 : 40;
23511 : 20;
23512 : 20;
23513 : 20;
23514 : 20;
23515 : 20;
23516 : 20;
23517 : 20;
23518 : 20;
23519 : 20;
23520 : 20;
23521 : 20;
23522 : 20;
23523 : 20;
23524 : 20;
23525 : 20;
23526 : 20;
23527 : 20;
23528 : 20;
23529 : 20;
23530 : 20;
23531 : 20;
23532 : 20;
23533 : 20;
23534 : 20;
23535 : 40;
23536 : 40;
23537 : 40;
23538 : 40;
23539 : 20;
23540 : 20;
23541 : 20;
23542 : 20;
23543 : 40;
23544 : 60;
23545 : 60;
23546 : 80;
23547 : 80;
23548 : 60;
23549 : 80;
23550 : C4;
23551 : C4;
23552 : C4;
23553 : C4;
23554 : E8;
23555 : E8;
23556 : E8;
23557 : EC;
23558 : EC;
23559 : EC;
23560 : EC;
23561 : EC;
23562 : EC;
23563 : E8;
23564 : C4;
23565 : C4;
23566 : A0;
23567 : A0;
23568 : 60;
23569 : 40;
23570 : 40;
23571 : 20;
23572 : 20;
23573 : 40;
23574 : 40;
23575 : 40;
23576 : 20;
23577 : 20;
23578 : 20;
23579 : 20;
23580 : 20;
23581 : 20;
23582 : 20;
23583 : 20;
23584 : 20;
23585 : 20;
23586 : 20;
23587 : 20;
23588 : 20;
23589 : 20;
23590 : 40;
23591 : 80;
23592 : A0;
23593 : A0;
23594 : 80;
23595 : A0;
23596 : A0;
23597 : A0;
23598 : A0;
23599 : C4;
23600 : A0;
23601 : A0;
23602 : 80;
23603 : 60;
23604 : 60;
23605 : 40;
23606 : 40;
23607 : 40;
23608 : 60;
23609 : 60;
23610 : 60;
23611 : 80;
23612 : A0;
23613 : A0;
23614 : C4;
23615 : C4;
23616 : C4;
23617 : C4;
23618 : C4;
23619 : C4;
23620 : C4;
23621 : E8;
23622 : E8;
23623 : E8;
23624 : E8;
23625 : C4;
23626 : A0;
23627 : A0;
23628 : C4;
23629 : A0;
23630 : A0;
23631 : 80;
23632 : 60;
23633 : 40;
23634 : 40;
23635 : 40;
23636 : 60;
23637 : 40;
23638 : 20;
23639 : 20;
23640 : 20;
23641 : 20;
23642 : 20;
23643 : 20;
23644 : 20;
23645 : 20;
23646 : 20;
23647 : 20;
23648 : 20;
23649 : 40;
23650 : 80;
23651 : C4;
23652 : C4;
23653 : C4;
23654 : A4;
23655 : C4;
23656 : C4;
23657 : C4;
23658 : C4;
23659 : C4;
23660 : C4;
23661 : E8;
23662 : E8;
23663 : C4;
23664 : C4;
23665 : C4;
23666 : E8;
23667 : E8;
23668 : E8;
23669 : E8;
23670 : C4;
23671 : A0;
23672 : A0;
23673 : A0;
23674 : C4;
23675 : C4;
23676 : C4;
23677 : A0;
23678 : 60;
23679 : 40;
23680 : 40;
23681 : 40;
23682 : 40;
23683 : 40;
23684 : 40;
23685 : 20;
23686 : 40;
23687 : 40;
23688 : 60;
23689 : 60;
23690 : 40;
23691 : 60;
23692 : 60;
23693 : 60;
23694 : 40;
23695 : 40;
23696 : 20;
23697 : 20;
23698 : 20;
23699 : 20;
23700 : 20;
23701 : 20;
23702 : 20;
23703 : 20;
23704 : 20;
23705 : 20;
23706 : 20;
23707 : 20;
23708 : 20;
23709 : 20;
23710 : 20;
23711 : 40;
23712 : 80;
23713 : 80;
23714 : 80;
23715 : 80;
23716 : A0;
23717 : C4;
23718 : E8;
23719 : E8;
23720 : E8;
23721 : E8;
23722 : E8;
23723 : E8;
23724 : E8;
23725 : E8;
23726 : C4;
23727 : C4;
23728 : C4;
23729 : E8;
23730 : EC;
23731 : EC;
23732 : E8;
23733 : C4;
23734 : C4;
23735 : C4;
23736 : 80;
23737 : 60;
23738 : 40;
23739 : 40;
23740 : 40;
23741 : 40;
23742 : 20;
23743 : 20;
23744 : 20;
23745 : 20;
23746 : 20;
23747 : 20;
23748 : 60;
23749 : 60;
23750 : 60;
23751 : 20;
23752 : 20;
23753 : 20;
23754 : 20;
23755 : 20;
23756 : 20;
23757 : 20;
23758 : 20;
23759 : 20;
23760 : 20;
23761 : 20;
23762 : 20;
23763 : 20;
23764 : 20;
23765 : 20;
23766 : 20;
23767 : 20;
23768 : 20;
23769 : 20;
23770 : 20;
23771 : 20;
23772 : 20;
23773 : 20;
23774 : 40;
23775 : 60;
23776 : 60;
23777 : 40;
23778 : 40;
23779 : 20;
23780 : 20;
23781 : 20;
23782 : 40;
23783 : 60;
23784 : 80;
23785 : 80;
23786 : 80;
23787 : 60;
23788 : 60;
23789 : 80;
23790 : C4;
23791 : C4;
23792 : C4;
23793 : C4;
23794 : E8;
23795 : E8;
23796 : E8;
23797 : EC;
23798 : EC;
23799 : EC;
23800 : EC;
23801 : EC;
23802 : EC;
23803 : E8;
23804 : C4;
23805 : C4;
23806 : A4;
23807 : 80;
23808 : 60;
23809 : 40;
23810 : 40;
23811 : 20;
23812 : 20;
23813 : 20;
23814 : 40;
23815 : 40;
23816 : 40;
23817 : 20;
23818 : 20;
23819 : 20;
23820 : 20;
23821 : 20;
23822 : 20;
23823 : 20;
23824 : 20;
23825 : 20;
23826 : 20;
23827 : 20;
23828 : 20;
23829 : 20;
23830 : 40;
23831 : 60;
23832 : A0;
23833 : A0;
23834 : A0;
23835 : A0;
23836 : C4;
23837 : C4;
23838 : C4;
23839 : C4;
23840 : A0;
23841 : A0;
23842 : A0;
23843 : 80;
23844 : 60;
23845 : 60;
23846 : 40;
23847 : 60;
23848 : 60;
23849 : 60;
23850 : 60;
23851 : 80;
23852 : A0;
23853 : A0;
23854 : A4;
23855 : C4;
23856 : C4;
23857 : C4;
23858 : C4;
23859 : C4;
23860 : C4;
23861 : E8;
23862 : E8;
23863 : E8;
23864 : E8;
23865 : C4;
23866 : A0;
23867 : A0;
23868 : C4;
23869 : A0;
23870 : A0;
23871 : 60;
23872 : 40;
23873 : 20;
23874 : 40;
23875 : 60;
23876 : 60;
23877 : 40;
23878 : 40;
23879 : 20;
23880 : 20;
23881 : 20;
23882 : 20;
23883 : 20;
23884 : 20;
23885 : 20;
23886 : 20;
23887 : 20;
23888 : 20;
23889 : 20;
23890 : 60;
23891 : A0;
23892 : C4;
23893 : C4;
23894 : C4;
23895 : C4;
23896 : C4;
23897 : C4;
23898 : C4;
23899 : C4;
23900 : C4;
23901 : E8;
23902 : E8;
23903 : E8;
23904 : E8;
23905 : E8;
23906 : E8;
23907 : E8;
23908 : E8;
23909 : E8;
23910 : C4;
23911 : C4;
23912 : C4;
23913 : C4;
23914 : C4;
23915 : C4;
23916 : C4;
23917 : A4;
23918 : 60;
23919 : 40;
23920 : 40;
23921 : 40;
23922 : 40;
23923 : 40;
23924 : 20;
23925 : 20;
23926 : 40;
23927 : 40;
23928 : 60;
23929 : 60;
23930 : 60;
23931 : 80;
23932 : 80;
23933 : 60;
23934 : 40;
23935 : 20;
23936 : 20;
23937 : 20;
23938 : 20;
23939 : 20;
23940 : 20;
23941 : 20;
23942 : 20;
23943 : 20;
23944 : 20;
23945 : 20;
23946 : 20;
23947 : 20;
23948 : 20;
23949 : 20;
23950 : 20;
23951 : 40;
23952 : 60;
23953 : 60;
23954 : 60;
23955 : 60;
23956 : 80;
23957 : C4;
23958 : C8;
23959 : E8;
23960 : E8;
23961 : E8;
23962 : E8;
23963 : E8;
23964 : E8;
23965 : E8;
23966 : C4;
23967 : C4;
23968 : C4;
23969 : C8;
23970 : EC;
23971 : EC;
23972 : E8;
23973 : C4;
23974 : C4;
23975 : C4;
23976 : 80;
23977 : 60;
23978 : 40;
23979 : 40;
23980 : 40;
23981 : 40;
23982 : 20;
23983 : 20;
23984 : 20;
23985 : 20;
23986 : 20;
23987 : 40;
23988 : 60;
23989 : 80;
23990 : 60;
23991 : 20;
23992 : 20;
23993 : 20;
23994 : 20;
23995 : 20;
23996 : 20;
23997 : 20;
23998 : 20;
23999 : 20;
24000 : 20;
24001 : 20;
24002 : 20;
24003 : 20;
24004 : 20;
24005 : 20;
24006 : 20;
24007 : 20;
24008 : 20;
24009 : 20;
24010 : 20;
24011 : 20;
24012 : 20;
24013 : 40;
24014 : 60;
24015 : 80;
24016 : 80;
24017 : 60;
24018 : 40;
24019 : 40;
24020 : 40;
24021 : 40;
24022 : 60;
24023 : 60;
24024 : 80;
24025 : 80;
24026 : 60;
24027 : 60;
24028 : 80;
24029 : C4;
24030 : C4;
24031 : C4;
24032 : C4;
24033 : C4;
24034 : C8;
24035 : EC;
24036 : EC;
24037 : EC;
24038 : EC;
24039 : EC;
24040 : F0;
24041 : F0;
24042 : EC;
24043 : C8;
24044 : C4;
24045 : C4;
24046 : C4;
24047 : 80;
24048 : 60;
24049 : 40;
24050 : 40;
24051 : 40;
24052 : 20;
24053 : 40;
24054 : 40;
24055 : 40;
24056 : 40;
24057 : 40;
24058 : 40;
24059 : 20;
24060 : 40;
24061 : 20;
24062 : 20;
24063 : 20;
24064 : 20;
24065 : 20;
24066 : 20;
24067 : 20;
24068 : 20;
24069 : 20;
24070 : 20;
24071 : 40;
24072 : A0;
24073 : C4;
24074 : C4;
24075 : C4;
24076 : C4;
24077 : C4;
24078 : C4;
24079 : C4;
24080 : A0;
24081 : A0;
24082 : A0;
24083 : A0;
24084 : 80;
24085 : 60;
24086 : 60;
24087 : 60;
24088 : 60;
24089 : 60;
24090 : 60;
24091 : 80;
24092 : A0;
24093 : A0;
24094 : A0;
24095 : A0;
24096 : C4;
24097 : C4;
24098 : C4;
24099 : C4;
24100 : C4;
24101 : E8;
24102 : E8;
24103 : E8;
24104 : C4;
24105 : C4;
24106 : C0;
24107 : C4;
24108 : C4;
24109 : A0;
24110 : 80;
24111 : 40;
24112 : 40;
24113 : 40;
24114 : 40;
24115 : 40;
24116 : 60;
24117 : 60;
24118 : 40;
24119 : 20;
24120 : 20;
24121 : 20;
24122 : 20;
24123 : 20;
24124 : 20;
24125 : 20;
24126 : 20;
24127 : 20;
24128 : 40;
24129 : 40;
24130 : 40;
24131 : 60;
24132 : A4;
24133 : C4;
24134 : C4;
24135 : C4;
24136 : C4;
24137 : C4;
24138 : C4;
24139 : C4;
24140 : E8;
24141 : E8;
24142 : E8;
24143 : E8;
24144 : E8;
24145 : E8;
24146 : E8;
24147 : E8;
24148 : EC;
24149 : EC;
24150 : C4;
24151 : C4;
24152 : C4;
24153 : C4;
24154 : C4;
24155 : C4;
24156 : E8;
24157 : A4;
24158 : 60;
24159 : 60;
24160 : 40;
24161 : 40;
24162 : 40;
24163 : 40;
24164 : 20;
24165 : 20;
24166 : 40;
24167 : 40;
24168 : 60;
24169 : 80;
24170 : 80;
24171 : A0;
24172 : 80;
24173 : 60;
24174 : 40;
24175 : 20;
24176 : 20;
24177 : 20;
24178 : 20;
24179 : 20;
24180 : 20;
24181 : 20;
24182 : 20;
24183 : 20;
24184 : 20;
24185 : 20;
24186 : 20;
24187 : 20;
24188 : 20;
24189 : 20;
24190 : 20;
24191 : 40;
24192 : 40;
24193 : 40;
24194 : 40;
24195 : 60;
24196 : 60;
24197 : 80;
24198 : C4;
24199 : E8;
24200 : EC;
24201 : EC;
24202 : E8;
24203 : E8;
24204 : E8;
24205 : E8;
24206 : C4;
24207 : C4;
24208 : C4;
24209 : C8;
24210 : EC;
24211 : EC;
24212 : EC;
24213 : C4;
24214 : C4;
24215 : C4;
24216 : 80;
24217 : 60;
24218 : 60;
24219 : 40;
24220 : 40;
24221 : 40;
24222 : 40;
24223 : 20;
24224 : 20;
24225 : 20;
24226 : 20;
24227 : 40;
24228 : 80;
24229 : A0;
24230 : 60;
24231 : 20;
24232 : 20;
24233 : 20;
24234 : 20;
24235 : 20;
24236 : 20;
24237 : 20;
24238 : 20;
24239 : 20;
24240 : 20;
24241 : 20;
24242 : 20;
24243 : 20;
24244 : 20;
24245 : 20;
24246 : 20;
24247 : 20;
24248 : 20;
24249 : 20;
24250 : 20;
24251 : 20;
24252 : 20;
24253 : 40;
24254 : 80;
24255 : 80;
24256 : 80;
24257 : 60;
24258 : 60;
24259 : 40;
24260 : 60;
24261 : 60;
24262 : 80;
24263 : 80;
24264 : 80;
24265 : 80;
24266 : 60;
24267 : 80;
24268 : A4;
24269 : C4;
24270 : C4;
24271 : C4;
24272 : C4;
24273 : C4;
24274 : C8;
24275 : EC;
24276 : EC;
24277 : EC;
24278 : EC;
24279 : EC;
24280 : F0;
24281 : EC;
24282 : E8;
24283 : C4;
24284 : C4;
24285 : C4;
24286 : C4;
24287 : A0;
24288 : 60;
24289 : 40;
24290 : 40;
24291 : 20;
24292 : 20;
24293 : 40;
24294 : 40;
24295 : 40;
24296 : 60;
24297 : 40;
24298 : 40;
24299 : 20;
24300 : 40;
24301 : 20;
24302 : 20;
24303 : 20;
24304 : 20;
24305 : 20;
24306 : 20;
24307 : 20;
24308 : 20;
24309 : 20;
24310 : 20;
24311 : 40;
24312 : 60;
24313 : A4;
24314 : E8;
24315 : C4;
24316 : C4;
24317 : C4;
24318 : C4;
24319 : C4;
24320 : A0;
24321 : A0;
24322 : A4;
24323 : A0;
24324 : A0;
24325 : 80;
24326 : 60;
24327 : 60;
24328 : 60;
24329 : 60;
24330 : 80;
24331 : A0;
24332 : A0;
24333 : A0;
24334 : A0;
24335 : A0;
24336 : C4;
24337 : C4;
24338 : C4;
24339 : C4;
24340 : C8;
24341 : E8;
24342 : E8;
24343 : E8;
24344 : C4;
24345 : C4;
24346 : C4;
24347 : C4;
24348 : A0;
24349 : 80;
24350 : 60;
24351 : 40;
24352 : 40;
24353 : 40;
24354 : 40;
24355 : 40;
24356 : 60;
24357 : 60;
24358 : 40;
24359 : 20;
24360 : 20;
24361 : 20;
24362 : 20;
24363 : 20;
24364 : 20;
24365 : 20;
24366 : 20;
24367 : 20;
24368 : 40;
24369 : 40;
24370 : 40;
24371 : 40;
24372 : 80;
24373 : A4;
24374 : C4;
24375 : C4;
24376 : C4;
24377 : C4;
24378 : C4;
24379 : E8;
24380 : E8;
24381 : E8;
24382 : E8;
24383 : E8;
24384 : E8;
24385 : E8;
24386 : E8;
24387 : EC;
24388 : EC;
24389 : E8;
24390 : C4;
24391 : C4;
24392 : C4;
24393 : C4;
24394 : C4;
24395 : E8;
24396 : C4;
24397 : A0;
24398 : 60;
24399 : 60;
24400 : 60;
24401 : 40;
24402 : 40;
24403 : 40;
24404 : 40;
24405 : 40;
24406 : 40;
24407 : 40;
24408 : 60;
24409 : 80;
24410 : A0;
24411 : A0;
24412 : A0;
24413 : 80;
24414 : 40;
24415 : 40;
24416 : 20;
24417 : 20;
24418 : 20;
24419 : 20;
24420 : 20;
24421 : 20;
24422 : 20;
24423 : 20;
24424 : 20;
24425 : 20;
24426 : 20;
24427 : 20;
24428 : 20;
24429 : 20;
24430 : 20;
24431 : 40;
24432 : 40;
24433 : 40;
24434 : 40;
24435 : 40;
24436 : 40;
24437 : 60;
24438 : A0;
24439 : C8;
24440 : EC;
24441 : EC;
24442 : EC;
24443 : E8;
24444 : E8;
24445 : E8;
24446 : E8;
24447 : C4;
24448 : C4;
24449 : C4;
24450 : E8;
24451 : EC;
24452 : EC;
24453 : E8;
24454 : C4;
24455 : C4;
24456 : 80;
24457 : 60;
24458 : 40;
24459 : 40;
24460 : 40;
24461 : 40;
24462 : 40;
24463 : 20;
24464 : 20;
24465 : 20;
24466 : 20;
24467 : 40;
24468 : A0;
24469 : A0;
24470 : 80;
24471 : 20;
24472 : 20;
24473 : 20;
24474 : 20;
24475 : 20;
24476 : 20;
24477 : 20;
24478 : 20;
24479 : 20;
24480 : 20;
24481 : 20;
24482 : 20;
24483 : 20;
24484 : 20;
24485 : 20;
24486 : 20;
24487 : 20;
24488 : 20;
24489 : 20;
24490 : 20;
24491 : 20;
24492 : 40;
24493 : 60;
24494 : 80;
24495 : 80;
24496 : 80;
24497 : 80;
24498 : 60;
24499 : 60;
24500 : 60;
24501 : 80;
24502 : 80;
24503 : 80;
24504 : 80;
24505 : 80;
24506 : 80;
24507 : A0;
24508 : C4;
24509 : E8;
24510 : C4;
24511 : C4;
24512 : C4;
24513 : C4;
24514 : C4;
24515 : E8;
24516 : EC;
24517 : EC;
24518 : EC;
24519 : F0;
24520 : EC;
24521 : EC;
24522 : E8;
24523 : C4;
24524 : C4;
24525 : C4;
24526 : C4;
24527 : A4;
24528 : 60;
24529 : 40;
24530 : 40;
24531 : 40;
24532 : 40;
24533 : 40;
24534 : 40;
24535 : 40;
24536 : 60;
24537 : 60;
24538 : 40;
24539 : 40;
24540 : 40;
24541 : 20;
24542 : 20;
24543 : 20;
24544 : 20;
24545 : 20;
24546 : 20;
24547 : 20;
24548 : 20;
24549 : 20;
24550 : 40;
24551 : 40;
24552 : 40;
24553 : 84;
24554 : E8;
24555 : E8;
24556 : E8;
24557 : C4;
24558 : C4;
24559 : C4;
24560 : A0;
24561 : A0;
24562 : A0;
24563 : C4;
24564 : C4;
24565 : A0;
24566 : 80;
24567 : 60;
24568 : 60;
24569 : 80;
24570 : 80;
24571 : A0;
24572 : A0;
24573 : A0;
24574 : A0;
24575 : A0;
24576 : C4;
24577 : C4;
24578 : C4;
24579 : C4;
24580 : E8;
24581 : E8;
24582 : E8;
24583 : C8;
24584 : C4;
24585 : C4;
24586 : C4;
24587 : C4;
24588 : A0;
24589 : 80;
24590 : 60;
24591 : 40;
24592 : 40;
24593 : 40;
24594 : 40;
24595 : 40;
24596 : 60;
24597 : 60;
24598 : 60;
24599 : 40;
24600 : 20;
24601 : 20;
24602 : 20;
24603 : 20;
24604 : 20;
24605 : 20;
24606 : 20;
24607 : 40;
24608 : 40;
24609 : 40;
24610 : 40;
24611 : 40;
24612 : 40;
24613 : 80;
24614 : C4;
24615 : C8;
24616 : C4;
24617 : C4;
24618 : E8;
24619 : E8;
24620 : E8;
24621 : E8;
24622 : EC;
24623 : EC;
24624 : E8;
24625 : E8;
24626 : EC;
24627 : EC;
24628 : EC;
24629 : E8;
24630 : C4;
24631 : C4;
24632 : C4;
24633 : C4;
24634 : C4;
24635 : C8;
24636 : A0;
24637 : 80;
24638 : 80;
24639 : 80;
24640 : 60;
24641 : 40;
24642 : 40;
24643 : 40;
24644 : 40;
24645 : 40;
24646 : 40;
24647 : 40;
24648 : 60;
24649 : 80;
24650 : A0;
24651 : A0;
24652 : A0;
24653 : 80;
24654 : 60;
24655 : 40;
24656 : 40;
24657 : 20;
24658 : 20;
24659 : 20;
24660 : 20;
24661 : 20;
24662 : 20;
24663 : 20;
24664 : 20;
24665 : 20;
24666 : 20;
24667 : 20;
24668 : 20;
24669 : 20;
24670 : 20;
24671 : 40;
24672 : 40;
24673 : 40;
24674 : 40;
24675 : 40;
24676 : 40;
24677 : 60;
24678 : 80;
24679 : A4;
24680 : E8;
24681 : F0;
24682 : EC;
24683 : EC;
24684 : EC;
24685 : E8;
24686 : E8;
24687 : E8;
24688 : E8;
24689 : E8;
24690 : E8;
24691 : EC;
24692 : EC;
24693 : EC;
24694 : C8;
24695 : C4;
24696 : 80;
24697 : 60;
24698 : 40;
24699 : 40;
24700 : 40;
24701 : 40;
24702 : 40;
24703 : 20;
24704 : 20;
24705 : 20;
24706 : 40;
24707 : 60;
24708 : A4;
24709 : A4;
24710 : 80;
24711 : 20;
24712 : 20;
24713 : 20;
24714 : 20;
24715 : 20;
24716 : 20;
24717 : 20;
24718 : 20;
24719 : 20;
24720 : 20;
24721 : 20;
24722 : 20;
24723 : 20;
24724 : 20;
24725 : 20;
24726 : 20;
24727 : 20;
24728 : 20;
24729 : 20;
24730 : 20;
24731 : 20;
24732 : 40;
24733 : 60;
24734 : 60;
24735 : 80;
24736 : 80;
24737 : 80;
24738 : 80;
24739 : 80;
24740 : 80;
24741 : 80;
24742 : 80;
24743 : 80;
24744 : 80;
24745 : A0;
24746 : A0;
24747 : C4;
24748 : C8;
24749 : C4;
24750 : C4;
24751 : C4;
24752 : C4;
24753 : C4;
24754 : C4;
24755 : E8;
24756 : EC;
24757 : F0;
24758 : EC;
24759 : F0;
24760 : EC;
24761 : E8;
24762 : E8;
24763 : C4;
24764 : C4;
24765 : C4;
24766 : C4;
24767 : C4;
24768 : 80;
24769 : 60;
24770 : 40;
24771 : 40;
24772 : 40;
24773 : 40;
24774 : 40;
24775 : 40;
24776 : 60;
24777 : 60;
24778 : 60;
24779 : 40;
24780 : 40;
24781 : 20;
24782 : 20;
24783 : 20;
24784 : 20;
24785 : 20;
24786 : 20;
24787 : 20;
24788 : 20;
24789 : 20;
24790 : 40;
24791 : 40;
24792 : 20;
24793 : 60;
24794 : C4;
24795 : EC;
24796 : EC;
24797 : E8;
24798 : C8;
24799 : C4;
24800 : A0;
24801 : A0;
24802 : A0;
24803 : A4;
24804 : C4;
24805 : C4;
24806 : A0;
24807 : 80;
24808 : 80;
24809 : 80;
24810 : A0;
24811 : A4;
24812 : C4;
24813 : C4;
24814 : A0;
24815 : A0;
24816 : C4;
24817 : C4;
24818 : C4;
24819 : E8;
24820 : E8;
24821 : E8;
24822 : E8;
24823 : C4;
24824 : C4;
24825 : C4;
24826 : C4;
24827 : C4;
24828 : 80;
24829 : 80;
24830 : 60;
24831 : 60;
24832 : 60;
24833 : 60;
24834 : 60;
24835 : 60;
24836 : 60;
24837 : 80;
24838 : 60;
24839 : 40;
24840 : 20;
24841 : 20;
24842 : 20;
24843 : 20;
24844 : 20;
24845 : 20;
24846 : 40;
24847 : 40;
24848 : 40;
24849 : 40;
24850 : 40;
24851 : 40;
24852 : 40;
24853 : 60;
24854 : A0;
24855 : C4;
24856 : C4;
24857 : C4;
24858 : C8;
24859 : C8;
24860 : E8;
24861 : E8;
24862 : EC;
24863 : EC;
24864 : E8;
24865 : E8;
24866 : EC;
24867 : EC;
24868 : E8;
24869 : C4;
24870 : C4;
24871 : C4;
24872 : C4;
24873 : C4;
24874 : C4;
24875 : C4;
24876 : 80;
24877 : 80;
24878 : 80;
24879 : 80;
24880 : 60;
24881 : 40;
24882 : 20;
24883 : 20;
24884 : 40;
24885 : 40;
24886 : 40;
24887 : 40;
24888 : 40;
24889 : 80;
24890 : C4;
24891 : C4;
24892 : C4;
24893 : A0;
24894 : 80;
24895 : 60;
24896 : 40;
24897 : 20;
24898 : 20;
24899 : 20;
24900 : 20;
24901 : 20;
24902 : 20;
24903 : 20;
24904 : 20;
24905 : 20;
24906 : 20;
24907 : 20;
24908 : 20;
24909 : 20;
24910 : 20;
24911 : 20;
24912 : 20;
24913 : 40;
24914 : 40;
24915 : 40;
24916 : 40;
24917 : 60;
24918 : 80;
24919 : A0;
24920 : C4;
24921 : EC;
24922 : F0;
24923 : EC;
24924 : EC;
24925 : EC;
24926 : EC;
24927 : E8;
24928 : E8;
24929 : E8;
24930 : E8;
24931 : EC;
24932 : EC;
24933 : EC;
24934 : E8;
24935 : C4;
24936 : 80;
24937 : 60;
24938 : 60;
24939 : 40;
24940 : 40;
24941 : 40;
24942 : 40;
24943 : 40;
24944 : 20;
24945 : 20;
24946 : 40;
24947 : 60;
24948 : C4;
24949 : A4;
24950 : 80;
24951 : 20;
24952 : 20;
24953 : 20;
24954 : 20;
24955 : 20;
24956 : 20;
24957 : 20;
24958 : 20;
24959 : 20;
24960 : 20;
24961 : 20;
24962 : 20;
24963 : 20;
24964 : 20;
24965 : 20;
24966 : 20;
24967 : 20;
24968 : 20;
24969 : 20;
24970 : 20;
24971 : 40;
24972 : 40;
24973 : 40;
24974 : 60;
24975 : 80;
24976 : A0;
24977 : 80;
24978 : 80;
24979 : 80;
24980 : 80;
24981 : A0;
24982 : A0;
24983 : A0;
24984 : A0;
24985 : C4;
24986 : C4;
24987 : E8;
24988 : E8;
24989 : C4;
24990 : C4;
24991 : C4;
24992 : C4;
24993 : C4;
24994 : C4;
24995 : E8;
24996 : EC;
24997 : F0;
24998 : F0;
24999 : EC;
25000 : E8;
25001 : E8;
25002 : E8;
25003 : E8;
25004 : C4;
25005 : C4;
25006 : C4;
25007 : C4;
25008 : A0;
25009 : 80;
25010 : 60;
25011 : 40;
25012 : 40;
25013 : 40;
25014 : 40;
25015 : 40;
25016 : 60;
25017 : 60;
25018 : 60;
25019 : 60;
25020 : 40;
25021 : 20;
25022 : 20;
25023 : 20;
25024 : 20;
25025 : 20;
25026 : 20;
25027 : 20;
25028 : 20;
25029 : 20;
25030 : 40;
25031 : 40;
25032 : 40;
25033 : 40;
25034 : 80;
25035 : E8;
25036 : EC;
25037 : E8;
25038 : E8;
25039 : C4;
25040 : A0;
25041 : A0;
25042 : A0;
25043 : A0;
25044 : C0;
25045 : C4;
25046 : C4;
25047 : A0;
25048 : 80;
25049 : A0;
25050 : A0;
25051 : C4;
25052 : C4;
25053 : C4;
25054 : C4;
25055 : C4;
25056 : C4;
25057 : C8;
25058 : E8;
25059 : E8;
25060 : E8;
25061 : E8;
25062 : E8;
25063 : C8;
25064 : C4;
25065 : E8;
25066 : C4;
25067 : A4;
25068 : A0;
25069 : 80;
25070 : 80;
25071 : 60;
25072 : 60;
25073 : 60;
25074 : 60;
25075 : 60;
25076 : 60;
25077 : 80;
25078 : 80;
25079 : 40;
25080 : 20;
25081 : 20;
25082 : 40;
25083 : 40;
25084 : 40;
25085 : 20;
25086 : 20;
25087 : 40;
25088 : 40;
25089 : 40;
25090 : 40;
25091 : 40;
25092 : 40;
25093 : 40;
25094 : 60;
25095 : C4;
25096 : C4;
25097 : C4;
25098 : C8;
25099 : E8;
25100 : E8;
25101 : E8;
25102 : EC;
25103 : EC;
25104 : E8;
25105 : EC;
25106 : EC;
25107 : EC;
25108 : E8;
25109 : C4;
25110 : C4;
25111 : C4;
25112 : C4;
25113 : E8;
25114 : C4;
25115 : A0;
25116 : 80;
25117 : 80;
25118 : 80;
25119 : 60;
25120 : 40;
25121 : 20;
25122 : 20;
25123 : 20;
25124 : 40;
25125 : 40;
25126 : 40;
25127 : 40;
25128 : 40;
25129 : 60;
25130 : A0;
25131 : C4;
25132 : C4;
25133 : A0;
25134 : A0;
25135 : 80;
25136 : 60;
25137 : 40;
25138 : 40;
25139 : 20;
25140 : 20;
25141 : 20;
25142 : 20;
25143 : 20;
25144 : 20;
25145 : 20;
25146 : 20;
25147 : 20;
25148 : 20;
25149 : 20;
25150 : 20;
25151 : 20;
25152 : 20;
25153 : 40;
25154 : 40;
25155 : 40;
25156 : 40;
25157 : 60;
25158 : A0;
25159 : C0;
25160 : C4;
25161 : C8;
25162 : EC;
25163 : F0;
25164 : EC;
25165 : EC;
25166 : EC;
25167 : E8;
25168 : E8;
25169 : E8;
25170 : E8;
25171 : E8;
25172 : EC;
25173 : EC;
25174 : EC;
25175 : E8;
25176 : A0;
25177 : 80;
25178 : 60;
25179 : 40;
25180 : 40;
25181 : 40;
25182 : 40;
25183 : 40;
25184 : 20;
25185 : 20;
25186 : 40;
25187 : 80;
25188 : C4;
25189 : A4;
25190 : 60;
25191 : 20;
25192 : 20;
25193 : 20;
25194 : 20;
25195 : 20;
25196 : 20;
25197 : 20;
25198 : 20;
25199 : 20;
25200 : 20;
25201 : 20;
25202 : 20;
25203 : 20;
25204 : 20;
25205 : 20;
25206 : 20;
25207 : 20;
25208 : 20;
25209 : 20;
25210 : 20;
25211 : 40;
25212 : 40;
25213 : 40;
25214 : 60;
25215 : A0;
25216 : A0;
25217 : A0;
25218 : A0;
25219 : A0;
25220 : A0;
25221 : A0;
25222 : A4;
25223 : C4;
25224 : C4;
25225 : C4;
25226 : E8;
25227 : EC;
25228 : E8;
25229 : C4;
25230 : C4;
25231 : C4;
25232 : C4;
25233 : C4;
25234 : E8;
25235 : E8;
25236 : F0;
25237 : F0;
25238 : F0;
25239 : EC;
25240 : E8;
25241 : C4;
25242 : E8;
25243 : E8;
25244 : E8;
25245 : E8;
25246 : E8;
25247 : C8;
25248 : A4;
25249 : 80;
25250 : 60;
25251 : 60;
25252 : 60;
25253 : 40;
25254 : 40;
25255 : 40;
25256 : 60;
25257 : 60;
25258 : 80;
25259 : 80;
25260 : 40;
25261 : 40;
25262 : 20;
25263 : 20;
25264 : 20;
25265 : 20;
25266 : 20;
25267 : 20;
25268 : 20;
25269 : 20;
25270 : 40;
25271 : 40;
25272 : 40;
25273 : 40;
25274 : 80;
25275 : C8;
25276 : EC;
25277 : E8;
25278 : E8;
25279 : C4;
25280 : A0;
25281 : A0;
25282 : A0;
25283 : A0;
25284 : A0;
25285 : C4;
25286 : C4;
25287 : A4;
25288 : A0;
25289 : A0;
25290 : A0;
25291 : C4;
25292 : C4;
25293 : C4;
25294 : C4;
25295 : C4;
25296 : C4;
25297 : E8;
25298 : E8;
25299 : E8;
25300 : E8;
25301 : E8;
25302 : E8;
25303 : E8;
25304 : E8;
25305 : E8;
25306 : C4;
25307 : A0;
25308 : A0;
25309 : A0;
25310 : 80;
25311 : 80;
25312 : 60;
25313 : 60;
25314 : 80;
25315 : 80;
25316 : 80;
25317 : 80;
25318 : 60;
25319 : 40;
25320 : 40;
25321 : 40;
25322 : 40;
25323 : 40;
25324 : 40;
25325 : 40;
25326 : 40;
25327 : 40;
25328 : 40;
25329 : 40;
25330 : 40;
25331 : 40;
25332 : 40;
25333 : 40;
25334 : 60;
25335 : C4;
25336 : C4;
25337 : C4;
25338 : C8;
25339 : E8;
25340 : E8;
25341 : E8;
25342 : EC;
25343 : EC;
25344 : EC;
25345 : EC;
25346 : EC;
25347 : E8;
25348 : C4;
25349 : C4;
25350 : C4;
25351 : C4;
25352 : C4;
25353 : E4;
25354 : A4;
25355 : 80;
25356 : 80;
25357 : 60;
25358 : 60;
25359 : 40;
25360 : 40;
25361 : 20;
25362 : 20;
25363 : 20;
25364 : 40;
25365 : 40;
25366 : 40;
25367 : 40;
25368 : 40;
25369 : 60;
25370 : 80;
25371 : C4;
25372 : C4;
25373 : C4;
25374 : A0;
25375 : A0;
25376 : 80;
25377 : 80;
25378 : 60;
25379 : 40;
25380 : 40;
25381 : 40;
25382 : 40;
25383 : 40;
25384 : 20;
25385 : 20;
25386 : 20;
25387 : 20;
25388 : 20;
25389 : 20;
25390 : 20;
25391 : 20;
25392 : 20;
25393 : 40;
25394 : 40;
25395 : 40;
25396 : 40;
25397 : 40;
25398 : 80;
25399 : C4;
25400 : C4;
25401 : C4;
25402 : C8;
25403 : EC;
25404 : F0;
25405 : EC;
25406 : EC;
25407 : EC;
25408 : EC;
25409 : E8;
25410 : E8;
25411 : E8;
25412 : EC;
25413 : EC;
25414 : EC;
25415 : E8;
25416 : C4;
25417 : A0;
25418 : 80;
25419 : 60;
25420 : 60;
25421 : 60;
25422 : 40;
25423 : 40;
25424 : 20;
25425 : 40;
25426 : 60;
25427 : A0;
25428 : C4;
25429 : A0;
25430 : 60;
25431 : 20;
25432 : 20;
25433 : 20;
25434 : 20;
25435 : 20;
25436 : 20;
25437 : 20;
25438 : 20;
25439 : 20;
25440 : 20;
25441 : 20;
25442 : 20;
25443 : 20;
25444 : 20;
25445 : 20;
25446 : 20;
25447 : 20;
25448 : 20;
25449 : 20;
25450 : 20;
25451 : 40;
25452 : 40;
25453 : 20;
25454 : 40;
25455 : 80;
25456 : A4;
25457 : C4;
25458 : C4;
25459 : C4;
25460 : C4;
25461 : C4;
25462 : C4;
25463 : C4;
25464 : C4;
25465 : E8;
25466 : E8;
25467 : EC;
25468 : E8;
25469 : C8;
25470 : C4;
25471 : C4;
25472 : C4;
25473 : E8;
25474 : E8;
25475 : EC;
25476 : F0;
25477 : F0;
25478 : EC;
25479 : EC;
25480 : E8;
25481 : C8;
25482 : C8;
25483 : E8;
25484 : E8;
25485 : E8;
25486 : E8;
25487 : C8;
25488 : C4;
25489 : 80;
25490 : 60;
25491 : 80;
25492 : 80;
25493 : 60;
25494 : 60;
25495 : 60;
25496 : 60;
25497 : 60;
25498 : 80;
25499 : 80;
25500 : 60;
25501 : 40;
25502 : 20;
25503 : 20;
25504 : 40;
25505 : 40;
25506 : 40;
25507 : 40;
25508 : 20;
25509 : 40;
25510 : 40;
25511 : 40;
25512 : 40;
25513 : 60;
25514 : 80;
25515 : C8;
25516 : E8;
25517 : EC;
25518 : E8;
25519 : E8;
25520 : C4;
25521 : A0;
25522 : A0;
25523 : A0;
25524 : A0;
25525 : A0;
25526 : C4;
25527 : C4;
25528 : C4;
25529 : A0;
25530 : C0;
25531 : C4;
25532 : C4;
25533 : C4;
25534 : C4;
25535 : C4;
25536 : E8;
25537 : E8;
25538 : EC;
25539 : E8;
25540 : E8;
25541 : EC;
25542 : EC;
25543 : EC;
25544 : EC;
25545 : E8;
25546 : C4;
25547 : A0;
25548 : A0;
25549 : A0;
25550 : A0;
25551 : 80;
25552 : 80;
25553 : 80;
25554 : 80;
25555 : 80;
25556 : 60;
25557 : 60;
25558 : 40;
25559 : 40;
25560 : 20;
25561 : 40;
25562 : 40;
25563 : 40;
25564 : 40;
25565 : 40;
25566 : 40;
25567 : 40;
25568 : 40;
25569 : 40;
25570 : 40;
25571 : 40;
25572 : 40;
25573 : 40;
25574 : 60;
25575 : C4;
25576 : C4;
25577 : C4;
25578 : C8;
25579 : E8;
25580 : E8;
25581 : E8;
25582 : EC;
25583 : EC;
25584 : EC;
25585 : EC;
25586 : EC;
25587 : C8;
25588 : C4;
25589 : C4;
25590 : C4;
25591 : C8;
25592 : E8;
25593 : C4;
25594 : A0;
25595 : 60;
25596 : 60;
25597 : 60;
25598 : 40;
25599 : 40;
25600 : 40;
25601 : 40;
25602 : 40;
25603 : 20;
25604 : 40;
25605 : 40;
25606 : 40;
25607 : 60;
25608 : 60;
25609 : 80;
25610 : 80;
25611 : C4;
25612 : E8;
25613 : C4;
25614 : C4;
25615 : A0;
25616 : A0;
25617 : A0;
25618 : A0;
25619 : 60;
25620 : 40;
25621 : 40;
25622 : 40;
25623 : 40;
25624 : 20;
25625 : 20;
25626 : 20;
25627 : 20;
25628 : 20;
25629 : 20;
25630 : 40;
25631 : 40;
25632 : 40;
25633 : 40;
25634 : 40;
25635 : 40;
25636 : 40;
25637 : 40;
25638 : 80;
25639 : A4;
25640 : C4;
25641 : C4;
25642 : C4;
25643 : C8;
25644 : F0;
25645 : F0;
25646 : F0;
25647 : F0;
25648 : EC;
25649 : E8;
25650 : E8;
25651 : E8;
25652 : E8;
25653 : EC;
25654 : EC;
25655 : E8;
25656 : E8;
25657 : C4;
25658 : C4;
25659 : 80;
25660 : 80;
25661 : 60;
25662 : 40;
25663 : 40;
25664 : 40;
25665 : 60;
25666 : 80;
25667 : A0;
25668 : A4;
25669 : 80;
25670 : 60;
25671 : 20;
25672 : 20;
25673 : 20;
25674 : 20;
25675 : 20;
25676 : 20;
25677 : 20;
25678 : 20;
25679 : 20;
25680 : 20;
25681 : 20;
25682 : 20;
25683 : 20;
25684 : 20;
25685 : 20;
25686 : 20;
25687 : 20;
25688 : 20;
25689 : 20;
25690 : 20;
25691 : 40;
25692 : 40;
25693 : 40;
25694 : 40;
25695 : 40;
25696 : 80;
25697 : C4;
25698 : C4;
25699 : C4;
25700 : E8;
25701 : E8;
25702 : C8;
25703 : C4;
25704 : E8;
25705 : E8;
25706 : E8;
25707 : EC;
25708 : E8;
25709 : E8;
25710 : C4;
25711 : C4;
25712 : E8;
25713 : E8;
25714 : EC;
25715 : F0;
25716 : F0;
25717 : F0;
25718 : EC;
25719 : E8;
25720 : E8;
25721 : E8;
25722 : E8;
25723 : E8;
25724 : E8;
25725 : E8;
25726 : E8;
25727 : E8;
25728 : C4;
25729 : 80;
25730 : 60;
25731 : 80;
25732 : 80;
25733 : 80;
25734 : 80;
25735 : 60;
25736 : 60;
25737 : 60;
25738 : 80;
25739 : 80;
25740 : 80;
25741 : 40;
25742 : 20;
25743 : 20;
25744 : 40;
25745 : 40;
25746 : 40;
25747 : 40;
25748 : 40;
25749 : 40;
25750 : 40;
25751 : 40;
25752 : 40;
25753 : 60;
25754 : 80;
25755 : C4;
25756 : E8;
25757 : EC;
25758 : EC;
25759 : E8;
25760 : C4;
25761 : C4;
25762 : A0;
25763 : A0;
25764 : A0;
25765 : A0;
25766 : A4;
25767 : C4;
25768 : C4;
25769 : C4;
25770 : C4;
25771 : C4;
25772 : C4;
25773 : C4;
25774 : C4;
25775 : C4;
25776 : E8;
25777 : EC;
25778 : EC;
25779 : E8;
25780 : E8;
25781 : EC;
25782 : EC;
25783 : EC;
25784 : EC;
25785 : C4;
25786 : A0;
25787 : 80;
25788 : 80;
25789 : A0;
25790 : A0;
25791 : A0;
25792 : A0;
25793 : 80;
25794 : 80;
25795 : 60;
25796 : 40;
25797 : 40;
25798 : 40;
25799 : 40;
25800 : 40;
25801 : 40;
25802 : 40;
25803 : 60;
25804 : 60;
25805 : 40;
25806 : 40;
25807 : 40;
25808 : 40;
25809 : 40;
25810 : 40;
25811 : 40;
25812 : 40;
25813 : 60;
25814 : 80;
25815 : C8;
25816 : C4;
25817 : C4;
25818 : C8;
25819 : E8;
25820 : E8;
25821 : EC;
25822 : EC;
25823 : EC;
25824 : EC;
25825 : EC;
25826 : EC;
25827 : C8;
25828 : C4;
25829 : C4;
25830 : E8;
25831 : E8;
25832 : E8;
25833 : A4;
25834 : 80;
25835 : 60;
25836 : 60;
25837 : 40;
25838 : 40;
25839 : 40;
25840 : 40;
25841 : 40;
25842 : 40;
25843 : 40;
25844 : 40;
25845 : 40;
25846 : 40;
25847 : 60;
25848 : 80;
25849 : 80;
25850 : A0;
25851 : C4;
25852 : C8;
25853 : E8;
25854 : C4;
25855 : C4;
25856 : A0;
25857 : C4;
25858 : C4;
25859 : A0;
25860 : 60;
25861 : 40;
25862 : 40;
25863 : 20;
25864 : 20;
25865 : 20;
25866 : 20;
25867 : 20;
25868 : 20;
25869 : 20;
25870 : 40;
25871 : 40;
25872 : 40;
25873 : 40;
25874 : 60;
25875 : 60;
25876 : 40;
25877 : 40;
25878 : 60;
25879 : A0;
25880 : C4;
25881 : C4;
25882 : A0;
25883 : C4;
25884 : E8;
25885 : F0;
25886 : F0;
25887 : F0;
25888 : F0;
25889 : EC;
25890 : E8;
25891 : E8;
25892 : E8;
25893 : EC;
25894 : EC;
25895 : EC;
25896 : C4;
25897 : C4;
25898 : C4;
25899 : C4;
25900 : A0;
25901 : 60;
25902 : 60;
25903 : 40;
25904 : 60;
25905 : 80;
25906 : A0;
25907 : A0;
25908 : A0;
25909 : 80;
25910 : 40;
25911 : 20;
25912 : 20;
25913 : 20;
25914 : 20;
25915 : 20;
25916 : 20;
25917 : 20;
25918 : 20;
25919 : 20;
25920 : 20;
25921 : 20;
25922 : 20;
25923 : 20;
25924 : 20;
25925 : 20;
25926 : 20;
25927 : 20;
25928 : 20;
25929 : 20;
25930 : 20;
25931 : 40;
25932 : 40;
25933 : 40;
25934 : 40;
25935 : 40;
25936 : 60;
25937 : 80;
25938 : C4;
25939 : E4;
25940 : E8;
25941 : E8;
25942 : E8;
25943 : E8;
25944 : E8;
25945 : E8;
25946 : E8;
25947 : EC;
25948 : EC;
25949 : E8;
25950 : E8;
25951 : E8;
25952 : EC;
25953 : EC;
25954 : F0;
25955 : F0;
25956 : F0;
25957 : F0;
25958 : EC;
25959 : E8;
25960 : C8;
25961 : C4;
25962 : E8;
25963 : E8;
25964 : E8;
25965 : E8;
25966 : EC;
25967 : E8;
25968 : C4;
25969 : 80;
25970 : 60;
25971 : 60;
25972 : 80;
25973 : A0;
25974 : A0;
25975 : 80;
25976 : 60;
25977 : 80;
25978 : 80;
25979 : A0;
25980 : A0;
25981 : 60;
25982 : 20;
25983 : 40;
25984 : 40;
25985 : 40;
25986 : 40;
25987 : 40;
25988 : 40;
25989 : 40;
25990 : 40;
25991 : 40;
25992 : 40;
25993 : 60;
25994 : 80;
25995 : C4;
25996 : E8;
25997 : E8;
25998 : EC;
25999 : EC;
26000 : E8;
26001 : C4;
26002 : C4;
26003 : C0;
26004 : A0;
26005 : A0;
26006 : A0;
26007 : C4;
26008 : C4;
26009 : C4;
26010 : C4;
26011 : C4;
26012 : C4;
26013 : C4;
26014 : C4;
26015 : C8;
26016 : EC;
26017 : EC;
26018 : EC;
26019 : E8;
26020 : EC;
26021 : EC;
26022 : EC;
26023 : EC;
26024 : E8;
26025 : A4;
26026 : 80;
26027 : 80;
26028 : 80;
26029 : 80;
26030 : A0;
26031 : A0;
26032 : A0;
26033 : 80;
26034 : 60;
26035 : 40;
26036 : 40;
26037 : 40;
26038 : 40;
26039 : 40;
26040 : 40;
26041 : 40;
26042 : 40;
26043 : 60;
26044 : 60;
26045 : 40;
26046 : 40;
26047 : 40;
26048 : 40;
26049 : 40;
26050 : 40;
26051 : 40;
26052 : 40;
26053 : 80;
26054 : A4;
26055 : C8;
26056 : C8;
26057 : C4;
26058 : C8;
26059 : E8;
26060 : EC;
26061 : EC;
26062 : EC;
26063 : EC;
26064 : EC;
26065 : EC;
26066 : EC;
26067 : E8;
26068 : E8;
26069 : E8;
26070 : EC;
26071 : E8;
26072 : C8;
26073 : A0;
26074 : 80;
26075 : 60;
26076 : 40;
26077 : 40;
26078 : 40;
26079 : 40;
26080 : 40;
26081 : 40;
26082 : 40;
26083 : 40;
26084 : 40;
26085 : 40;
26086 : 40;
26087 : 80;
26088 : A0;
26089 : A0;
26090 : A0;
26091 : A4;
26092 : C4;
26093 : E8;
26094 : C4;
26095 : C4;
26096 : C4;
26097 : C4;
26098 : C4;
26099 : C4;
26100 : 80;
26101 : 40;
26102 : 20;
26103 : 20;
26104 : 20;
26105 : 40;
26106 : 40;
26107 : 40;
26108 : 40;
26109 : 40;
26110 : 40;
26111 : 40;
26112 : 40;
26113 : 60;
26114 : 60;
26115 : 60;
26116 : 40;
26117 : 40;
26118 : 40;
26119 : 80;
26120 : C4;
26121 : C4;
26122 : A4;
26123 : A0;
26124 : C4;
26125 : EC;
26126 : F4;
26127 : F0;
26128 : F0;
26129 : F0;
26130 : EC;
26131 : E8;
26132 : E8;
26133 : EC;
26134 : EC;
26135 : E8;
26136 : C4;
26137 : C4;
26138 : C4;
26139 : C4;
26140 : A4;
26141 : 80;
26142 : 80;
26143 : 80;
26144 : A0;
26145 : A0;
26146 : A0;
26147 : A0;
26148 : 80;
26149 : 60;
26150 : 40;
26151 : 40;
26152 : 20;
26153 : 20;
26154 : 20;
26155 : 20;
26156 : 20;
26157 : 20;
26158 : 20;
26159 : 20;
26160 : 20;
26161 : 40;
26162 : 20;
26163 : 20;
26164 : 20;
26165 : 20;
26166 : 20;
26167 : 20;
26168 : 20;
26169 : 20;
26170 : 20;
26171 : 20;
26172 : 40;
26173 : 40;
26174 : 40;
26175 : 40;
26176 : 40;
26177 : 40;
26178 : 60;
26179 : A0;
26180 : C4;
26181 : E8;
26182 : E8;
26183 : E8;
26184 : E8;
26185 : E8;
26186 : EC;
26187 : EC;
26188 : EC;
26189 : EC;
26190 : EC;
26191 : EC;
26192 : EC;
26193 : F0;
26194 : F0;
26195 : F0;
26196 : F0;
26197 : EC;
26198 : EC;
26199 : E8;
26200 : C4;
26201 : C4;
26202 : E8;
26203 : E8;
26204 : E8;
26205 : E8;
26206 : EC;
26207 : E8;
26208 : A4;
26209 : 80;
26210 : 60;
26211 : 60;
26212 : A0;
26213 : C4;
26214 : A4;
26215 : 80;
26216 : 80;
26217 : 80;
26218 : A0;
26219 : A0;
26220 : A0;
26221 : 60;
26222 : 20;
26223 : 40;
26224 : 40;
26225 : 40;
26226 : 40;
26227 : 40;
26228 : 40;
26229 : 40;
26230 : 40;
26231 : 60;
26232 : 40;
26233 : 60;
26234 : A0;
26235 : C4;
26236 : C4;
26237 : E8;
26238 : EC;
26239 : EC;
26240 : E8;
26241 : C4;
26242 : C4;
26243 : A4;
26244 : A4;
26245 : A0;
26246 : A0;
26247 : C4;
26248 : C4;
26249 : C4;
26250 : C4;
26251 : C4;
26252 : C4;
26253 : C4;
26254 : C8;
26255 : E8;
26256 : EC;
26257 : EC;
26258 : EC;
26259 : E8;
26260 : EC;
26261 : F0;
26262 : F0;
26263 : EC;
26264 : C8;
26265 : 80;
26266 : 80;
26267 : 80;
26268 : 80;
26269 : A0;
26270 : A0;
26271 : A0;
26272 : 80;
26273 : 60;
26274 : 40;
26275 : 40;
26276 : 40;
26277 : 40;
26278 : 40;
26279 : 40;
26280 : 20;
26281 : 20;
26282 : 40;
26283 : 60;
26284 : 60;
26285 : 60;
26286 : 40;
26287 : 40;
26288 : 40;
26289 : 60;
26290 : 60;
26291 : 60;
26292 : 60;
26293 : A0;
26294 : C4;
26295 : E8;
26296 : C4;
26297 : C4;
26298 : E8;
26299 : E8;
26300 : EC;
26301 : EC;
26302 : EC;
26303 : EC;
26304 : EC;
26305 : EC;
26306 : EC;
26307 : E8;
26308 : E8;
26309 : EC;
26310 : EC;
26311 : E8;
26312 : C4;
26313 : A0;
26314 : 80;
26315 : 60;
26316 : 40;
26317 : 40;
26318 : 40;
26319 : 40;
26320 : 40;
26321 : 40;
26322 : 40;
26323 : 40;
26324 : 40;
26325 : 40;
26326 : 40;
26327 : 60;
26328 : A0;
26329 : C4;
26330 : A0;
26331 : A4;
26332 : C4;
26333 : E8;
26334 : C8;
26335 : C4;
26336 : C4;
26337 : C4;
26338 : C4;
26339 : C4;
26340 : 80;
26341 : 40;
26342 : 20;
26343 : 20;
26344 : 40;
26345 : 40;
26346 : 40;
26347 : 40;
26348 : 40;
26349 : 40;
26350 : 40;
26351 : 40;
26352 : 60;
26353 : 80;
26354 : 60;
26355 : 60;
26356 : 60;
26357 : 60;
26358 : 60;
26359 : 60;
26360 : 80;
26361 : C4;
26362 : C4;
26363 : A0;
26364 : C4;
26365 : EC;
26366 : F0;
26367 : F0;
26368 : F0;
26369 : F0;
26370 : F0;
26371 : EC;
26372 : EC;
26373 : EC;
26374 : EC;
26375 : EC;
26376 : C4;
26377 : C4;
26378 : C4;
26379 : C4;
26380 : C4;
26381 : A0;
26382 : A0;
26383 : A4;
26384 : C4;
26385 : A4;
26386 : A4;
26387 : A0;
26388 : 80;
26389 : 40;
26390 : 40;
26391 : 40;
26392 : 40;
26393 : 40;
26394 : 40;
26395 : 40;
26396 : 20;
26397 : 20;
26398 : 20;
26399 : 20;
26400 : 40;
26401 : 40;
26402 : 20;
26403 : 20;
26404 : 20;
26405 : 20;
26406 : 20;
26407 : 20;
26408 : 20;
26409 : 20;
26410 : 20;
26411 : 20;
26412 : 40;
26413 : 40;
26414 : 40;
26415 : 40;
26416 : 40;
26417 : 40;
26418 : 40;
26419 : 60;
26420 : 80;
26421 : C4;
26422 : E8;
26423 : EC;
26424 : E8;
26425 : E8;
26426 : EC;
26427 : EC;
26428 : EC;
26429 : EC;
26430 : EC;
26431 : F0;
26432 : F0;
26433 : F0;
26434 : F0;
26435 : F0;
26436 : F0;
26437 : EC;
26438 : E8;
26439 : E8;
26440 : C4;
26441 : C4;
26442 : E8;
26443 : E8;
26444 : E8;
26445 : EC;
26446 : EC;
26447 : EC;
26448 : A4;
26449 : 80;
26450 : 60;
26451 : 60;
26452 : A0;
26453 : C4;
26454 : C4;
26455 : A0;
26456 : 80;
26457 : 80;
26458 : A0;
26459 : A0;
26460 : A0;
26461 : 60;
26462 : 40;
26463 : 40;
26464 : 40;
26465 : 40;
26466 : 40;
26467 : 40;
26468 : 40;
26469 : 40;
26470 : 40;
26471 : 40;
26472 : 40;
26473 : 80;
26474 : A0;
26475 : C0;
26476 : C4;
26477 : C4;
26478 : E8;
26479 : EC;
26480 : E8;
26481 : E8;
26482 : C4;
26483 : C4;
26484 : A4;
26485 : A0;
26486 : A0;
26487 : C4;
26488 : C4;
26489 : C4;
26490 : C4;
26491 : C4;
26492 : C4;
26493 : C4;
26494 : E8;
26495 : EC;
26496 : EC;
26497 : EC;
26498 : EC;
26499 : EC;
26500 : EC;
26501 : F0;
26502 : F0;
26503 : EC;
26504 : C8;
26505 : A0;
26506 : 80;
26507 : 80;
26508 : 80;
26509 : A0;
26510 : A0;
26511 : 80;
26512 : 60;
26513 : 40;
26514 : 40;
26515 : 40;
26516 : 40;
26517 : 40;
26518 : 40;
26519 : 20;
26520 : 20;
26521 : 20;
26522 : 40;
26523 : 60;
26524 : 80;
26525 : 80;
26526 : 60;
26527 : 60;
26528 : 60;
26529 : 60;
26530 : 60;
26531 : 60;
26532 : 80;
26533 : A4;
26534 : C4;
26535 : C4;
26536 : C4;
26537 : C4;
26538 : E8;
26539 : EC;
26540 : EC;
26541 : F0;
26542 : EC;
26543 : EC;
26544 : EC;
26545 : EC;
26546 : EC;
26547 : EC;
26548 : E8;
26549 : E8;
26550 : E8;
26551 : E8;
26552 : C4;
26553 : A0;
26554 : 80;
26555 : 60;
26556 : 60;
26557 : 40;
26558 : 40;
26559 : 40;
26560 : 40;
26561 : 40;
26562 : 40;
26563 : 40;
26564 : 40;
26565 : 40;
26566 : 40;
26567 : 60;
26568 : A4;
26569 : C4;
26570 : C4;
26571 : C4;
26572 : C4;
26573 : E8;
26574 : E8;
26575 : C4;
26576 : C4;
26577 : C4;
26578 : C4;
26579 : A0;
26580 : 60;
26581 : 40;
26582 : 40;
26583 : 40;
26584 : 40;
26585 : 40;
26586 : 40;
26587 : 40;
26588 : 40;
26589 : 40;
26590 : 40;
26591 : 60;
26592 : 80;
26593 : 80;
26594 : 60;
26595 : 60;
26596 : 60;
26597 : 60;
26598 : 60;
26599 : 60;
26600 : 60;
26601 : 80;
26602 : A0;
26603 : C4;
26604 : C4;
26605 : E8;
26606 : F0;
26607 : F0;
26608 : EC;
26609 : EC;
26610 : F0;
26611 : F0;
26612 : EC;
26613 : EC;
26614 : EC;
26615 : EC;
26616 : C4;
26617 : C4;
26618 : C4;
26619 : C4;
26620 : C4;
26621 : C4;
26622 : C4;
26623 : C4;
26624 : A0;
26625 : C4;
26626 : A4;
26627 : A0;
26628 : 60;
26629 : 40;
26630 : 40;
26631 : 40;
26632 : 40;
26633 : 40;
26634 : 40;
26635 : 40;
26636 : 40;
26637 : 40;
26638 : 20;
26639 : 20;
26640 : 40;
26641 : 40;
26642 : 20;
26643 : 20;
26644 : 20;
26645 : 20;
26646 : 20;
26647 : 20;
26648 : 20;
26649 : 20;
26650 : 20;
26651 : 40;
26652 : 40;
26653 : 40;
26654 : 40;
26655 : 40;
26656 : 40;
26657 : 40;
26658 : 40;
26659 : 40;
26660 : 60;
26661 : A0;
26662 : C8;
26663 : E8;
26664 : E8;
26665 : E8;
26666 : EC;
26667 : EC;
26668 : EC;
26669 : EC;
26670 : F0;
26671 : F0;
26672 : F0;
26673 : F0;
26674 : F0;
26675 : F0;
26676 : EC;
26677 : EC;
26678 : E8;
26679 : C4;
26680 : C4;
26681 : C4;
26682 : E8;
26683 : E8;
26684 : EC;
26685 : EC;
26686 : EC;
26687 : EC;
26688 : C4;
26689 : A0;
26690 : 80;
26691 : 60;
26692 : A0;
26693 : C4;
26694 : C4;
26695 : A0;
26696 : 80;
26697 : 80;
26698 : A0;
26699 : A4;
26700 : 80;
26701 : 60;
26702 : 40;
26703 : 40;
26704 : 40;
26705 : 40;
26706 : 40;
26707 : 40;
26708 : 40;
26709 : 40;
26710 : 40;
26711 : 40;
26712 : 60;
26713 : 80;
26714 : A4;
26715 : C4;
26716 : A0;
26717 : A0;
26718 : C4;
26719 : E8;
26720 : EC;
26721 : E8;
26722 : C8;
26723 : C4;
26724 : A4;
26725 : A0;
26726 : A0;
26727 : C4;
26728 : C4;
26729 : C4;
26730 : C4;
26731 : C4;
26732 : E8;
26733 : E8;
26734 : E8;
26735 : EC;
26736 : EC;
26737 : EC;
26738 : E8;
26739 : EC;
26740 : EC;
26741 : F0;
26742 : F0;
26743 : EC;
26744 : C8;
26745 : A0;
26746 : 80;
26747 : 80;
26748 : A0;
26749 : A0;
26750 : A0;
26751 : 60;
26752 : 40;
26753 : 40;
26754 : 40;
26755 : 40;
26756 : 40;
26757 : 40;
26758 : 40;
26759 : 20;
26760 : 20;
26761 : 20;
26762 : 40;
26763 : 60;
26764 : 80;
26765 : 80;
26766 : 80;
26767 : 60;
26768 : 60;
26769 : 60;
26770 : 80;
26771 : 80;
26772 : A0;
26773 : A4;
26774 : C4;
26775 : C4;
26776 : C4;
26777 : E8;
26778 : E8;
26779 : EC;
26780 : EC;
26781 : F0;
26782 : EC;
26783 : EC;
26784 : EC;
26785 : F0;
26786 : F0;
26787 : EC;
26788 : E8;
26789 : E8;
26790 : E8;
26791 : E8;
26792 : E8;
26793 : C4;
26794 : 80;
26795 : 60;
26796 : 60;
26797 : 40;
26798 : 40;
26799 : 40;
26800 : 40;
26801 : 40;
26802 : 60;
26803 : 60;
26804 : 40;
26805 : 40;
26806 : 40;
26807 : 60;
26808 : C4;
26809 : E4;
26810 : E8;
26811 : C4;
26812 : E8;
26813 : E8;
26814 : E8;
26815 : C4;
26816 : C4;
26817 : C4;
26818 : A0;
26819 : 60;
26820 : 40;
26821 : 40;
26822 : 40;
26823 : 40;
26824 : 40;
26825 : 40;
26826 : 40;
26827 : 40;
26828 : 40;
26829 : 40;
26830 : 40;
26831 : 60;
26832 : 80;
26833 : 80;
26834 : 60;
26835 : 60;
26836 : 60;
26837 : 60;
26838 : 60;
26839 : 60;
26840 : 60;
26841 : 60;
26842 : 80;
26843 : A0;
26844 : C4;
26845 : E8;
26846 : F0;
26847 : F0;
26848 : EC;
26849 : EC;
26850 : F0;
26851 : F0;
26852 : F0;
26853 : F0;
26854 : F0;
26855 : EC;
26856 : C8;
26857 : C4;
26858 : C4;
26859 : C4;
26860 : C4;
26861 : C4;
26862 : C4;
26863 : C4;
26864 : A4;
26865 : C4;
26866 : A4;
26867 : 80;
26868 : 40;
26869 : 40;
26870 : 40;
26871 : 40;
26872 : 40;
26873 : 40;
26874 : 40;
26875 : 40;
26876 : 40;
26877 : 40;
26878 : 40;
26879 : 40;
26880 : 40;
26881 : 40;
26882 : 20;
26883 : 20;
26884 : 20;
26885 : 20;
26886 : 20;
26887 : 20;
26888 : 20;
26889 : 20;
26890 : 20;
26891 : 40;
26892 : 40;
26893 : 40;
26894 : 40;
26895 : 40;
26896 : 40;
26897 : 40;
26898 : 40;
26899 : 40;
26900 : 40;
26901 : 80;
26902 : A4;
26903 : E8;
26904 : E8;
26905 : E8;
26906 : EC;
26907 : EC;
26908 : F0;
26909 : F0;
26910 : F0;
26911 : F0;
26912 : F0;
26913 : F0;
26914 : F0;
26915 : F0;
26916 : EC;
26917 : EC;
26918 : E8;
26919 : C4;
26920 : C4;
26921 : C4;
26922 : C8;
26923 : EC;
26924 : EC;
26925 : F0;
26926 : EC;
26927 : E8;
26928 : E8;
26929 : C4;
26930 : A4;
26931 : 80;
26932 : A4;
26933 : C4;
26934 : C4;
26935 : A0;
26936 : 80;
26937 : 80;
26938 : A0;
26939 : A0;
26940 : 60;
26941 : 40;
26942 : 40;
26943 : 40;
26944 : 40;
26945 : 40;
26946 : 40;
26947 : 40;
26948 : 40;
26949 : 40;
26950 : 60;
26951 : 60;
26952 : 60;
26953 : 80;
26954 : A4;
26955 : C4;
26956 : A0;
26957 : A0;
26958 : A0;
26959 : C4;
26960 : EC;
26961 : EC;
26962 : E8;
26963 : C4;
26964 : C4;
26965 : C4;
26966 : A4;
26967 : C4;
26968 : C4;
26969 : C4;
26970 : C4;
26971 : E8;
26972 : E8;
26973 : E8;
26974 : EC;
26975 : EC;
26976 : EC;
26977 : EC;
26978 : E8;
26979 : EC;
26980 : EC;
26981 : EC;
26982 : F0;
26983 : EC;
26984 : E8;
26985 : A0;
26986 : A0;
26987 : 80;
26988 : A0;
26989 : A0;
26990 : 80;
26991 : 60;
26992 : 40;
26993 : 40;
26994 : 40;
26995 : 40;
26996 : 40;
26997 : 40;
26998 : 40;
26999 : 20;
27000 : 20;
27001 : 20;
27002 : 40;
27003 : 60;
27004 : 80;
27005 : A0;
27006 : A0;
27007 : 80;
27008 : 80;
27009 : 80;
27010 : A0;
27011 : A0;
27012 : A0;
27013 : A0;
27014 : A4;
27015 : C4;
27016 : C4;
27017 : E8;
27018 : E8;
27019 : EC;
27020 : EC;
27021 : F0;
27022 : EC;
27023 : EC;
27024 : EC;
27025 : F0;
27026 : EC;
27027 : E8;
27028 : C8;
27029 : C4;
27030 : E8;
27031 : E8;
27032 : E8;
27033 : C4;
27034 : A0;
27035 : 60;
27036 : 40;
27037 : 40;
27038 : 40;
27039 : 40;
27040 : 40;
27041 : 40;
27042 : 60;
27043 : 60;
27044 : 40;
27045 : 40;
27046 : 60;
27047 : 60;
27048 : C4;
27049 : E8;
27050 : E8;
27051 : E8;
27052 : E8;
27053 : E8;
27054 : E8;
27055 : C4;
27056 : C4;
27057 : A0;
27058 : 80;
27059 : 40;
27060 : 40;
27061 : 40;
27062 : 40;
27063 : 40;
27064 : 40;
27065 : 40;
27066 : 40;
27067 : 40;
27068 : 60;
27069 : 40;
27070 : 40;
27071 : 60;
27072 : 80;
27073 : 80;
27074 : 80;
27075 : 60;
27076 : 60;
27077 : 60;
27078 : 60;
27079 : 60;
27080 : 60;
27081 : 60;
27082 : 60;
27083 : 80;
27084 : A0;
27085 : C8;
27086 : F0;
27087 : F0;
27088 : F0;
27089 : EC;
27090 : EC;
27091 : F0;
27092 : F0;
27093 : F0;
27094 : F0;
27095 : F0;
27096 : EC;
27097 : C8;
27098 : C4;
27099 : C4;
27100 : E8;
27101 : C4;
27102 : C4;
27103 : C4;
27104 : C4;
27105 : C4;
27106 : A4;
27107 : 80;
27108 : 60;
27109 : 60;
27110 : 60;
27111 : 40;
27112 : 40;
27113 : 40;
27114 : 40;
27115 : 60;
27116 : 60;
27117 : 40;
27118 : 40;
27119 : 40;
27120 : 60;
27121 : 40;
27122 : 20;
27123 : 20;
27124 : 20;
27125 : 20;
27126 : 20;
27127 : 40;
27128 : 40;
27129 : 40;
27130 : 40;
27131 : 40;
27132 : 40;
27133 : 40;
27134 : 40;
27135 : 40;
27136 : 40;
27137 : 40;
27138 : 40;
27139 : 40;
27140 : 40;
27141 : 60;
27142 : A0;
27143 : C4;
27144 : E8;
27145 : E8;
27146 : E8;
27147 : EC;
27148 : F0;
27149 : F4;
27150 : F4;
27151 : F0;
27152 : F0;
27153 : F0;
27154 : F0;
27155 : EC;
27156 : EC;
27157 : E8;
27158 : E8;
27159 : C4;
27160 : C4;
27161 : C4;
27162 : E8;
27163 : EC;
27164 : F0;
27165 : F0;
27166 : EC;
27167 : E8;
27168 : E8;
27169 : E8;
27170 : C8;
27171 : C4;
27172 : C4;
27173 : E8;
27174 : C4;
27175 : A4;
27176 : A0;
27177 : A0;
27178 : A0;
27179 : 60;
27180 : 40;
27181 : 40;
27182 : 40;
27183 : 40;
27184 : 40;
27185 : 40;
27186 : 40;
27187 : 40;
27188 : 40;
27189 : 60;
27190 : 60;
27191 : 60;
27192 : 60;
27193 : 80;
27194 : A0;
27195 : C4;
27196 : A4;
27197 : 80;
27198 : 80;
27199 : A4;
27200 : E8;
27201 : EC;
27202 : EC;
27203 : E8;
27204 : E8;
27205 : C4;
27206 : C4;
27207 : C4;
27208 : C4;
27209 : C4;
27210 : C8;
27211 : E8;
27212 : E8;
27213 : EC;
27214 : EC;
27215 : EC;
27216 : EC;
27217 : E8;
27218 : E8;
27219 : EC;
27220 : EC;
27221 : EC;
27222 : F0;
27223 : EC;
27224 : E8;
27225 : C4;
27226 : A0;
27227 : A0;
27228 : A0;
27229 : A0;
27230 : 80;
27231 : 60;
27232 : 40;
27233 : 40;
27234 : 40;
27235 : 40;
27236 : 40;
27237 : 40;
27238 : 40;
27239 : 40;
27240 : 40;
27241 : 40;
27242 : 40;
27243 : 60;
27244 : 80;
27245 : A0;
27246 : A0;
27247 : A0;
27248 : A0;
27249 : A0;
27250 : C4;
27251 : A4;
27252 : A4;
27253 : A0;
27254 : A4;
27255 : C4;
27256 : C8;
27257 : E8;
27258 : E8;
27259 : EC;
27260 : EC;
27261 : F0;
27262 : EC;
27263 : EC;
27264 : EC;
27265 : EC;
27266 : EC;
27267 : E8;
27268 : C4;
27269 : C4;
27270 : E8;
27271 : E8;
27272 : E8;
27273 : E8;
27274 : A4;
27275 : 60;
27276 : 40;
27277 : 40;
27278 : 40;
27279 : 40;
27280 : 40;
27281 : 40;
27282 : 60;
27283 : 60;
27284 : 40;
27285 : 60;
27286 : 60;
27287 : 80;
27288 : C4;
27289 : E8;
27290 : EC;
27291 : E8;
27292 : E8;
27293 : E8;
27294 : C8;
27295 : C4;
27296 : C4;
27297 : 80;
27298 : 60;
27299 : 40;
27300 : 40;
27301 : 40;
27302 : 40;
27303 : 40;
27304 : 40;
27305 : 40;
27306 : 40;
27307 : 60;
27308 : 60;
27309 : 60;
27310 : 60;
27311 : 60;
27312 : 80;
27313 : A0;
27314 : 80;
27315 : 80;
27316 : 60;
27317 : 60;
27318 : 60;
27319 : 60;
27320 : 60;
27321 : 60;
27322 : 60;
27323 : 80;
27324 : A0;
27325 : C8;
27326 : F0;
27327 : F0;
27328 : EC;
27329 : EC;
27330 : EC;
27331 : F0;
27332 : F0;
27333 : F0;
27334 : F0;
27335 : F0;
27336 : F0;
27337 : E8;
27338 : E8;
27339 : E8;
27340 : E8;
27341 : C8;
27342 : C4;
27343 : C4;
27344 : C4;
27345 : C4;
27346 : A0;
27347 : 80;
27348 : 60;
27349 : 60;
27350 : 60;
27351 : 40;
27352 : 40;
27353 : 40;
27354 : 60;
27355 : 60;
27356 : 60;
27357 : 40;
27358 : 40;
27359 : 20;
27360 : 60;
27361 : 40;
27362 : 20;
27363 : 20;
27364 : 20;
27365 : 40;
27366 : 40;
27367 : 40;
27368 : 40;
27369 : 40;
27370 : 40;
27371 : 40;
27372 : 60;
27373 : 60;
27374 : 40;
27375 : 40;
27376 : 40;
27377 : 40;
27378 : 40;
27379 : 40;
27380 : 40;
27381 : 60;
27382 : A0;
27383 : C4;
27384 : E8;
27385 : E8;
27386 : E8;
27387 : EC;
27388 : F0;
27389 : F4;
27390 : F4;
27391 : F4;
27392 : F0;
27393 : F0;
27394 : F0;
27395 : EC;
27396 : EC;
27397 : E8;
27398 : C4;
27399 : C4;
27400 : C4;
27401 : C4;
27402 : E8;
27403 : EC;
27404 : F0;
27405 : EC;
27406 : EC;
27407 : E8;
27408 : E8;
27409 : E8;
27410 : E8;
27411 : E8;
27412 : E8;
27413 : EC;
27414 : E8;
27415 : C4;
27416 : A0;
27417 : 80;
27418 : 60;
27419 : 40;
27420 : 40;
27421 : 40;
27422 : 40;
27423 : 60;
27424 : 40;
27425 : 40;
27426 : 40;
27427 : 40;
27428 : 60;
27429 : 60;
27430 : 60;
27431 : 60;
27432 : 60;
27433 : 60;
27434 : 80;
27435 : A0;
27436 : A0;
27437 : 80;
27438 : 80;
27439 : A0;
27440 : C4;
27441 : E8;
27442 : EC;
27443 : EC;
27444 : E8;
27445 : E8;
27446 : E8;
27447 : E8;
27448 : C4;
27449 : C4;
27450 : E8;
27451 : E8;
27452 : E8;
27453 : E8;
27454 : EC;
27455 : EC;
27456 : EC;
27457 : E8;
27458 : E8;
27459 : E8;
27460 : EC;
27461 : EC;
27462 : F0;
27463 : F0;
27464 : EC;
27465 : C4;
27466 : A4;
27467 : A0;
27468 : C4;
27469 : A4;
27470 : 80;
27471 : 60;
27472 : 40;
27473 : 40;
27474 : 40;
27475 : 40;
27476 : 40;
27477 : 40;
27478 : 40;
27479 : 40;
27480 : 40;
27481 : 40;
27482 : 40;
27483 : 40;
27484 : 60;
27485 : A0;
27486 : A0;
27487 : A0;
27488 : A4;
27489 : C4;
27490 : C4;
27491 : C4;
27492 : A4;
27493 : A0;
27494 : A4;
27495 : C4;
27496 : E8;
27497 : E8;
27498 : C8;
27499 : E8;
27500 : EC;
27501 : F0;
27502 : EC;
27503 : EC;
27504 : EC;
27505 : EC;
27506 : EC;
27507 : E8;
27508 : C8;
27509 : C4;
27510 : E8;
27511 : E8;
27512 : E8;
27513 : E8;
27514 : C4;
27515 : 80;
27516 : 60;
27517 : 40;
27518 : 40;
27519 : 40;
27520 : 40;
27521 : 60;
27522 : 60;
27523 : 60;
27524 : 60;
27525 : 60;
27526 : 60;
27527 : 80;
27528 : C8;
27529 : EC;
27530 : EC;
27531 : E8;
27532 : E8;
27533 : E8;
27534 : C4;
27535 : C4;
27536 : A0;
27537 : 80;
27538 : 60;
27539 : 40;
27540 : 40;
27541 : 40;
27542 : 40;
27543 : 40;
27544 : 40;
27545 : 40;
27546 : 60;
27547 : 60;
27548 : 80;
27549 : 60;
27550 : 60;
27551 : 60;
27552 : 80;
27553 : A0;
27554 : A0;
27555 : 80;
27556 : 80;
27557 : 60;
27558 : 60;
27559 : 80;
27560 : 80;
27561 : 60;
27562 : 60;
27563 : 80;
27564 : A0;
27565 : C8;
27566 : F0;
27567 : F0;
27568 : EC;
27569 : E8;
27570 : EC;
27571 : F0;
27572 : F0;
27573 : F0;
27574 : F0;
27575 : F0;
27576 : F0;
27577 : EC;
27578 : EC;
27579 : E8;
27580 : E8;
27581 : C8;
27582 : C4;
27583 : C4;
27584 : E8;
27585 : C4;
27586 : A0;
27587 : 80;
27588 : 80;
27589 : 60;
27590 : 60;
27591 : 40;
27592 : 40;
27593 : 40;
27594 : 60;
27595 : 60;
27596 : 60;
27597 : 40;
27598 : 40;
27599 : 20;
27600 : 60;
27601 : 40;
27602 : 40;
27603 : 20;
27604 : 20;
27605 : 40;
27606 : 40;
27607 : 40;
27608 : 40;
27609 : 40;
27610 : 40;
27611 : 60;
27612 : 80;
27613 : 60;
27614 : 60;
27615 : 40;
27616 : 40;
27617 : 40;
27618 : 40;
27619 : 40;
27620 : 60;
27621 : 80;
27622 : 80;
27623 : A4;
27624 : E8;
27625 : EC;
27626 : EC;
27627 : EC;
27628 : F0;
27629 : F4;
27630 : F4;
27631 : F4;
27632 : F4;
27633 : F0;
27634 : F0;
27635 : EC;
27636 : EC;
27637 : E8;
27638 : C4;
27639 : C4;
27640 : C4;
27641 : C4;
27642 : E8;
27643 : EC;
27644 : F0;
27645 : EC;
27646 : E8;
27647 : E8;
27648 : E8;
27649 : E8;
27650 : E8;
27651 : E8;
27652 : EC;
27653 : EC;
27654 : E8;
27655 : C4;
27656 : 80;
27657 : 60;
27658 : 60;
27659 : 60;
27660 : 40;
27661 : 40;
27662 : 60;
27663 : 60;
27664 : 60;
27665 : 40;
27666 : 40;
27667 : 60;
27668 : 60;
27669 : 60;
27670 : 60;
27671 : 60;
27672 : 60;
27673 : 60;
27674 : 80;
27675 : A0;
27676 : A0;
27677 : A0;
27678 : A0;
27679 : A0;
27680 : A4;
27681 : E8;
27682 : EC;
27683 : EC;
27684 : EC;
27685 : EC;
27686 : E8;
27687 : E8;
27688 : E8;
27689 : E8;
27690 : E8;
27691 : E8;
27692 : E8;
27693 : E8;
27694 : EC;
27695 : EC;
27696 : EC;
27697 : E8;
27698 : E8;
27699 : E8;
27700 : EC;
27701 : EC;
27702 : F0;
27703 : F0;
27704 : EC;
27705 : E8;
27706 : C4;
27707 : A0;
27708 : C4;
27709 : C4;
27710 : A0;
27711 : 60;
27712 : 40;
27713 : 40;
27714 : 40;
27715 : 40;
27716 : 40;
27717 : 40;
27718 : 40;
27719 : 40;
27720 : 40;
27721 : 40;
27722 : 40;
27723 : 40;
27724 : 60;
27725 : A0;
27726 : A0;
27727 : C4;
27728 : C4;
27729 : C4;
27730 : C4;
27731 : C4;
27732 : C4;
27733 : A4;
27734 : C4;
27735 : C8;
27736 : E8;
27737 : E8;
27738 : C4;
27739 : E8;
27740 : EC;
27741 : EC;
27742 : EC;
27743 : EC;
27744 : EC;
27745 : EC;
27746 : E8;
27747 : E8;
27748 : E8;
27749 : C8;
27750 : E8;
27751 : E8;
27752 : E8;
27753 : C4;
27754 : C4;
27755 : A0;
27756 : 60;
27757 : 40;
27758 : 40;
27759 : 40;
27760 : 60;
27761 : 60;
27762 : 60;
27763 : 60;
27764 : 60;
27765 : 60;
27766 : 80;
27767 : A4;
27768 : E8;
27769 : EC;
27770 : E8;
27771 : E8;
27772 : E8;
27773 : E8;
27774 : C4;
27775 : A4;
27776 : 80;
27777 : 60;
27778 : 60;
27779 : 40;
27780 : 40;
27781 : 40;
27782 : 60;
27783 : 60;
27784 : 40;
27785 : 40;
27786 : 60;
27787 : 60;
27788 : 60;
27789 : 60;
27790 : 60;
27791 : 80;
27792 : 80;
27793 : A0;
27794 : C4;
27795 : C4;
27796 : A0;
27797 : 80;
27798 : 80;
27799 : 80;
27800 : 80;
27801 : 60;
27802 : 60;
27803 : 80;
27804 : A0;
27805 : E8;
27806 : F0;
27807 : F0;
27808 : EC;
27809 : E8;
27810 : EC;
27811 : EC;
27812 : F0;
27813 : F0;
27814 : F0;
27815 : EC;
27816 : EC;
27817 : F0;
27818 : F0;
27819 : EC;
27820 : E8;
27821 : E8;
27822 : C8;
27823 : E8;
27824 : E8;
27825 : C4;
27826 : A4;
27827 : 80;
27828 : 80;
27829 : 60;
27830 : 60;
27831 : 40;
27832 : 40;
27833 : 60;
27834 : 60;
27835 : 60;
27836 : 60;
27837 : 40;
27838 : 40;
27839 : 20;
27840 : 60;
27841 : 40;
27842 : 40;
27843 : 40;
27844 : 40;
27845 : 40;
27846 : 40;
27847 : 40;
27848 : 40;
27849 : 40;
27850 : 60;
27851 : 60;
27852 : 80;
27853 : 80;
27854 : 80;
27855 : 60;
27856 : 60;
27857 : 40;
27858 : 40;
27859 : 40;
27860 : 60;
27861 : 80;
27862 : 80;
27863 : A0;
27864 : E8;
27865 : EC;
27866 : F0;
27867 : EC;
27868 : F0;
27869 : F0;
27870 : F4;
27871 : F4;
27872 : F4;
27873 : F4;
27874 : F0;
27875 : EC;
27876 : EC;
27877 : E8;
27878 : C4;
27879 : C4;
27880 : C4;
27881 : C4;
27882 : EC;
27883 : EC;
27884 : EC;
27885 : EC;
27886 : E8;
27887 : E8;
27888 : C4;
27889 : C8;
27890 : E8;
27891 : E8;
27892 : EC;
27893 : EC;
27894 : E8;
27895 : A4;
27896 : 60;
27897 : 60;
27898 : 60;
27899 : 60;
27900 : 60;
27901 : 40;
27902 : 60;
27903 : 60;
27904 : 60;
27905 : 40;
27906 : 60;
27907 : 60;
27908 : 60;
27909 : 60;
27910 : 60;
27911 : 60;
27912 : 60;
27913 : 80;
27914 : 80;
27915 : A0;
27916 : A0;
27917 : A0;
27918 : A0;
27919 : A0;
27920 : A0;
27921 : C4;
27922 : EC;
27923 : F0;
27924 : F0;
27925 : EC;
27926 : EC;
27927 : E8;
27928 : E8;
27929 : E8;
27930 : E8;
27931 : E8;
27932 : E8;
27933 : E8;
27934 : EC;
27935 : F0;
27936 : EC;
27937 : E8;
27938 : E8;
27939 : E8;
27940 : E8;
27941 : EC;
27942 : EC;
27943 : F0;
27944 : F0;
27945 : EC;
27946 : C8;
27947 : C4;
27948 : C4;
27949 : C4;
27950 : C4;
27951 : 80;
27952 : 60;
27953 : 40;
27954 : 40;
27955 : 40;
27956 : 40;
27957 : 40;
27958 : 40;
27959 : 40;
27960 : 40;
27961 : 40;
27962 : 40;
27963 : 40;
27964 : 60;
27965 : 80;
27966 : C4;
27967 : C4;
27968 : C4;
27969 : E8;
27970 : E8;
27971 : C4;
27972 : C4;
27973 : C4;
27974 : C4;
27975 : E8;
27976 : EC;
27977 : E8;
27978 : C4;
27979 : E8;
27980 : EC;
27981 : EC;
27982 : EC;
27983 : EC;
27984 : EC;
27985 : EC;
27986 : E8;
27987 : E8;
27988 : E8;
27989 : E8;
27990 : EC;
27991 : E8;
27992 : C4;
27993 : C4;
27994 : C4;
27995 : A4;
27996 : 80;
27997 : 60;
27998 : 60;
27999 : 40;
28000 : 40;
28001 : 60;
28002 : 60;
28003 : 60;
28004 : 60;
28005 : 60;
28006 : 80;
28007 : C4;
28008 : E8;
28009 : E8;
28010 : E8;
28011 : E8;
28012 : E8;
28013 : C4;
28014 : C4;
28015 : A0;
28016 : 80;
28017 : 60;
28018 : 60;
28019 : 40;
28020 : 40;
28021 : 60;
28022 : 60;
28023 : 60;
28024 : 60;
28025 : 40;
28026 : 60;
28027 : 60;
28028 : 60;
28029 : 60;
28030 : 60;
28031 : 80;
28032 : A0;
28033 : C4;
28034 : C4;
28035 : E8;
28036 : C4;
28037 : A0;
28038 : 80;
28039 : 80;
28040 : 80;
28041 : 80;
28042 : 80;
28043 : 80;
28044 : C4;
28045 : EC;
28046 : F4;
28047 : F0;
28048 : EC;
28049 : E8;
28050 : EC;
28051 : EC;
28052 : EC;
28053 : F0;
28054 : F0;
28055 : EC;
28056 : EC;
28057 : EC;
28058 : F0;
28059 : F0;
28060 : EC;
28061 : E8;
28062 : E8;
28063 : EC;
28064 : EC;
28065 : C4;
28066 : C4;
28067 : A0;
28068 : A0;
28069 : 80;
28070 : 60;
28071 : 60;
28072 : 60;
28073 : 60;
28074 : 60;
28075 : 60;
28076 : 60;
28077 : 40;
28078 : 40;
28079 : 40;
28080 : 60;
28081 : 60;
28082 : 40;
28083 : 40;
28084 : 40;
28085 : 40;
28086 : 40;
28087 : 40;
28088 : 40;
28089 : 40;
28090 : 60;
28091 : 80;
28092 : A0;
28093 : A0;
28094 : A0;
28095 : 60;
28096 : 60;
28097 : 40;
28098 : 40;
28099 : 60;
28100 : 60;
28101 : 80;
28102 : 80;
28103 : 80;
28104 : C4;
28105 : E8;
28106 : F0;
28107 : F0;
28108 : F0;
28109 : F0;
28110 : F4;
28111 : F4;
28112 : F4;
28113 : F4;
28114 : F4;
28115 : F0;
28116 : EC;
28117 : E8;
28118 : C8;
28119 : C4;
28120 : C4;
28121 : C8;
28122 : EC;
28123 : EC;
28124 : EC;
28125 : EC;
28126 : E8;
28127 : E8;
28128 : E8;
28129 : E8;
28130 : E8;
28131 : E8;
28132 : EC;
28133 : EC;
28134 : C4;
28135 : 80;
28136 : 60;
28137 : 60;
28138 : 60;
28139 : 60;
28140 : 60;
28141 : 60;
28142 : 60;
28143 : 60;
28144 : 60;
28145 : 60;
28146 : 60;
28147 : 80;
28148 : 80;
28149 : 60;
28150 : 60;
28151 : 60;
28152 : 60;
28153 : 80;
28154 : A0;
28155 : A0;
28156 : 80;
28157 : A0;
28158 : A0;
28159 : A4;
28160 : C4;
28161 : C4;
28162 : E8;
28163 : F0;
28164 : F0;
28165 : F0;
28166 : EC;
28167 : E8;
28168 : E8;
28169 : E8;
28170 : E8;
28171 : E8;
28172 : E8;
28173 : E8;
28174 : EC;
28175 : F0;
28176 : EC;
28177 : E8;
28178 : E8;
28179 : E8;
28180 : E8;
28181 : E8;
28182 : EC;
28183 : EC;
28184 : F0;
28185 : F0;
28186 : EC;
28187 : C4;
28188 : C4;
28189 : C4;
28190 : C4;
28191 : A4;
28192 : 80;
28193 : 60;
28194 : 40;
28195 : 40;
28196 : 40;
28197 : 60;
28198 : 60;
28199 : 60;
28200 : 60;
28201 : 60;
28202 : 40;
28203 : 40;
28204 : 60;
28205 : 80;
28206 : A0;
28207 : C4;
28208 : E8;
28209 : E8;
28210 : E8;
28211 : E8;
28212 : E8;
28213 : E8;
28214 : E8;
28215 : EC;
28216 : EC;
28217 : E8;
28218 : C4;
28219 : C8;
28220 : EC;
28221 : EC;
28222 : EC;
28223 : EC;
28224 : EC;
28225 : EC;
28226 : E8;
28227 : E8;
28228 : E8;
28229 : EC;
28230 : EC;
28231 : E8;
28232 : C4;
28233 : C4;
28234 : C4;
28235 : C4;
28236 : A0;
28237 : 80;
28238 : 60;
28239 : 60;
28240 : 40;
28241 : 60;
28242 : 60;
28243 : 60;
28244 : 60;
28245 : 80;
28246 : A4;
28247 : E8;
28248 : EC;
28249 : E8;
28250 : E8;
28251 : E8;
28252 : E8;
28253 : C4;
28254 : A0;
28255 : 80;
28256 : 60;
28257 : 60;
28258 : 60;
28259 : 60;
28260 : 40;
28261 : 60;
28262 : 60;
28263 : 80;
28264 : 60;
28265 : 60;
28266 : 60;
28267 : 60;
28268 : 60;
28269 : 60;
28270 : 60;
28271 : 80;
28272 : C4;
28273 : E4;
28274 : E8;
28275 : E8;
28276 : E8;
28277 : C4;
28278 : 80;
28279 : 80;
28280 : 80;
28281 : 80;
28282 : 80;
28283 : A4;
28284 : E8;
28285 : F0;
28286 : F4;
28287 : F0;
28288 : EC;
28289 : E8;
28290 : EC;
28291 : EC;
28292 : EC;
28293 : F0;
28294 : F0;
28295 : EC;
28296 : EC;
28297 : EC;
28298 : F0;
28299 : F0;
28300 : EC;
28301 : E8;
28302 : EC;
28303 : EC;
28304 : E8;
28305 : C4;
28306 : C4;
28307 : C4;
28308 : C4;
28309 : A4;
28310 : 80;
28311 : 60;
28312 : 60;
28313 : 60;
28314 : 60;
28315 : 60;
28316 : 60;
28317 : 40;
28318 : 40;
28319 : 40;
28320 : 60;
28321 : 60;
28322 : 40;
28323 : 40;
28324 : 40;
28325 : 40;
28326 : 40;
28327 : 40;
28328 : 40;
28329 : 40;
28330 : 60;
28331 : 80;
28332 : A0;
28333 : C4;
28334 : A0;
28335 : 80;
28336 : 60;
28337 : 40;
28338 : 40;
28339 : 60;
28340 : 80;
28341 : 80;
28342 : 80;
28343 : 80;
28344 : A0;
28345 : C8;
28346 : EC;
28347 : F0;
28348 : F0;
28349 : F0;
28350 : F0;
28351 : F4;
28352 : F4;
28353 : F4;
28354 : F4;
28355 : F0;
28356 : F0;
28357 : EC;
28358 : E8;
28359 : E8;
28360 : E8;
28361 : E8;
28362 : E8;
28363 : EC;
28364 : EC;
28365 : EC;
28366 : EC;
28367 : E8;
28368 : E8;
28369 : E8;
28370 : E8;
28371 : E8;
28372 : E8;
28373 : C4;
28374 : C4;
28375 : 80;
28376 : 60;
28377 : 60;
28378 : 80;
28379 : 60;
28380 : 60;
28381 : 60;
28382 : 80;
28383 : 80;
28384 : 60;
28385 : 60;
28386 : 80;
28387 : 80;
28388 : 80;
28389 : 60;
28390 : 60;
28391 : 60;
28392 : 80;
28393 : A0;
28394 : C4;
28395 : A0;
28396 : 80;
28397 : 80;
28398 : A0;
28399 : C4;
28400 : C4;
28401 : C4;
28402 : C8;
28403 : F0;
28404 : F0;
28405 : F0;
28406 : EC;
28407 : E8;
28408 : E8;
28409 : EC;
28410 : E8;
28411 : E8;
28412 : E8;
28413 : EC;
28414 : EC;
28415 : EC;
28416 : EC;
28417 : E8;
28418 : E8;
28419 : E8;
28420 : E8;
28421 : E8;
28422 : EC;
28423 : EC;
28424 : F0;
28425 : F0;
28426 : EC;
28427 : E8;
28428 : C4;
28429 : C4;
28430 : C4;
28431 : C4;
28432 : C4;
28433 : 80;
28434 : 60;
28435 : 60;
28436 : 60;
28437 : 60;
28438 : 60;
28439 : 60;
28440 : 60;
28441 : 60;
28442 : 40;
28443 : 40;
28444 : 40;
28445 : 60;
28446 : 80;
28447 : A4;
28448 : C8;
28449 : EC;
28450 : EC;
28451 : E8;
28452 : E8;
28453 : E8;
28454 : EC;
28455 : EC;
28456 : EC;
28457 : E8;
28458 : C4;
28459 : C4;
28460 : E8;
28461 : EC;
28462 : EC;
28463 : E8;
28464 : EC;
28465 : EC;
28466 : EC;
28467 : EC;
28468 : EC;
28469 : EC;
28470 : EC;
28471 : E8;
28472 : C4;
28473 : C4;
28474 : C4;
28475 : C4;
28476 : A4;
28477 : 80;
28478 : 60;
28479 : 60;
28480 : 40;
28481 : 60;
28482 : 60;
28483 : 60;
28484 : 60;
28485 : 80;
28486 : C4;
28487 : E8;
28488 : E8;
28489 : E8;
28490 : E8;
28491 : E8;
28492 : E8;
28493 : C4;
28494 : A0;
28495 : 60;
28496 : 60;
28497 : 60;
28498 : 60;
28499 : 60;
28500 : 60;
28501 : 60;
28502 : 60;
28503 : 80;
28504 : 80;
28505 : 60;
28506 : 60;
28507 : 60;
28508 : 60;
28509 : 60;
28510 : 60;
28511 : 80;
28512 : C8;
28513 : E8;
28514 : E8;
28515 : E8;
28516 : E8;
28517 : C8;
28518 : A0;
28519 : 80;
28520 : A0;
28521 : A0;
28522 : C4;
28523 : E8;
28524 : EC;
28525 : F0;
28526 : F0;
28527 : F0;
28528 : EC;
28529 : EC;
28530 : E8;
28531 : EC;
28532 : EC;
28533 : F0;
28534 : F0;
28535 : EC;
28536 : EC;
28537 : EC;
28538 : EC;
28539 : EC;
28540 : E8;
28541 : E8;
28542 : EC;
28543 : EC;
28544 : E8;
28545 : C4;
28546 : C4;
28547 : C4;
28548 : C4;
28549 : C4;
28550 : A0;
28551 : 60;
28552 : 60;
28553 : 60;
28554 : 60;
28555 : 60;
28556 : 60;
28557 : 40;
28558 : 60;
28559 : 60;
28560 : 60;
28561 : 60;
28562 : 40;
28563 : 40;
28564 : 40;
28565 : 40;
28566 : 40;
28567 : 60;
28568 : 60;
28569 : 40;
28570 : 60;
28571 : 80;
28572 : C4;
28573 : C4;
28574 : A0;
28575 : 80;
28576 : 60;
28577 : 60;
28578 : 60;
28579 : 60;
28580 : 80;
28581 : 80;
28582 : 80;
28583 : 80;
28584 : A0;
28585 : C4;
28586 : EC;
28587 : F0;
28588 : F0;
28589 : EC;
28590 : F0;
28591 : F4;
28592 : F4;
28593 : F4;
28594 : F4;
28595 : F4;
28596 : F0;
28597 : F0;
28598 : EC;
28599 : EC;
28600 : E8;
28601 : E8;
28602 : E8;
28603 : EC;
28604 : EC;
28605 : EC;
28606 : EC;
28607 : EC;
28608 : EC;
28609 : EC;
28610 : EC;
28611 : C8;
28612 : C4;
28613 : C4;
28614 : A4;
28615 : 80;
28616 : 60;
28617 : 60;
28618 : 80;
28619 : 80;
28620 : 60;
28621 : 80;
28622 : 80;
28623 : 60;
28624 : 60;
28625 : 60;
28626 : 80;
28627 : 80;
28628 : 60;
28629 : 60;
28630 : 60;
28631 : 60;
28632 : A0;
28633 : C4;
28634 : C4;
28635 : A0;
28636 : 80;
28637 : 80;
28638 : A0;
28639 : C4;
28640 : C4;
28641 : C4;
28642 : E8;
28643 : F0;
28644 : F0;
28645 : EC;
28646 : EC;
28647 : E8;
28648 : EC;
28649 : EC;
28650 : EC;
28651 : E8;
28652 : E8;
28653 : EC;
28654 : EC;
28655 : EC;
28656 : EC;
28657 : E8;
28658 : E8;
28659 : E8;
28660 : E8;
28661 : E8;
28662 : EC;
28663 : EC;
28664 : F0;
28665 : F4;
28666 : F0;
28667 : EC;
28668 : C4;
28669 : C4;
28670 : C4;
28671 : C4;
28672 : C4;
28673 : C4;
28674 : A0;
28675 : 80;
28676 : 60;
28677 : 60;
28678 : 60;
28679 : 60;
28680 : 60;
28681 : 60;
28682 : 40;
28683 : 40;
28684 : 60;
28685 : 60;
28686 : 80;
28687 : 80;
28688 : A4;
28689 : E8;
28690 : EC;
28691 : EC;
28692 : EC;
28693 : EC;
28694 : EC;
28695 : EC;
28696 : EC;
28697 : E8;
28698 : C4;
28699 : C4;
28700 : C8;
28701 : EC;
28702 : EC;
28703 : EC;
28704 : EC;
28705 : EC;
28706 : EC;
28707 : EC;
28708 : EC;
28709 : F0;
28710 : EC;
28711 : E8;
28712 : C4;
28713 : C4;
28714 : C4;
28715 : C4;
28716 : A4;
28717 : 80;
28718 : 60;
28719 : 60;
28720 : 60;
28721 : 60;
28722 : 60;
28723 : 60;
28724 : 60;
28725 : A0;
28726 : C8;
28727 : E8;
28728 : E8;
28729 : E8;
28730 : C4;
28731 : C8;
28732 : E8;
28733 : C8;
28734 : A0;
28735 : 60;
28736 : 60;
28737 : 60;
28738 : 60;
28739 : 60;
28740 : 60;
28741 : 60;
28742 : 80;
28743 : A0;
28744 : A0;
28745 : 80;
28746 : 60;
28747 : 60;
28748 : 60;
28749 : 60;
28750 : 60;
28751 : 80;
28752 : E8;
28753 : EC;
28754 : E8;
28755 : E8;
28756 : EC;
28757 : EC;
28758 : C4;
28759 : C4;
28760 : C4;
28761 : E8;
28762 : EC;
28763 : F0;
28764 : F0;
28765 : F0;
28766 : F0;
28767 : F0;
28768 : EC;
28769 : EC;
28770 : E8;
28771 : EC;
28772 : EC;
28773 : F0;
28774 : F0;
28775 : F0;
28776 : EC;
28777 : EC;
28778 : EC;
28779 : E8;
28780 : E8;
28781 : E8;
28782 : EC;
28783 : EC;
28784 : C8;
28785 : C4;
28786 : C4;
28787 : C4;
28788 : E8;
28789 : C4;
28790 : A0;
28791 : 80;
28792 : 60;
28793 : 60;
28794 : 40;
28795 : 40;
28796 : 40;
28797 : 60;
28798 : 60;
28799 : 60;
28800 : 60;
28801 : 60;
28802 : 40;
28803 : 40;
28804 : 40;
28805 : 40;
28806 : 40;
28807 : 60;
28808 : 60;
28809 : 60;
28810 : 60;
28811 : 80;
28812 : A0;
28813 : C4;
28814 : A0;
28815 : 80;
28816 : 80;
28817 : 60;
28818 : 80;
28819 : 80;
28820 : A0;
28821 : A0;
28822 : A0;
28823 : A0;
28824 : A0;
28825 : C4;
28826 : EC;
28827 : F0;
28828 : F0;
28829 : EC;
28830 : F0;
28831 : F0;
28832 : F4;
28833 : F4;
28834 : F4;
28835 : F4;
28836 : F4;
28837 : F0;
28838 : F0;
28839 : EC;
28840 : EC;
28841 : E8;
28842 : E8;
28843 : EC;
28844 : EC;
28845 : EC;
28846 : EC;
28847 : EC;
28848 : EC;
28849 : EC;
28850 : EC;
28851 : C4;
28852 : C4;
28853 : C4;
28854 : A4;
28855 : 80;
28856 : 60;
28857 : 60;
28858 : 60;
28859 : 60;
28860 : 80;
28861 : 80;
28862 : 80;
28863 : 60;
28864 : 60;
28865 : 60;
28866 : 80;
28867 : 80;
28868 : 80;
28869 : 60;
28870 : 60;
28871 : 80;
28872 : C4;
28873 : C4;
28874 : C4;
28875 : A4;
28876 : A0;
28877 : 80;
28878 : 80;
28879 : A0;
28880 : C4;
28881 : C4;
28882 : E8;
28883 : EC;
28884 : F0;
28885 : EC;
28886 : EC;
28887 : E8;
28888 : EC;
28889 : EC;
28890 : EC;
28891 : E8;
28892 : E8;
28893 : EC;
28894 : EC;
28895 : EC;
28896 : E8;
28897 : E8;
28898 : E8;
28899 : E8;
28900 : E8;
28901 : E8;
28902 : EC;
28903 : EC;
28904 : F0;
28905 : F4;
28906 : F0;
28907 : EC;
28908 : C8;
28909 : C4;
28910 : C4;
28911 : C4;
28912 : C4;
28913 : C4;
28914 : C4;
28915 : C4;
28916 : A0;
28917 : 80;
28918 : 60;
28919 : 60;
28920 : 60;
28921 : 60;
28922 : 40;
28923 : 60;
28924 : 60;
28925 : 60;
28926 : 60;
28927 : 80;
28928 : 80;
28929 : C4;
28930 : E8;
28931 : EC;
28932 : EC;
28933 : EC;
28934 : EC;
28935 : EC;
28936 : E8;
28937 : E8;
28938 : C8;
28939 : C4;
28940 : C4;
28941 : EC;
28942 : EC;
28943 : EC;
28944 : EC;
28945 : EC;
28946 : F0;
28947 : F0;
28948 : F0;
28949 : F0;
28950 : EC;
28951 : E8;
28952 : C4;
28953 : C4;
28954 : C4;
28955 : C4;
28956 : A0;
28957 : 80;
28958 : 60;
28959 : 40;
28960 : 60;
28961 : 60;
28962 : 60;
28963 : 60;
28964 : 60;
28965 : A4;
28966 : C8;
28967 : E8;
28968 : E8;
28969 : C8;
28970 : C4;
28971 : C4;
28972 : E8;
28973 : C8;
28974 : A0;
28975 : 80;
28976 : 60;
28977 : 60;
28978 : 60;
28979 : 60;
28980 : 60;
28981 : 60;
28982 : 80;
28983 : C4;
28984 : A0;
28985 : 80;
28986 : 60;
28987 : 60;
28988 : 80;
28989 : 60;
28990 : 60;
28991 : 60;
28992 : C8;
28993 : EC;
28994 : EC;
28995 : E8;
28996 : E8;
28997 : EC;
28998 : EC;
28999 : EC;
29000 : EC;
29001 : F0;
29002 : F0;
29003 : F0;
29004 : EC;
29005 : EC;
29006 : F0;
29007 : F0;
29008 : F0;
29009 : EC;
29010 : EC;
29011 : EC;
29012 : F0;
29013 : F0;
29014 : F0;
29015 : F0;
29016 : EC;
29017 : EC;
29018 : E8;
29019 : E8;
29020 : E8;
29021 : E8;
29022 : EC;
29023 : E8;
29024 : C8;
29025 : C4;
29026 : C4;
29027 : C4;
29028 : C4;
29029 : A0;
29030 : 80;
29031 : 80;
29032 : 60;
29033 : 60;
29034 : 40;
29035 : 40;
29036 : 60;
29037 : 60;
29038 : 60;
29039 : 60;
29040 : 60;
29041 : 60;
29042 : 60;
29043 : 40;
29044 : 40;
29045 : 40;
29046 : 40;
29047 : 60;
29048 : 60;
29049 : 60;
29050 : 60;
29051 : 60;
29052 : 80;
29053 : A0;
29054 : A0;
29055 : A0;
29056 : A0;
29057 : A0;
29058 : A0;
29059 : A0;
29060 : A0;
29061 : A0;
29062 : A0;
29063 : A0;
29064 : A0;
29065 : C4;
29066 : EC;
29067 : F0;
29068 : F0;
29069 : F0;
29070 : EC;
29071 : F0;
29072 : F4;
29073 : F4;
29074 : F4;
29075 : F4;
29076 : F0;
29077 : F0;
29078 : F0;
29079 : F0;
29080 : EC;
29081 : E8;
29082 : E8;
29083 : EC;
29084 : EC;
29085 : EC;
29086 : EC;
29087 : EC;
29088 : EC;
29089 : EC;
29090 : E8;
29091 : A4;
29092 : C4;
29093 : C4;
29094 : A4;
29095 : 80;
29096 : 60;
29097 : 60;
29098 : 60;
29099 : 60;
29100 : 80;
29101 : 80;
29102 : 80;
29103 : 60;
29104 : 60;
29105 : 60;
29106 : 80;
29107 : 80;
29108 : 80;
29109 : 80;
29110 : 80;
29111 : A4;
29112 : C4;
29113 : C4;
29114 : C4;
29115 : C4;
29116 : A4;
29117 : 80;
29118 : 80;
29119 : 80;
29120 : C4;
29121 : C4;
29122 : E8;
29123 : EC;
29124 : F0;
29125 : EC;
29126 : EC;
29127 : E8;
29128 : EC;
29129 : EC;
29130 : EC;
29131 : E8;
29132 : E8;
29133 : EC;
29134 : EC;
29135 : E8;
29136 : E8;
29137 : E8;
29138 : E8;
29139 : E8;
29140 : E8;
29141 : E8;
29142 : EC;
29143 : EC;
29144 : F0;
29145 : F4;
29146 : F0;
29147 : EC;
29148 : E8;
29149 : C4;
29150 : C4;
29151 : C4;
29152 : C4;
29153 : C4;
29154 : C4;
29155 : C4;
29156 : C4;
29157 : A0;
29158 : 80;
29159 : 60;
29160 : 60;
29161 : 60;
29162 : 60;
29163 : 60;
29164 : 60;
29165 : 60;
29166 : 60;
29167 : 60;
29168 : 80;
29169 : 80;
29170 : C4;
29171 : E8;
29172 : F0;
29173 : F0;
29174 : EC;
29175 : EC;
29176 : EC;
29177 : E8;
29178 : E8;
29179 : C4;
29180 : C4;
29181 : E8;
29182 : EC;
29183 : EC;
29184 : EC;
29185 : EC;
29186 : F0;
29187 : F0;
29188 : F0;
29189 : EC;
29190 : E8;
29191 : E8;
29192 : E8;
29193 : E8;
29194 : C4;
29195 : A4;
29196 : 80;
29197 : 60;
29198 : 40;
29199 : 60;
29200 : 60;
29201 : 60;
29202 : 60;
29203 : 60;
29204 : 80;
29205 : A4;
29206 : E8;
29207 : EC;
29208 : E8;
29209 : C4;
29210 : C4;
29211 : C4;
29212 : E8;
29213 : E8;
29214 : C4;
29215 : 80;
29216 : 60;
29217 : 80;
29218 : 80;
29219 : 80;
29220 : 60;
29221 : 80;
29222 : A0;
29223 : C4;
29224 : A0;
29225 : 80;
29226 : 80;
29227 : 80;
29228 : 60;
29229 : 60;
29230 : 60;
29231 : 60;
29232 : C4;
29233 : E8;
29234 : EC;
29235 : E8;
29236 : E8;
29237 : EC;
29238 : EC;
29239 : F0;
29240 : F0;
29241 : F0;
29242 : F0;
29243 : F0;
29244 : EC;
29245 : EC;
29246 : F0;
29247 : F4;
29248 : F0;
29249 : EC;
29250 : EC;
29251 : EC;
29252 : F0;
29253 : F0;
29254 : F0;
29255 : F0;
29256 : EC;
29257 : E8;
29258 : E8;
29259 : E8;
29260 : E8;
29261 : E8;
29262 : E8;
29263 : E8;
29264 : C8;
29265 : C4;
29266 : C4;
29267 : C4;
29268 : 80;
29269 : 60;
29270 : 80;
29271 : 80;
29272 : 80;
29273 : 60;
29274 : 40;
29275 : 60;
29276 : 60;
29277 : 80;
29278 : 60;
29279 : 60;
29280 : 60;
29281 : 60;
29282 : 60;
29283 : 60;
29284 : 40;
29285 : 40;
29286 : 40;
29287 : 60;
29288 : 60;
29289 : 60;
29290 : 60;
29291 : 60;
29292 : 60;
29293 : 80;
29294 : A4;
29295 : C4;
29296 : C4;
29297 : C4;
29298 : C4;
29299 : C4;
29300 : A4;
29301 : A4;
29302 : A0;
29303 : A0;
29304 : A4;
29305 : C8;
29306 : EC;
29307 : F0;
29308 : F0;
29309 : F0;
29310 : EC;
29311 : EC;
29312 : F0;
29313 : F4;
29314 : F4;
29315 : F4;
29316 : F0;
29317 : F0;
29318 : F0;
29319 : F0;
29320 : EC;
29321 : EC;
29322 : EC;
29323 : EC;
29324 : EC;
29325 : EC;
29326 : EC;
29327 : EC;
29328 : EC;
29329 : EC;
29330 : C8;
29331 : A4;
29332 : C4;
29333 : C4;
29334 : A0;
29335 : 80;
29336 : 60;
29337 : 60;
29338 : 60;
29339 : 80;
29340 : 80;
29341 : 80;
29342 : 80;
29343 : 60;
29344 : 40;
29345 : 60;
29346 : 80;
29347 : 80;
29348 : 80;
29349 : 80;
29350 : A4;
29351 : C4;
29352 : C4;
29353 : E8;
29354 : E8;
29355 : C4;
29356 : A4;
29357 : 80;
29358 : 80;
29359 : 80;
29360 : A0;
29361 : C4;
29362 : E8;
29363 : F0;
29364 : F0;
29365 : EC;
29366 : EC;
29367 : E8;
29368 : EC;
29369 : EC;
29370 : EC;
29371 : E8;
29372 : E8;
29373 : EC;
29374 : EC;
29375 : E8;
29376 : E8;
29377 : E8;
29378 : E8;
29379 : E8;
29380 : E8;
29381 : E8;
29382 : EC;
29383 : EC;
29384 : F0;
29385 : F4;
29386 : F0;
29387 : EC;
29388 : E8;
29389 : C4;
29390 : C4;
29391 : A4;
29392 : A0;
29393 : A4;
29394 : A4;
29395 : C4;
29396 : C4;
29397 : C4;
29398 : A0;
29399 : 60;
29400 : 60;
29401 : 60;
29402 : 60;
29403 : 60;
29404 : 60;
29405 : 60;
29406 : 60;
29407 : 60;
29408 : 80;
29409 : 80;
29410 : A4;
29411 : C4;
29412 : F0;
29413 : F0;
29414 : EC;
29415 : EC;
29416 : EC;
29417 : EC;
29418 : E8;
29419 : C8;
29420 : C4;
29421 : E8;
29422 : EC;
29423 : EC;
29424 : EC;
29425 : EC;
29426 : F0;
29427 : F0;
29428 : F0;
29429 : EC;
29430 : E8;
29431 : E8;
29432 : E8;
29433 : E8;
29434 : C4;
29435 : A4;
29436 : 60;
29437 : 60;
29438 : 60;
29439 : 60;
29440 : 60;
29441 : 80;
29442 : 80;
29443 : 80;
29444 : 80;
29445 : C4;
29446 : E8;
29447 : E8;
29448 : C8;
29449 : C4;
29450 : C4;
29451 : C4;
29452 : E8;
29453 : C8;
29454 : C4;
29455 : A4;
29456 : 80;
29457 : 80;
29458 : 80;
29459 : 80;
29460 : 80;
29461 : A0;
29462 : C4;
29463 : C4;
29464 : A0;
29465 : 80;
29466 : 80;
29467 : 80;
29468 : 60;
29469 : 60;
29470 : 60;
29471 : 60;
29472 : A4;
29473 : C8;
29474 : EC;
29475 : EC;
29476 : EC;
29477 : EC;
29478 : EC;
29479 : F0;
29480 : F0;
29481 : F0;
29482 : F0;
29483 : EC;
29484 : E8;
29485 : EC;
29486 : F0;
29487 : F4;
29488 : F0;
29489 : F0;
29490 : EC;
29491 : F0;
29492 : F4;
29493 : F4;
29494 : F4;
29495 : F0;
29496 : EC;
29497 : E8;
29498 : E8;
29499 : E8;
29500 : E8;
29501 : E8;
29502 : E8;
29503 : E8;
29504 : C8;
29505 : C4;
29506 : A0;
29507 : 60;
29508 : 60;
29509 : 60;
29510 : 80;
29511 : A0;
29512 : 80;
29513 : 60;
29514 : 60;
29515 : 60;
29516 : 80;
29517 : 80;
29518 : 80;
29519 : 60;
29520 : 60;
29521 : 60;
29522 : 60;
29523 : 60;
29524 : 60;
29525 : 40;
29526 : 40;
29527 : 60;
29528 : 60;
29529 : 80;
29530 : 80;
29531 : 60;
29532 : 60;
29533 : 80;
29534 : A0;
29535 : C4;
29536 : C4;
29537 : C4;
29538 : E8;
29539 : C8;
29540 : C4;
29541 : C4;
29542 : C4;
29543 : C4;
29544 : C4;
29545 : C8;
29546 : EC;
29547 : F0;
29548 : F0;
29549 : F0;
29550 : E8;
29551 : EC;
29552 : F0;
29553 : F4;
29554 : F4;
29555 : F4;
29556 : F0;
29557 : F0;
29558 : F0;
29559 : F0;
29560 : F0;
29561 : EC;
29562 : EC;
29563 : EC;
29564 : EC;
29565 : EC;
29566 : EC;
29567 : F0;
29568 : EC;
29569 : EC;
29570 : C4;
29571 : C4;
29572 : C4;
29573 : C4;
29574 : A0;
29575 : 80;
29576 : 60;
29577 : 60;
29578 : 60;
29579 : 80;
29580 : 80;
29581 : 80;
29582 : 80;
29583 : 60;
29584 : 60;
29585 : 60;
29586 : 80;
29587 : 80;
29588 : 80;
29589 : A4;
29590 : C4;
29591 : E8;
29592 : E8;
29593 : E8;
29594 : E8;
29595 : E8;
29596 : A4;
29597 : 80;
29598 : 80;
29599 : 80;
29600 : A0;
29601 : A0;
29602 : C8;
29603 : EC;
29604 : F0;
29605 : F0;
29606 : EC;
29607 : E8;
29608 : E8;
29609 : EC;
29610 : EC;
29611 : E8;
29612 : E8;
29613 : EC;
29614 : EC;
29615 : E8;
29616 : E8;
29617 : E8;
29618 : E8;
29619 : EC;
29620 : EC;
29621 : EC;
29622 : EC;
29623 : EC;
29624 : F0;
29625 : F4;
29626 : F0;
29627 : EC;
29628 : E8;
29629 : E8;
29630 : C4;
29631 : A4;
29632 : A0;
29633 : A0;
29634 : C4;
29635 : C0;
29636 : C4;
29637 : C4;
29638 : A4;
29639 : 80;
29640 : 60;
29641 : 60;
29642 : 60;
29643 : 80;
29644 : 80;
29645 : 60;
29646 : 60;
29647 : 60;
29648 : 60;
29649 : 80;
29650 : A0;
29651 : C4;
29652 : EC;
29653 : F0;
29654 : F0;
29655 : EC;
29656 : EC;
29657 : EC;
29658 : EC;
29659 : E8;
29660 : C8;
29661 : E8;
29662 : EC;
29663 : EC;
29664 : EC;
29665 : F0;
29666 : F0;
29667 : F0;
29668 : F0;
29669 : EC;
29670 : EC;
29671 : EC;
29672 : EC;
29673 : E8;
29674 : C4;
29675 : A0;
29676 : 60;
29677 : 60;
29678 : 60;
29679 : 60;
29680 : 60;
29681 : 80;
29682 : 80;
29683 : A0;
29684 : A4;
29685 : C4;
29686 : E8;
29687 : E8;
29688 : E8;
29689 : C4;
29690 : C4;
29691 : C4;
29692 : C4;
29693 : C4;
29694 : C4;
29695 : C4;
29696 : A0;
29697 : 80;
29698 : 80;
29699 : 80;
29700 : 80;
29701 : A4;
29702 : C4;
29703 : C4;
29704 : A0;
29705 : 80;
29706 : 80;
29707 : 60;
29708 : 60;
29709 : 60;
29710 : 60;
29711 : 60;
29712 : 80;
29713 : A4;
29714 : E8;
29715 : EC;
29716 : EC;
29717 : EC;
29718 : EC;
29719 : EC;
29720 : F0;
29721 : F0;
29722 : F0;
29723 : EC;
29724 : E8;
29725 : EC;
29726 : F0;
29727 : F4;
29728 : F4;
29729 : F0;
29730 : F0;
29731 : F0;
29732 : F4;
29733 : F4;
29734 : F4;
29735 : F0;
29736 : EC;
29737 : EC;
29738 : E8;
29739 : E8;
29740 : E8;
29741 : C8;
29742 : E8;
29743 : E8;
29744 : C4;
29745 : 80;
29746 : 80;
29747 : 60;
29748 : 60;
29749 : 80;
29750 : 80;
29751 : A0;
29752 : A0;
29753 : 80;
29754 : 60;
29755 : 60;
29756 : 80;
29757 : A0;
29758 : 80;
29759 : 60;
29760 : 80;
29761 : 80;
29762 : 60;
29763 : 60;
29764 : 40;
29765 : 40;
29766 : 40;
29767 : 40;
29768 : 60;
29769 : 60;
29770 : 80;
29771 : 80;
29772 : 60;
29773 : 60;
29774 : 80;
29775 : C4;
29776 : C4;
29777 : E8;
29778 : EC;
29779 : EC;
29780 : E8;
29781 : C8;
29782 : C4;
29783 : C4;
29784 : E8;
29785 : EC;
29786 : F0;
29787 : F0;
29788 : F0;
29789 : EC;
29790 : E8;
29791 : EC;
29792 : F0;
29793 : F4;
29794 : F4;
29795 : F4;
29796 : F0;
29797 : F0;
29798 : EC;
29799 : F0;
29800 : F0;
29801 : F0;
29802 : F0;
29803 : EC;
29804 : E8;
29805 : E8;
29806 : EC;
29807 : F0;
29808 : F0;
29809 : EC;
29810 : C8;
29811 : C4;
29812 : C4;
29813 : C8;
29814 : A0;
29815 : 80;
29816 : 60;
29817 : 60;
29818 : 60;
29819 : 80;
29820 : A0;
29821 : 80;
29822 : 80;
29823 : 60;
29824 : 60;
29825 : 60;
29826 : 80;
29827 : 80;
29828 : A0;
29829 : C4;
29830 : E8;
29831 : E8;
29832 : E8;
29833 : E8;
29834 : E8;
29835 : C4;
29836 : A4;
29837 : 80;
29838 : 80;
29839 : 80;
29840 : 80;
29841 : A0;
29842 : C4;
29843 : E8;
29844 : F0;
29845 : F0;
29846 : F0;
29847 : EC;
29848 : E8;
29849 : E8;
29850 : EC;
29851 : EC;
29852 : E8;
29853 : E8;
29854 : EC;
29855 : EC;
29856 : E8;
29857 : E8;
29858 : E8;
29859 : EC;
29860 : EC;
29861 : EC;
29862 : EC;
29863 : F0;
29864 : F0;
29865 : F4;
29866 : F0;
29867 : E8;
29868 : E8;
29869 : C4;
29870 : C4;
29871 : C4;
29872 : C4;
29873 : C4;
29874 : C4;
29875 : A0;
29876 : A0;
29877 : A0;
29878 : A0;
29879 : 80;
29880 : 60;
29881 : 60;
29882 : 60;
29883 : 80;
29884 : 80;
29885 : 80;
29886 : 60;
29887 : 60;
29888 : 60;
29889 : 80;
29890 : A0;
29891 : C4;
29892 : E8;
29893 : EC;
29894 : F0;
29895 : F0;
29896 : EC;
29897 : EC;
29898 : EC;
29899 : EC;
29900 : E8;
29901 : E8;
29902 : EC;
29903 : EC;
29904 : F0;
29905 : F0;
29906 : F0;
29907 : F0;
29908 : F0;
29909 : EC;
29910 : EC;
29911 : EC;
29912 : EC;
29913 : E8;
29914 : C4;
29915 : A0;
29916 : 80;
29917 : 60;
29918 : 60;
29919 : 60;
29920 : 80;
29921 : A0;
29922 : A0;
29923 : A0;
29924 : A4;
29925 : C4;
29926 : C4;
29927 : E8;
29928 : E8;
29929 : E8;
29930 : C8;
29931 : C4;
29932 : C4;
29933 : C4;
29934 : E8;
29935 : C4;
29936 : C4;
29937 : A0;
29938 : 80;
29939 : 80;
29940 : A0;
29941 : C4;
29942 : C4;
29943 : A4;
29944 : A0;
29945 : 80;
29946 : 80;
29947 : 60;
29948 : 60;
29949 : 60;
29950 : 60;
29951 : 60;
29952 : 60;
29953 : 80;
29954 : A4;
29955 : E8;
29956 : EC;
29957 : EC;
29958 : EC;
29959 : EC;
29960 : EC;
29961 : F0;
29962 : F0;
29963 : EC;
29964 : EC;
29965 : EC;
29966 : F0;
29967 : F4;
29968 : F4;
29969 : F0;
29970 : F0;
29971 : F4;
29972 : F4;
29973 : F4;
29974 : F4;
29975 : F0;
29976 : EC;
29977 : EC;
29978 : EC;
29979 : E8;
29980 : E8;
29981 : C8;
29982 : E8;
29983 : E8;
29984 : C4;
29985 : 80;
29986 : 60;
29987 : 80;
29988 : 60;
29989 : 60;
29990 : 80;
29991 : 80;
29992 : A0;
29993 : A0;
29994 : 80;
29995 : 80;
29996 : A0;
29997 : A0;
29998 : 80;
29999 : 60;
30000 : 80;
30001 : 80;
30002 : 60;
30003 : 60;
30004 : 60;
30005 : 40;
30006 : 40;
30007 : 40;
30008 : 60;
30009 : 60;
30010 : 80;
30011 : 80;
30012 : 60;
30013 : 60;
30014 : 60;
30015 : 80;
30016 : C4;
30017 : E8;
30018 : EC;
30019 : EC;
30020 : EC;
30021 : EC;
30022 : EC;
30023 : EC;
30024 : EC;
30025 : F0;
30026 : F0;
30027 : F0;
30028 : F0;
30029 : EC;
30030 : E8;
30031 : EC;
30032 : F0;
30033 : F4;
30034 : F4;
30035 : F4;
30036 : F0;
30037 : F0;
30038 : EC;
30039 : EC;
30040 : F0;
30041 : F4;
30042 : F0;
30043 : EC;
30044 : E8;
30045 : E8;
30046 : EC;
30047 : F0;
30048 : F0;
30049 : EC;
30050 : E8;
30051 : E8;
30052 : E8;
30053 : C8;
30054 : A0;
30055 : 80;
30056 : 60;
30057 : 60;
30058 : 80;
30059 : 80;
30060 : A0;
30061 : A0;
30062 : 80;
30063 : 80;
30064 : 60;
30065 : 60;
30066 : 80;
30067 : 80;
30068 : A4;
30069 : C8;
30070 : E8;
30071 : E8;
30072 : E8;
30073 : E8;
30074 : E8;
30075 : C4;
30076 : A0;
30077 : 80;
30078 : 80;
30079 : 80;
30080 : 80;
30081 : 80;
30082 : A0;
30083 : C4;
30084 : EC;
30085 : F0;
30086 : F0;
30087 : F0;
30088 : EC;
30089 : E8;
30090 : EC;
30091 : EC;
30092 : E8;
30093 : E8;
30094 : EC;
30095 : EC;
30096 : EC;
30097 : E8;
30098 : E8;
30099 : EC;
30100 : F0;
30101 : F0;
30102 : EC;
30103 : F0;
30104 : F4;
30105 : F4;
30106 : F0;
30107 : E8;
30108 : C8;
30109 : C4;
30110 : C4;
30111 : C4;
30112 : C4;
30113 : C4;
30114 : A4;
30115 : A0;
30116 : 80;
30117 : A0;
30118 : A0;
30119 : 80;
30120 : 80;
30121 : 60;
30122 : 60;
30123 : 80;
30124 : 80;
30125 : 80;
30126 : 80;
30127 : 60;
30128 : 60;
30129 : A0;
30130 : C4;
30131 : C4;
30132 : C4;
30133 : E8;
30134 : F0;
30135 : F0;
30136 : F0;
30137 : EC;
30138 : EC;
30139 : EC;
30140 : E8;
30141 : E8;
30142 : EC;
30143 : EC;
30144 : F0;
30145 : F0;
30146 : F0;
30147 : F0;
30148 : F0;
30149 : EC;
30150 : EC;
30151 : EC;
30152 : E8;
30153 : C4;
30154 : C4;
30155 : A0;
30156 : 80;
30157 : 80;
30158 : 80;
30159 : 80;
30160 : A0;
30161 : C4;
30162 : C4;
30163 : C4;
30164 : A4;
30165 : A0;
30166 : C4;
30167 : E8;
30168 : E8;
30169 : E8;
30170 : E8;
30171 : E8;
30172 : C4;
30173 : C4;
30174 : C8;
30175 : C4;
30176 : C4;
30177 : A4;
30178 : A0;
30179 : A0;
30180 : C4;
30181 : C8;
30182 : C8;
30183 : A0;
30184 : 80;
30185 : 60;
30186 : 60;
30187 : 60;
30188 : 60;
30189 : 60;
30190 : 60;
30191 : 60;
30192 : 60;
30193 : 80;
30194 : 80;
30195 : C4;
30196 : E8;
30197 : EC;
30198 : EC;
30199 : EC;
30200 : EC;
30201 : F0;
30202 : F0;
30203 : F0;
30204 : EC;
30205 : EC;
30206 : F0;
30207 : F4;
30208 : F4;
30209 : F0;
30210 : F0;
30211 : F4;
30212 : F4;
30213 : F4;
30214 : F4;
30215 : F0;
30216 : F0;
30217 : EC;
30218 : EC;
30219 : E8;
30220 : C8;
30221 : C8;
30222 : E8;
30223 : E8;
30224 : A4;
30225 : 80;
30226 : 80;
30227 : 80;
30228 : 80;
30229 : 60;
30230 : 80;
30231 : 80;
30232 : A0;
30233 : A0;
30234 : A0;
30235 : A0;
30236 : C4;
30237 : A4;
30238 : 80;
30239 : 80;
30240 : A0;
30241 : 80;
30242 : 80;
30243 : 60;
30244 : 60;
30245 : 60;
30246 : 60;
30247 : 60;
30248 : 60;
30249 : 60;
30250 : 80;
30251 : 80;
30252 : 60;
30253 : 60;
30254 : 60;
30255 : 60;
30256 : A0;
30257 : C4;
30258 : EC;
30259 : EC;
30260 : EC;
30261 : F0;
30262 : F0;
30263 : F0;
30264 : F0;
30265 : F0;
30266 : F0;
30267 : F0;
30268 : F0;
30269 : EC;
30270 : EC;
30271 : EC;
30272 : F0;
30273 : F0;
30274 : F4;
30275 : F4;
30276 : F0;
30277 : F0;
30278 : EC;
30279 : EC;
30280 : F0;
30281 : F4;
30282 : F0;
30283 : EC;
30284 : E8;
30285 : EC;
30286 : EC;
30287 : F0;
30288 : F0;
30289 : EC;
30290 : EC;
30291 : E8;
30292 : E8;
30293 : C8;
30294 : 80;
30295 : 80;
30296 : 80;
30297 : 80;
30298 : 80;
30299 : 80;
30300 : A4;
30301 : A4;
30302 : A0;
30303 : 80;
30304 : 80;
30305 : 80;
30306 : 80;
30307 : A0;
30308 : C4;
30309 : C8;
30310 : E8;
30311 : E8;
30312 : E8;
30313 : E8;
30314 : C4;
30315 : C4;
30316 : A4;
30317 : 80;
30318 : 80;
30319 : 80;
30320 : 80;
30321 : 80;
30322 : A0;
30323 : C4;
30324 : EC;
30325 : F0;
30326 : F0;
30327 : F0;
30328 : F0;
30329 : EC;
30330 : EC;
30331 : EC;
30332 : EC;
30333 : E8;
30334 : EC;
30335 : EC;
30336 : EC;
30337 : EC;
30338 : E8;
30339 : EC;
30340 : F0;
30341 : F0;
30342 : F0;
30343 : F4;
30344 : F4;
30345 : F4;
30346 : F0;
30347 : E8;
30348 : C8;
30349 : C4;
30350 : C8;
30351 : C4;
30352 : C4;
30353 : C4;
30354 : A4;
30355 : 80;
30356 : 80;
30357 : 80;
30358 : 80;
30359 : 80;
30360 : 80;
30361 : 80;
30362 : 80;
30363 : 80;
30364 : 80;
30365 : A0;
30366 : 80;
30367 : 80;
30368 : 80;
30369 : A0;
30370 : C4;
30371 : C4;
30372 : C4;
30373 : E8;
30374 : EC;
30375 : F0;
30376 : F0;
30377 : EC;
30378 : F0;
30379 : F0;
30380 : EC;
30381 : EC;
30382 : EC;
30383 : F0;
30384 : F0;
30385 : F0;
30386 : F0;
30387 : EC;
30388 : EC;
30389 : F0;
30390 : F0;
30391 : EC;
30392 : C8;
30393 : C4;
30394 : C4;
30395 : A4;
30396 : 80;
30397 : 80;
30398 : 80;
30399 : 80;
30400 : A4;
30401 : C4;
30402 : C4;
30403 : C4;
30404 : C4;
30405 : A0;
30406 : C4;
30407 : E8;
30408 : E8;
30409 : E8;
30410 : E8;
30411 : E8;
30412 : E8;
30413 : E8;
30414 : E8;
30415 : C8;
30416 : C4;
30417 : C4;
30418 : C4;
30419 : C4;
30420 : E8;
30421 : C4;
30422 : C4;
30423 : 80;
30424 : 80;
30425 : 60;
30426 : 60;
30427 : 60;
30428 : 60;
30429 : 60;
30430 : 60;
30431 : 60;
30432 : 80;
30433 : 80;
30434 : 80;
30435 : A0;
30436 : C4;
30437 : EC;
30438 : F0;
30439 : F0;
30440 : EC;
30441 : EC;
30442 : F0;
30443 : F0;
30444 : F0;
30445 : F0;
30446 : F0;
30447 : F4;
30448 : F4;
30449 : F0;
30450 : F0;
30451 : F0;
30452 : F4;
30453 : F4;
30454 : F4;
30455 : F0;
30456 : F0;
30457 : F0;
30458 : EC;
30459 : E8;
30460 : C4;
30461 : C8;
30462 : E8;
30463 : E8;
30464 : C4;
30465 : 80;
30466 : 80;
30467 : 80;
30468 : 80;
30469 : 60;
30470 : 60;
30471 : 60;
30472 : 80;
30473 : A4;
30474 : A0;
30475 : C4;
30476 : C4;
30477 : A4;
30478 : A0;
30479 : 80;
30480 : A4;
30481 : A0;
30482 : 80;
30483 : 60;
30484 : 60;
30485 : 60;
30486 : 60;
30487 : 60;
30488 : 60;
30489 : 80;
30490 : 80;
30491 : 80;
30492 : 60;
30493 : 60;
30494 : 60;
30495 : 60;
30496 : 60;
30497 : A0;
30498 : E8;
30499 : EC;
30500 : EC;
30501 : EC;
30502 : F0;
30503 : F0;
30504 : F0;
30505 : F0;
30506 : F0;
30507 : F0;
30508 : F0;
30509 : EC;
30510 : EC;
30511 : F0;
30512 : F0;
30513 : F0;
30514 : F0;
30515 : F4;
30516 : F0;
30517 : F0;
30518 : F0;
30519 : EC;
30520 : F0;
30521 : F4;
30522 : F0;
30523 : EC;
30524 : E8;
30525 : EC;
30526 : EC;
30527 : EC;
30528 : F0;
30529 : F0;
30530 : EC;
30531 : EC;
30532 : E8;
30533 : C8;
30534 : 80;
30535 : 80;
30536 : 80;
30537 : 80;
30538 : 80;
30539 : 80;
30540 : A4;
30541 : C4;
30542 : C4;
30543 : 80;
30544 : 80;
30545 : 80;
30546 : 80;
30547 : 80;
30548 : C4;
30549 : E8;
30550 : E8;
30551 : E8;
30552 : E8;
30553 : E8;
30554 : C4;
30555 : C4;
30556 : C4;
30557 : A0;
30558 : 80;
30559 : 80;
30560 : 80;
30561 : 80;
30562 : A0;
30563 : C4;
30564 : EC;
30565 : F0;
30566 : F0;
30567 : F4;
30568 : F0;
30569 : EC;
30570 : E8;
30571 : EC;
30572 : EC;
30573 : EC;
30574 : EC;
30575 : EC;
30576 : EC;
30577 : EC;
30578 : EC;
30579 : EC;
30580 : F0;
30581 : F4;
30582 : F4;
30583 : F4;
30584 : F4;
30585 : F4;
30586 : F0;
30587 : E8;
30588 : E8;
30589 : E8;
30590 : C8;
30591 : C4;
30592 : C4;
30593 : C4;
30594 : 80;
30595 : 80;
30596 : 60;
30597 : 80;
30598 : 80;
30599 : 80;
30600 : 80;
30601 : 80;
30602 : 80;
30603 : 80;
30604 : A0;
30605 : A0;
30606 : 80;
30607 : 80;
30608 : 80;
30609 : A4;
30610 : C4;
30611 : C4;
30612 : C4;
30613 : C8;
30614 : EC;
30615 : F0;
30616 : F0;
30617 : EC;
30618 : F0;
30619 : F0;
30620 : F0;
30621 : EC;
30622 : F0;
30623 : F0;
30624 : F0;
30625 : F0;
30626 : F0;
30627 : EC;
30628 : EC;
30629 : F0;
30630 : F0;
30631 : EC;
30632 : C4;
30633 : C4;
30634 : C4;
30635 : A4;
30636 : A0;
30637 : 80;
30638 : 80;
30639 : 80;
30640 : A0;
30641 : C4;
30642 : C4;
30643 : C4;
30644 : C4;
30645 : A4;
30646 : A4;
30647 : C4;
30648 : E8;
30649 : E8;
30650 : E8;
30651 : E8;
30652 : E8;
30653 : E8;
30654 : E8;
30655 : E8;
30656 : C8;
30657 : C4;
30658 : C4;
30659 : C4;
30660 : E8;
30661 : C4;
30662 : 80;
30663 : 80;
30664 : 80;
30665 : 80;
30666 : 60;
30667 : 80;
30668 : 80;
30669 : 60;
30670 : 60;
30671 : 60;
30672 : 80;
30673 : 80;
30674 : 80;
30675 : A4;
30676 : C4;
30677 : E8;
30678 : F0;
30679 : F0;
30680 : F0;
30681 : EC;
30682 : F0;
30683 : F0;
30684 : F0;
30685 : F0;
30686 : F0;
30687 : F4;
30688 : F4;
30689 : F0;
30690 : F0;
30691 : F4;
30692 : F4;
30693 : F4;
30694 : F4;
30695 : F4;
30696 : F0;
30697 : F0;
30698 : EC;
30699 : C8;
30700 : C8;
30701 : E8;
30702 : EC;
30703 : E8;
30704 : C4;
30705 : A0;
30706 : 80;
30707 : 80;
30708 : 80;
30709 : 80;
30710 : 80;
30711 : 60;
30712 : 80;
30713 : A0;
30714 : C4;
30715 : C4;
30716 : C4;
30717 : C4;
30718 : A0;
30719 : A0;
30720 : A0;
30721 : A4;
30722 : A0;
30723 : 80;
30724 : 60;
30725 : 60;
30726 : 60;
30727 : 60;
30728 : 60;
30729 : 80;
30730 : A0;
30731 : 80;
30732 : 60;
30733 : 60;
30734 : 60;
30735 : 60;
30736 : 60;
30737 : 80;
30738 : C8;
30739 : EC;
30740 : EC;
30741 : EC;
30742 : EC;
30743 : F0;
30744 : F0;
30745 : EC;
30746 : EC;
30747 : F0;
30748 : F0;
30749 : F0;
30750 : F0;
30751 : F0;
30752 : F0;
30753 : F0;
30754 : F0;
30755 : F4;
30756 : F0;
30757 : F0;
30758 : F0;
30759 : F0;
30760 : F0;
30761 : F4;
30762 : F4;
30763 : F0;
30764 : EC;
30765 : EC;
30766 : EC;
30767 : EC;
30768 : EC;
30769 : F0;
30770 : F0;
30771 : EC;
30772 : E8;
30773 : E8;
30774 : A0;
30775 : 80;
30776 : 80;
30777 : 80;
30778 : A0;
30779 : A0;
30780 : A4;
30781 : C4;
30782 : C4;
30783 : A0;
30784 : 80;
30785 : 80;
30786 : 80;
30787 : 80;
30788 : A4;
30789 : E8;
30790 : EC;
30791 : E8;
30792 : E8;
30793 : C8;
30794 : C4;
30795 : E8;
30796 : C4;
30797 : A4;
30798 : 80;
30799 : 80;
30800 : A0;
30801 : A0;
30802 : A0;
30803 : C4;
30804 : EC;
30805 : F0;
30806 : F0;
30807 : F0;
30808 : F0;
30809 : EC;
30810 : EC;
30811 : EC;
30812 : EC;
30813 : EC;
30814 : EC;
30815 : F0;
30816 : F0;
30817 : EC;
30818 : EC;
30819 : F0;
30820 : F4;
30821 : F4;
30822 : F4;
30823 : F4;
30824 : F4;
30825 : F0;
30826 : EC;
30827 : E8;
30828 : E8;
30829 : C8;
30830 : C8;
30831 : E8;
30832 : C4;
30833 : C4;
30834 : 80;
30835 : 60;
30836 : 80;
30837 : 80;
30838 : 80;
30839 : 80;
30840 : 80;
30841 : 80;
30842 : 80;
30843 : 80;
30844 : A0;
30845 : A0;
30846 : A0;
30847 : 80;
30848 : A0;
30849 : C4;
30850 : C4;
30851 : C4;
30852 : C4;
30853 : C8;
30854 : EC;
30855 : F4;
30856 : F0;
30857 : EC;
30858 : F0;
30859 : F0;
30860 : F0;
30861 : F0;
30862 : F0;
30863 : F0;
30864 : F0;
30865 : F0;
30866 : EC;
30867 : E8;
30868 : EC;
30869 : F0;
30870 : F0;
30871 : EC;
30872 : C4;
30873 : C4;
30874 : C4;
30875 : A4;
30876 : A4;
30877 : A0;
30878 : 80;
30879 : 80;
30880 : 80;
30881 : C4;
30882 : C4;
30883 : C4;
30884 : C4;
30885 : A4;
30886 : A0;
30887 : A4;
30888 : E8;
30889 : E8;
30890 : E8;
30891 : E8;
30892 : E8;
30893 : E8;
30894 : E8;
30895 : E8;
30896 : E8;
30897 : E8;
30898 : E8;
30899 : E8;
30900 : C4;
30901 : A0;
30902 : 80;
30903 : 80;
30904 : 80;
30905 : 80;
30906 : 80;
30907 : 80;
30908 : 80;
30909 : 80;
30910 : 80;
30911 : 80;
30912 : 80;
30913 : 80;
30914 : A0;
30915 : A4;
30916 : C4;
30917 : C8;
30918 : EC;
30919 : F0;
30920 : F0;
30921 : EC;
30922 : EC;
30923 : F0;
30924 : F4;
30925 : F4;
30926 : F0;
30927 : F0;
30928 : F4;
30929 : F4;
30930 : F0;
30931 : F4;
30932 : F4;
30933 : F4;
30934 : F4;
30935 : F4;
30936 : F4;
30937 : EC;
30938 : E8;
30939 : C8;
30940 : C8;
30941 : E8;
30942 : EC;
30943 : EC;
30944 : C8;
30945 : A4;
30946 : 80;
30947 : 80;
30948 : 80;
30949 : 80;
30950 : 80;
30951 : 80;
30952 : 80;
30953 : A0;
30954 : A4;
30955 : C4;
30956 : C4;
30957 : C4;
30958 : C4;
30959 : A0;
30960 : C4;
30961 : C4;
30962 : A4;
30963 : A0;
30964 : 80;
30965 : 60;
30966 : 60;
30967 : 80;
30968 : 80;
30969 : A0;
30970 : 80;
30971 : 80;
30972 : 60;
30973 : 60;
30974 : 60;
30975 : 60;
30976 : 60;
30977 : 80;
30978 : C4;
30979 : E8;
30980 : EC;
30981 : EC;
30982 : EC;
30983 : F0;
30984 : EC;
30985 : EC;
30986 : EC;
30987 : EC;
30988 : EC;
30989 : F0;
30990 : F0;
30991 : F0;
30992 : EC;
30993 : EC;
30994 : F0;
30995 : F4;
30996 : F4;
30997 : F0;
30998 : F0;
30999 : F0;
31000 : F4;
31001 : F4;
31002 : F4;
31003 : F0;
31004 : EC;
31005 : EC;
31006 : EC;
31007 : EC;
31008 : F0;
31009 : F0;
31010 : F0;
31011 : EC;
31012 : E8;
31013 : E8;
31014 : C4;
31015 : A0;
31016 : A0;
31017 : A0;
31018 : A0;
31019 : A4;
31020 : A4;
31021 : C4;
31022 : C4;
31023 : C4;
31024 : A0;
31025 : 80;
31026 : 80;
31027 : 80;
31028 : A4;
31029 : E8;
31030 : EC;
31031 : EC;
31032 : E8;
31033 : C8;
31034 : C4;
31035 : E8;
31036 : C4;
31037 : C4;
31038 : A0;
31039 : A0;
31040 : A0;
31041 : A0;
31042 : C4;
31043 : E8;
31044 : EC;
31045 : F0;
31046 : F0;
31047 : F0;
31048 : F0;
31049 : EC;
31050 : EC;
31051 : EC;
31052 : EC;
31053 : EC;
31054 : F0;
31055 : F0;
31056 : F0;
31057 : F0;
31058 : F0;
31059 : F4;
31060 : F4;
31061 : F4;
31062 : F4;
31063 : F4;
31064 : F4;
31065 : F0;
31066 : EC;
31067 : E8;
31068 : E8;
31069 : E8;
31070 : E8;
31071 : E8;
31072 : C4;
31073 : A0;
31074 : 80;
31075 : 80;
31076 : 80;
31077 : 80;
31078 : 80;
31079 : 80;
31080 : 80;
31081 : 80;
31082 : 80;
31083 : 80;
31084 : A0;
31085 : A0;
31086 : A0;
31087 : A4;
31088 : C4;
31089 : C4;
31090 : C4;
31091 : C4;
31092 : C4;
31093 : E8;
31094 : F0;
31095 : F0;
31096 : F0;
31097 : EC;
31098 : F0;
31099 : F0;
31100 : F0;
31101 : F0;
31102 : F0;
31103 : F0;
31104 : F0;
31105 : F0;
31106 : EC;
31107 : EC;
31108 : EC;
31109 : EC;
31110 : F0;
31111 : EC;
31112 : C4;
31113 : C4;
31114 : C4;
31115 : C4;
31116 : A4;
31117 : A0;
31118 : 80;
31119 : 80;
31120 : 80;
31121 : A4;
31122 : C4;
31123 : E8;
31124 : C8;
31125 : C4;
31126 : A0;
31127 : A0;
31128 : C4;
31129 : E8;
31130 : E8;
31131 : E8;
31132 : E8;
31133 : E8;
31134 : E8;
31135 : E8;
31136 : E8;
31137 : E8;
31138 : E8;
31139 : E8;
31140 : C4;
31141 : A0;
31142 : 80;
31143 : 80;
31144 : 80;
31145 : A0;
31146 : A0;
31147 : A0;
31148 : 80;
31149 : 80;
31150 : 80;
31151 : 80;
31152 : 80;
31153 : A0;
31154 : A4;
31155 : C4;
31156 : C4;
31157 : C4;
31158 : E8;
31159 : EC;
31160 : F0;
31161 : F0;
31162 : EC;
31163 : EC;
31164 : F0;
31165 : F4;
31166 : F4;
31167 : F4;
31168 : F0;
31169 : F0;
31170 : F0;
31171 : F4;
31172 : F4;
31173 : F4;
31174 : F4;
31175 : F4;
31176 : F4;
31177 : F0;
31178 : E8;
31179 : E8;
31180 : E8;
31181 : E8;
31182 : EC;
31183 : EC;
31184 : E8;
31185 : C4;
31186 : A0;
31187 : 80;
31188 : A0;
31189 : 80;
31190 : 80;
31191 : 80;
31192 : 80;
31193 : A0;
31194 : A4;
31195 : C4;
31196 : C8;
31197 : C4;
31198 : C4;
31199 : C4;
31200 : C4;
31201 : C4;
31202 : C4;
31203 : A4;
31204 : 80;
31205 : 80;
31206 : 80;
31207 : 80;
31208 : A0;
31209 : A0;
31210 : 80;
31211 : 60;
31212 : 60;
31213 : 60;
31214 : 60;
31215 : 60;
31216 : 60;
31217 : 80;
31218 : C4;
31219 : E8;
31220 : EC;
31221 : EC;
31222 : EC;
31223 : EC;
31224 : EC;
31225 : EC;
31226 : E8;
31227 : E8;
31228 : EC;
31229 : EC;
31230 : F0;
31231 : F0;
31232 : EC;
31233 : EC;
31234 : F0;
31235 : F4;
31236 : F4;
31237 : F4;
31238 : F0;
31239 : F0;
31240 : F4;
31241 : F4;
31242 : F4;
31243 : F4;
31244 : F0;
31245 : EC;
31246 : EC;
31247 : EC;
31248 : F0;
31249 : F0;
31250 : F4;
31251 : EC;
31252 : E8;
31253 : E8;
31254 : E8;
31255 : C4;
31256 : A0;
31257 : A4;
31258 : C4;
31259 : C4;
31260 : C4;
31261 : C4;
31262 : E8;
31263 : C4;
31264 : A0;
31265 : 80;
31266 : 80;
31267 : 80;
31268 : A0;
31269 : E8;
31270 : EC;
31271 : EC;
31272 : EC;
31273 : E8;
31274 : E8;
31275 : E8;
31276 : E8;
31277 : C4;
31278 : A4;
31279 : A0;
31280 : A4;
31281 : C4;
31282 : E8;
31283 : EC;
31284 : EC;
31285 : EC;
31286 : F0;
31287 : F0;
31288 : F0;
31289 : EC;
31290 : EC;
31291 : EC;
31292 : F0;
31293 : F0;
31294 : F0;
31295 : F0;
31296 : F0;
31297 : F0;
31298 : F4;
31299 : F4;
31300 : F4;
31301 : F0;
31302 : F4;
31303 : F4;
31304 : F4;
31305 : F0;
31306 : EC;
31307 : E8;
31308 : E8;
31309 : E8;
31310 : E8;
31311 : E8;
31312 : C4;
31313 : A0;
31314 : 80;
31315 : 80;
31316 : 80;
31317 : 60;
31318 : 60;
31319 : 80;
31320 : 80;
31321 : A0;
31322 : A0;
31323 : 80;
31324 : 80;
31325 : A0;
31326 : C4;
31327 : C4;
31328 : C4;
31329 : C4;
31330 : C4;
31331 : C4;
31332 : E8;
31333 : EC;
31334 : F0;
31335 : F0;
31336 : F0;
31337 : EC;
31338 : F0;
31339 : F0;
31340 : F0;
31341 : F0;
31342 : F0;
31343 : F0;
31344 : F0;
31345 : F0;
31346 : EC;
31347 : EC;
31348 : EC;
31349 : F0;
31350 : F0;
31351 : EC;
31352 : C8;
31353 : C4;
31354 : C4;
31355 : C4;
31356 : C4;
31357 : A0;
31358 : 80;
31359 : 80;
31360 : A0;
31361 : A4;
31362 : C4;
31363 : E8;
31364 : E8;
31365 : C4;
31366 : A0;
31367 : A0;
31368 : C4;
31369 : E8;
31370 : EC;
31371 : EC;
31372 : E8;
31373 : E8;
31374 : E8;
31375 : E8;
31376 : EC;
31377 : EC;
31378 : E8;
31379 : E8;
31380 : C4;
31381 : A0;
31382 : 80;
31383 : 80;
31384 : A0;
31385 : A4;
31386 : A4;
31387 : A0;
31388 : 80;
31389 : 80;
31390 : 80;
31391 : 80;
31392 : 80;
31393 : A4;
31394 : C4;
31395 : C4;
31396 : C4;
31397 : C4;
31398 : E8;
31399 : F0;
31400 : F0;
31401 : F0;
31402 : EC;
31403 : EC;
31404 : F0;
31405 : F4;
31406 : F4;
31407 : F4;
31408 : F4;
31409 : F0;
31410 : F4;
31411 : F4;
31412 : F4;
31413 : F4;
31414 : F4;
31415 : F4;
31416 : F4;
31417 : F0;
31418 : EC;
31419 : EC;
31420 : EC;
31421 : EC;
31422 : EC;
31423 : EC;
31424 : E8;
31425 : C4;
31426 : A0;
31427 : A0;
31428 : A0;
31429 : A0;
31430 : A0;
31431 : 80;
31432 : 80;
31433 : A0;
31434 : A4;
31435 : C4;
31436 : E8;
31437 : C4;
31438 : C4;
31439 : C4;
31440 : C4;
31441 : C4;
31442 : C4;
31443 : C4;
31444 : A0;
31445 : 80;
31446 : 80;
31447 : A0;
31448 : A0;
31449 : A0;
31450 : 80;
31451 : 60;
31452 : 60;
31453 : 60;
31454 : 60;
31455 : 80;
31456 : 80;
31457 : 80;
31458 : C4;
31459 : E8;
31460 : EC;
31461 : EC;
31462 : EC;
31463 : EC;
31464 : EC;
31465 : E8;
31466 : E8;
31467 : E8;
31468 : E8;
31469 : EC;
31470 : F0;
31471 : F0;
31472 : F0;
31473 : EC;
31474 : F0;
31475 : F4;
31476 : F4;
31477 : F4;
31478 : F0;
31479 : F4;
31480 : F4;
31481 : F4;
31482 : F4;
31483 : F4;
31484 : F4;
31485 : F0;
31486 : EC;
31487 : EC;
31488 : F0;
31489 : F0;
31490 : F4;
31491 : EC;
31492 : E8;
31493 : C4;
31494 : E8;
31495 : C8;
31496 : C4;
31497 : C4;
31498 : C4;
31499 : C4;
31500 : C4;
31501 : C4;
31502 : C8;
31503 : C4;
31504 : A4;
31505 : 80;
31506 : 80;
31507 : 80;
31508 : A0;
31509 : C8;
31510 : E8;
31511 : EC;
31512 : EC;
31513 : EC;
31514 : E8;
31515 : E8;
31516 : E8;
31517 : C8;
31518 : C4;
31519 : C4;
31520 : C4;
31521 : E8;
31522 : EC;
31523 : F0;
31524 : EC;
31525 : EC;
31526 : F0;
31527 : F0;
31528 : EC;
31529 : EC;
31530 : EC;
31531 : F0;
31532 : F0;
31533 : F0;
31534 : F4;
31535 : F4;
31536 : F0;
31537 : F0;
31538 : F4;
31539 : F4;
31540 : F4;
31541 : F0;
31542 : F4;
31543 : F4;
31544 : F4;
31545 : EC;
31546 : E8;
31547 : E8;
31548 : C8;
31549 : E8;
31550 : E8;
31551 : E8;
31552 : C4;
31553 : A0;
31554 : 80;
31555 : 80;
31556 : 80;
31557 : 60;
31558 : 80;
31559 : 80;
31560 : A0;
31561 : A0;
31562 : A0;
31563 : 80;
31564 : 80;
31565 : A4;
31566 : C4;
31567 : C4;
31568 : C4;
31569 : C4;
31570 : C4;
31571 : C4;
31572 : E8;
31573 : F0;
31574 : F4;
31575 : F0;
31576 : F0;
31577 : EC;
31578 : F0;
31579 : F0;
31580 : F0;
31581 : F4;
31582 : F4;
31583 : F0;
31584 : F0;
31585 : F0;
31586 : F0;
31587 : EC;
31588 : EC;
31589 : F0;
31590 : F0;
31591 : F0;
31592 : E8;
31593 : C4;
31594 : C4;
31595 : C4;
31596 : C4;
31597 : C4;
31598 : A0;
31599 : A0;
31600 : A0;
31601 : A4;
31602 : C4;
31603 : C4;
31604 : E8;
31605 : C4;
31606 : A0;
31607 : A0;
31608 : C4;
31609 : E8;
31610 : EC;
31611 : EC;
31612 : E8;
31613 : E8;
31614 : E8;
31615 : EC;
31616 : EC;
31617 : EC;
31618 : E8;
31619 : E8;
31620 : C4;
31621 : A4;
31622 : A0;
31623 : A0;
31624 : C4;
31625 : C4;
31626 : A0;
31627 : 80;
31628 : 80;
31629 : 80;
31630 : 80;
31631 : A0;
31632 : A4;
31633 : C4;
31634 : C4;
31635 : C4;
31636 : C4;
31637 : C8;
31638 : EC;
31639 : F0;
31640 : F4;
31641 : F0;
31642 : F0;
31643 : EC;
31644 : F0;
31645 : F0;
31646 : F4;
31647 : F4;
31648 : F4;
31649 : F4;
31650 : F4;
31651 : F4;
31652 : F4;
31653 : F0;
31654 : F0;
31655 : F4;
31656 : F4;
31657 : F0;
31658 : EC;
31659 : EC;
31660 : EC;
31661 : EC;
31662 : F0;
31663 : F0;
31664 : EC;
31665 : C4;
31666 : A0;
31667 : A0;
31668 : A4;
31669 : C4;
31670 : A0;
31671 : A0;
31672 : A0;
31673 : A0;
31674 : A4;
31675 : C4;
31676 : E8;
31677 : C4;
31678 : C4;
31679 : C4;
31680 : C4;
31681 : C4;
31682 : C4;
31683 : C4;
31684 : A0;
31685 : A0;
31686 : A0;
31687 : A4;
31688 : A4;
31689 : A0;
31690 : 80;
31691 : 60;
31692 : 60;
31693 : 60;
31694 : 80;
31695 : 80;
31696 : A0;
31697 : C4;
31698 : E8;
31699 : EC;
31700 : EC;
31701 : E8;
31702 : EC;
31703 : EC;
31704 : E8;
31705 : E8;
31706 : E8;
31707 : E8;
31708 : E8;
31709 : EC;
31710 : EC;
31711 : F0;
31712 : F0;
31713 : F0;
31714 : F0;
31715 : F0;
31716 : F4;
31717 : F4;
31718 : F4;
31719 : F4;
31720 : F4;
31721 : F4;
31722 : F4;
31723 : F4;
31724 : F4;
31725 : F0;
31726 : F0;
31727 : EC;
31728 : F0;
31729 : F4;
31730 : F4;
31731 : EC;
31732 : C8;
31733 : C4;
31734 : E8;
31735 : E8;
31736 : E8;
31737 : C4;
31738 : C4;
31739 : C4;
31740 : C4;
31741 : C4;
31742 : E8;
31743 : C4;
31744 : A4;
31745 : 80;
31746 : 80;
31747 : 80;
31748 : 80;
31749 : C4;
31750 : E8;
31751 : E8;
31752 : EC;
31753 : EC;
31754 : EC;
31755 : E8;
31756 : E8;
31757 : E8;
31758 : C4;
31759 : C4;
31760 : E8;
31761 : EC;
31762 : F0;
31763 : F0;
31764 : EC;
31765 : F0;
31766 : F0;
31767 : F0;
31768 : EC;
31769 : EC;
31770 : EC;
31771 : F0;
31772 : F0;
31773 : F4;
31774 : F4;
31775 : F4;
31776 : F0;
31777 : F4;
31778 : F4;
31779 : F4;
31780 : F4;
31781 : F0;
31782 : F4;
31783 : F4;
31784 : F4;
31785 : EC;
31786 : E8;
31787 : E8;
31788 : E8;
31789 : E8;
31790 : EC;
31791 : E8;
31792 : C4;
31793 : A0;
31794 : A0;
31795 : 80;
31796 : 80;
31797 : 80;
31798 : 80;
31799 : A0;
31800 : A4;
31801 : A4;
31802 : 80;
31803 : 80;
31804 : A4;
31805 : C4;
31806 : C8;
31807 : C8;
31808 : C4;
31809 : C4;
31810 : C4;
31811 : C8;
31812 : EC;
31813 : F0;
31814 : F4;
31815 : F0;
31816 : F0;
31817 : F0;
31818 : F0;
31819 : F0;
31820 : F0;
31821 : F4;
31822 : F4;
31823 : F0;
31824 : F0;
31825 : F0;
31826 : F0;
31827 : F0;
31828 : F0;
31829 : F0;
31830 : F0;
31831 : F0;
31832 : EC;
31833 : E8;
31834 : C4;
31835 : C4;
31836 : C4;
31837 : C4;
31838 : C4;
31839 : A4;
31840 : A4;
31841 : C4;
31842 : C4;
31843 : C4;
31844 : E8;
31845 : C4;
31846 : A0;
31847 : A4;
31848 : C4;
31849 : E8;
31850 : EC;
31851 : EC;
31852 : EC;
31853 : EC;
31854 : EC;
31855 : EC;
31856 : EC;
31857 : EC;
31858 : E8;
31859 : C4;
31860 : C4;
31861 : C4;
31862 : C4;
31863 : C4;
31864 : C4;
31865 : C4;
31866 : A0;
31867 : 80;
31868 : A0;
31869 : A0;
31870 : A0;
31871 : C4;
31872 : C4;
31873 : C4;
31874 : C4;
31875 : C4;
31876 : C4;
31877 : E8;
31878 : F0;
31879 : F4;
31880 : F4;
31881 : F0;
31882 : F0;
31883 : EC;
31884 : EC;
31885 : F0;
31886 : F4;
31887 : F4;
31888 : F4;
31889 : F4;
31890 : F4;
31891 : F4;
31892 : F4;
31893 : F0;
31894 : F0;
31895 : F0;
31896 : F4;
31897 : F4;
31898 : F0;
31899 : F0;
31900 : F0;
31901 : F0;
31902 : F4;
31903 : F0;
31904 : E8;
31905 : A4;
31906 : A0;
31907 : A0;
31908 : C4;
31909 : C4;
31910 : A4;
31911 : A0;
31912 : 80;
31913 : A0;
31914 : C4;
31915 : C4;
31916 : E8;
31917 : C4;
31918 : C4;
31919 : C4;
31920 : C4;
31921 : C4;
31922 : A4;
31923 : A4;
31924 : A0;
31925 : A0;
31926 : A0;
31927 : C4;
31928 : C4;
31929 : A0;
31930 : 80;
31931 : 80;
31932 : 80;
31933 : 60;
31934 : 80;
31935 : A0;
31936 : C4;
31937 : E8;
31938 : EC;
31939 : EC;
31940 : E8;
31941 : E8;
31942 : E8;
31943 : EC;
31944 : EC;
31945 : E8;
31946 : E8;
31947 : E8;
31948 : E8;
31949 : EC;
31950 : F0;
31951 : F0;
31952 : F0;
31953 : F0;
31954 : F0;
31955 : F0;
31956 : F4;
31957 : F4;
31958 : F4;
31959 : F4;
31960 : F4;
31961 : F4;
31962 : F4;
31963 : F4;
31964 : F4;
31965 : F4;
31966 : F0;
31967 : F0;
31968 : F4;
31969 : F4;
31970 : F0;
31971 : EC;
31972 : C8;
31973 : C4;
31974 : E8;
31975 : EC;
31976 : E8;
31977 : E8;
31978 : C4;
31979 : C4;
31980 : C4;
31981 : E8;
31982 : E8;
31983 : C4;
31984 : A0;
31985 : 80;
31986 : 80;
31987 : 80;
31988 : 80;
31989 : C4;
31990 : C4;
31991 : E8;
31992 : EC;
31993 : EC;
31994 : F0;
31995 : EC;
31996 : E8;
31997 : E8;
31998 : E8;
31999 : E8;
32000 : EC;
32001 : F0;
32002 : F0;
32003 : F0;
32004 : F0;
32005 : F0;
32006 : F0;
32007 : EC;
32008 : EC;
32009 : EC;
32010 : EC;
32011 : F0;
32012 : F0;
32013 : F4;
32014 : F4;
32015 : F4;
32016 : F4;
32017 : F4;
32018 : F4;
32019 : F4;
32020 : F0;
32021 : F0;
32022 : F0;
32023 : F4;
32024 : F4;
32025 : F0;
32026 : E8;
32027 : E8;
32028 : E8;
32029 : E8;
32030 : EC;
32031 : EC;
32032 : C8;
32033 : C4;
32034 : A0;
32035 : 80;
32036 : 80;
32037 : 80;
32038 : 80;
32039 : A0;
32040 : C4;
32041 : A0;
32042 : A0;
32043 : A0;
32044 : C4;
32045 : E8;
32046 : E8;
32047 : C4;
32048 : C4;
32049 : C4;
32050 : C4;
32051 : C8;
32052 : EC;
32053 : F0;
32054 : F4;
32055 : F0;
32056 : F0;
32057 : F0;
32058 : F0;
32059 : F0;
32060 : F0;
32061 : F4;
32062 : F4;
32063 : F4;
32064 : F0;
32065 : F0;
32066 : F0;
32067 : F0;
32068 : F0;
32069 : F0;
32070 : F0;
32071 : F0;
32072 : EC;
32073 : EC;
32074 : E8;
32075 : C4;
32076 : E8;
32077 : E8;
32078 : C4;
32079 : C4;
32080 : C4;
32081 : C4;
32082 : C4;
32083 : C4;
32084 : E8;
32085 : C4;
32086 : A4;
32087 : C4;
32088 : C8;
32089 : EC;
32090 : EC;
32091 : EC;
32092 : EC;
32093 : EC;
32094 : EC;
32095 : EC;
32096 : EC;
32097 : EC;
32098 : E8;
32099 : C4;
32100 : C4;
32101 : C4;
32102 : C4;
32103 : C4;
32104 : C4;
32105 : C4;
32106 : A0;
32107 : A0;
32108 : A0;
32109 : A0;
32110 : C4;
32111 : C8;
32112 : C8;
32113 : C4;
32114 : C4;
32115 : C4;
32116 : E8;
32117 : EC;
32118 : F0;
32119 : F4;
32120 : F4;
32121 : F4;
32122 : F0;
32123 : F0;
32124 : F0;
32125 : F0;
32126 : F4;
32127 : F4;
32128 : F4;
32129 : F4;
32130 : F4;
32131 : F4;
32132 : F4;
32133 : F0;
32134 : EC;
32135 : F0;
32136 : F0;
32137 : F4;
32138 : F4;
32139 : F4;
32140 : F4;
32141 : F4;
32142 : F4;
32143 : F0;
32144 : E8;
32145 : A0;
32146 : A0;
32147 : A4;
32148 : C4;
32149 : C4;
32150 : A4;
32151 : A0;
32152 : 80;
32153 : A0;
32154 : C4;
32155 : C8;
32156 : E8;
32157 : C4;
32158 : C4;
32159 : C4;
32160 : E8;
32161 : C4;
32162 : C4;
32163 : A4;
32164 : A0;
32165 : A4;
32166 : A4;
32167 : C4;
32168 : A4;
32169 : A0;
32170 : 80;
32171 : 80;
32172 : 80;
32173 : 80;
32174 : A0;
32175 : C4;
32176 : E8;
32177 : E8;
32178 : EC;
32179 : E8;
32180 : E8;
32181 : E8;
32182 : E8;
32183 : EC;
32184 : EC;
32185 : EC;
32186 : E8;
32187 : E8;
32188 : EC;
32189 : EC;
32190 : F0;
32191 : F0;
32192 : F0;
32193 : F0;
32194 : F0;
32195 : F0;
32196 : F0;
32197 : F4;
32198 : F8;
32199 : F4;
32200 : F4;
32201 : F4;
32202 : F4;
32203 : F4;
32204 : F4;
32205 : F4;
32206 : F4;
32207 : F0;
32208 : F4;
32209 : F0;
32210 : F0;
32211 : EC;
32212 : C8;
32213 : C4;
32214 : E8;
32215 : E8;
32216 : EC;
32217 : E8;
32218 : C4;
32219 : C4;
32220 : C4;
32221 : E8;
32222 : C8;
32223 : A0;
32224 : 80;
32225 : 80;
32226 : 80;
32227 : 80;
32228 : 80;
32229 : A4;
32230 : C4;
32231 : E8;
32232 : E8;
32233 : EC;
32234 : F0;
32235 : EC;
32236 : EC;
32237 : E8;
32238 : E8;
32239 : E8;
32240 : EC;
32241 : F0;
32242 : F0;
32243 : F0;
32244 : F0;
32245 : F0;
32246 : EC;
32247 : EC;
32248 : EC;
32249 : EC;
32250 : F0;
32251 : F0;
32252 : F0;
32253 : F4;
32254 : F4;
32255 : F4;
32256 : F4;
32257 : F4;
32258 : F4;
32259 : F4;
32260 : F0;
32261 : F0;
32262 : F0;
32263 : F4;
32264 : F4;
32265 : F0;
32266 : EC;
32267 : E8;
32268 : E8;
32269 : E8;
32270 : EC;
32271 : EC;
32272 : E8;
32273 : C4;
32274 : A0;
32275 : A0;
32276 : 80;
32277 : 80;
32278 : A0;
32279 : A4;
32280 : C4;
32281 : A4;
32282 : A0;
32283 : A4;
32284 : C8;
32285 : E8;
32286 : C8;
32287 : C4;
32288 : C4;
32289 : C4;
32290 : C4;
32291 : C8;
32292 : EC;
32293 : F0;
32294 : F4;
32295 : F4;
32296 : F0;
32297 : F0;
32298 : F0;
32299 : F0;
32300 : F0;
32301 : F0;
32302 : F4;
32303 : F4;
32304 : F0;
32305 : F0;
32306 : F0;
32307 : F0;
32308 : F0;
32309 : F4;
32310 : F4;
32311 : F0;
32312 : EC;
32313 : EC;
32314 : EC;
32315 : E8;
32316 : E8;
32317 : E8;
32318 : E8;
32319 : C4;
32320 : C4;
32321 : C4;
32322 : C4;
32323 : C4;
32324 : C4;
32325 : A4;
32326 : A4;
32327 : C4;
32328 : E8;
32329 : EC;
32330 : F0;
32331 : EC;
32332 : EC;
32333 : EC;
32334 : EC;
32335 : EC;
32336 : EC;
32337 : EC;
32338 : E8;
32339 : C8;
32340 : C4;
32341 : C4;
32342 : C8;
32343 : E8;
32344 : E8;
32345 : C4;
32346 : A0;
32347 : A0;
32348 : A0;
32349 : A0;
32350 : C4;
32351 : E8;
32352 : E8;
32353 : C8;
32354 : C4;
32355 : C4;
32356 : E8;
32357 : EC;
32358 : F0;
32359 : F4;
32360 : F4;
32361 : F4;
32362 : F0;
32363 : F0;
32364 : F4;
32365 : F4;
32366 : F4;
32367 : F4;
32368 : F4;
32369 : F4;
32370 : F4;
32371 : F4;
32372 : F4;
32373 : F0;
32374 : EC;
32375 : EC;
32376 : F0;
32377 : F0;
32378 : F4;
32379 : F4;
32380 : F4;
32381 : F4;
32382 : F4;
32383 : EC;
32384 : C8;
32385 : A0;
32386 : A0;
32387 : C4;
32388 : E8;
32389 : C4;
32390 : A0;
32391 : 80;
32392 : 80;
32393 : A0;
32394 : C4;
32395 : E8;
32396 : E8;
32397 : C4;
32398 : C4;
32399 : C4;
32400 : E8;
32401 : C4;
32402 : C4;
32403 : A4;
32404 : A0;
32405 : A4;
32406 : A4;
32407 : C4;
32408 : C4;
32409 : A4;
32410 : A0;
32411 : 80;
32412 : 80;
32413 : 80;
32414 : C4;
32415 : E8;
32416 : E8;
32417 : E8;
32418 : EC;
32419 : E8;
32420 : E8;
32421 : E8;
32422 : E8;
32423 : E8;
32424 : EC;
32425 : EC;
32426 : EC;
32427 : EC;
32428 : EC;
32429 : EC;
32430 : F0;
32431 : F0;
32432 : F4;
32433 : F0;
32434 : F0;
32435 : F0;
32436 : F0;
32437 : F4;
32438 : F8;
32439 : F4;
32440 : F4;
32441 : F4;
32442 : F4;
32443 : F4;
32444 : F4;
32445 : F4;
32446 : F4;
32447 : F4;
32448 : F0;
32449 : F0;
32450 : EC;
32451 : EC;
32452 : C8;
32453 : C4;
32454 : C4;
32455 : E8;
32456 : EC;
32457 : E8;
32458 : C8;
32459 : C4;
32460 : E8;
32461 : E8;
32462 : C4;
32463 : 80;
32464 : 80;
32465 : 80;
32466 : A0;
32467 : A0;
32468 : A0;
32469 : A0;
32470 : C4;
32471 : E8;
32472 : E8;
32473 : E8;
32474 : EC;
32475 : F0;
32476 : EC;
32477 : E8;
32478 : E8;
32479 : E8;
32480 : EC;
32481 : F0;
32482 : F0;
32483 : F4;
32484 : F0;
32485 : F0;
32486 : EC;
32487 : EC;
32488 : EC;
32489 : EC;
32490 : F0;
32491 : F0;
32492 : F0;
32493 : F4;
32494 : F4;
32495 : F4;
32496 : F4;
32497 : F4;
32498 : F4;
32499 : F0;
32500 : F0;
32501 : F0;
32502 : F0;
32503 : F0;
32504 : F4;
32505 : F0;
32506 : EC;
32507 : EC;
32508 : E8;
32509 : E8;
32510 : EC;
32511 : EC;
32512 : EC;
32513 : E8;
32514 : A4;
32515 : A0;
32516 : A0;
32517 : A0;
32518 : A0;
32519 : C4;
32520 : C4;
32521 : A4;
32522 : A0;
32523 : C4;
32524 : E8;
32525 : E8;
32526 : C4;
32527 : C4;
32528 : C4;
32529 : C4;
32530 : C4;
32531 : E8;
32532 : EC;
32533 : F0;
32534 : F0;
32535 : F4;
32536 : F4;
32537 : F0;
32538 : F0;
32539 : F0;
32540 : F0;
32541 : F0;
32542 : F4;
32543 : F4;
32544 : F4;
32545 : F0;
32546 : F0;
32547 : EC;
32548 : F0;
32549 : F0;
32550 : F4;
32551 : F0;
32552 : EC;
32553 : EC;
32554 : EC;
32555 : E8;
32556 : E8;
32557 : E8;
32558 : E8;
32559 : E8;
32560 : C4;
32561 : C4;
32562 : C4;
32563 : C4;
32564 : C4;
32565 : A4;
32566 : A4;
32567 : C4;
32568 : E8;
32569 : EC;
32570 : F0;
32571 : EC;
32572 : EC;
32573 : EC;
32574 : EC;
32575 : EC;
32576 : EC;
32577 : EC;
32578 : EC;
32579 : E8;
32580 : C4;
32581 : C4;
32582 : C4;
32583 : E8;
32584 : E8;
32585 : C8;
32586 : A4;
32587 : A0;
32588 : A0;
32589 : A0;
32590 : C4;
32591 : E8;
32592 : E8;
32593 : E8;
32594 : C4;
32595 : C4;
32596 : E8;
32597 : E8;
32598 : EC;
32599 : F0;
32600 : F4;
32601 : F4;
32602 : F4;
32603 : F4;
32604 : F4;
32605 : F4;
32606 : F4;
32607 : F0;
32608 : F4;
32609 : F4;
32610 : F4;
32611 : F4;
32612 : F4;
32613 : F0;
32614 : EC;
32615 : EC;
32616 : F0;
32617 : F0;
32618 : F4;
32619 : F4;
32620 : F4;
32621 : F4;
32622 : F0;
32623 : EC;
32624 : C4;
32625 : A0;
32626 : C4;
32627 : E8;
32628 : E8;
32629 : C4;
32630 : A0;
32631 : A0;
32632 : A0;
32633 : C4;
32634 : C4;
32635 : E8;
32636 : E8;
32637 : E8;
32638 : C4;
32639 : C4;
32640 : E8;
32641 : E8;
32642 : C4;
32643 : A4;
32644 : A0;
32645 : A4;
32646 : C4;
32647 : C4;
32648 : C4;
32649 : C4;
32650 : A4;
32651 : A0;
32652 : 80;
32653 : A0;
32654 : C4;
32655 : E8;
32656 : E8;
32657 : E8;
32658 : EC;
32659 : EC;
32660 : E8;
32661 : E8;
32662 : E8;
32663 : EC;
32664 : EC;
32665 : EC;
32666 : EC;
32667 : EC;
32668 : EC;
32669 : F0;
32670 : F0;
32671 : F4;
32672 : F4;
32673 : F0;
32674 : F0;
32675 : F0;
32676 : F0;
32677 : F4;
32678 : F8;
32679 : F8;
32680 : F4;
32681 : F4;
32682 : F4;
32683 : F4;
32684 : F4;
32685 : F4;
32686 : F4;
32687 : F4;
32688 : EC;
32689 : EC;
32690 : EC;
32691 : EC;
32692 : C8;
32693 : C4;
32694 : C4;
32695 : C8;
32696 : E8;
32697 : E8;
32698 : C8;
32699 : C4;
32700 : E8;
32701 : C8;
32702 : A0;
32703 : 80;
32704 : 80;
32705 : A0;
32706 : A0;
32707 : A0;
32708 : C4;
32709 : C4;
32710 : C4;
32711 : C8;
32712 : E8;
32713 : E8;
32714 : E8;
32715 : EC;
32716 : F0;
32717 : EC;
32718 : EC;
32719 : E8;
32720 : EC;
32721 : EC;
32722 : F0;
32723 : F4;
32724 : F0;
32725 : F0;
32726 : EC;
32727 : EC;
32728 : EC;
32729 : EC;
32730 : F0;
32731 : F0;
32732 : F0;
32733 : F4;
32734 : F4;
32735 : F4;
32736 : F4;
32737 : F4;
32738 : F4;
32739 : F0;
32740 : F0;
32741 : F0;
32742 : F0;
32743 : F0;
32744 : F4;
32745 : F0;
32746 : F0;
32747 : EC;
32748 : E8;
32749 : E8;
32750 : E8;
32751 : EC;
32752 : EC;
32753 : EC;
32754 : C4;
32755 : A4;
32756 : A0;
32757 : A0;
32758 : A4;
32759 : C4;
32760 : C4;
32761 : A4;
32762 : A4;
32763 : E8;
32764 : EC;
32765 : E8;
32766 : C8;
32767 : C4;
32768 : C4;
32769 : C4;
32770 : E8;
32771 : E8;
32772 : EC;
32773 : F0;
32774 : F0;
32775 : F4;
32776 : F4;
32777 : F0;
32778 : F0;
32779 : F0;
32780 : F0;
32781 : F0;
32782 : F4;
32783 : F4;
32784 : F4;
32785 : F0;
32786 : F0;
32787 : F0;
32788 : F0;
32789 : F0;
32790 : F0;
32791 : F0;
32792 : EC;
32793 : EC;
32794 : EC;
32795 : EC;
32796 : E8;
32797 : E8;
32798 : E8;
32799 : C8;
32800 : C4;
32801 : C4;
32802 : C4;
32803 : C4;
32804 : C4;
32805 : A4;
32806 : C4;
32807 : C4;
32808 : C4;
32809 : EC;
32810 : F0;
32811 : EC;
32812 : EC;
32813 : EC;
32814 : EC;
32815 : EC;
32816 : EC;
32817 : EC;
32818 : EC;
32819 : E8;
32820 : C4;
32821 : C4;
32822 : C4;
32823 : E8;
32824 : E8;
32825 : C8;
32826 : A4;
32827 : A0;
32828 : A0;
32829 : A0;
32830 : C4;
32831 : E8;
32832 : EC;
32833 : E8;
32834 : C8;
32835 : C4;
32836 : C8;
32837 : E8;
32838 : EC;
32839 : F0;
32840 : F4;
32841 : F4;
32842 : F4;
32843 : F4;
32844 : F4;
32845 : F4;
32846 : F0;
32847 : F0;
32848 : F4;
32849 : F4;
32850 : F4;
32851 : F4;
32852 : F4;
32853 : F0;
32854 : EC;
32855 : EC;
32856 : EC;
32857 : F0;
32858 : F0;
32859 : F4;
32860 : F4;
32861 : F4;
32862 : F0;
32863 : E8;
32864 : C4;
32865 : C4;
32866 : C8;
32867 : E8;
32868 : C4;
32869 : C4;
32870 : A0;
32871 : A0;
32872 : A4;
32873 : C4;
32874 : C4;
32875 : E8;
32876 : E8;
32877 : E8;
32878 : E8;
32879 : C4;
32880 : E8;
32881 : E8;
32882 : C4;
32883 : A4;
32884 : A4;
32885 : C4;
32886 : C4;
32887 : A4;
32888 : A4;
32889 : C4;
32890 : C4;
32891 : A4;
32892 : 80;
32893 : A0;
32894 : C4;
32895 : E8;
32896 : E8;
32897 : EC;
32898 : EC;
32899 : EC;
32900 : EC;
32901 : EC;
32902 : EC;
32903 : EC;
32904 : EC;
32905 : EC;
32906 : EC;
32907 : EC;
32908 : EC;
32909 : F0;
32910 : F0;
32911 : F4;
32912 : F4;
32913 : F0;
32914 : F0;
32915 : F0;
32916 : F0;
32917 : F4;
32918 : F8;
32919 : F8;
32920 : F8;
32921 : F4;
32922 : F4;
32923 : F4;
32924 : F4;
32925 : F8;
32926 : F4;
32927 : F0;
32928 : EC;
32929 : EC;
32930 : EC;
32931 : EC;
32932 : C8;
32933 : C4;
32934 : C4;
32935 : C4;
32936 : E8;
32937 : E8;
32938 : E8;
32939 : E8;
32940 : E8;
32941 : C4;
32942 : A0;
32943 : A0;
32944 : A0;
32945 : A0;
32946 : A0;
32947 : C4;
32948 : C4;
32949 : C4;
32950 : C4;
32951 : E8;
32952 : E8;
32953 : C4;
32954 : C4;
32955 : EC;
32956 : F0;
32957 : EC;
32958 : EC;
32959 : EC;
32960 : E8;
32961 : E8;
32962 : EC;
32963 : F0;
32964 : F4;
32965 : F0;
32966 : EC;
32967 : EC;
32968 : EC;
32969 : F0;
32970 : F0;
32971 : F0;
32972 : F4;
32973 : F4;
32974 : F8;
32975 : F4;
32976 : F4;
32977 : F4;
32978 : F4;
32979 : F0;
32980 : F0;
32981 : F0;
32982 : F0;
32983 : F0;
32984 : F0;
32985 : F0;
32986 : F0;
32987 : EC;
32988 : E8;
32989 : E8;
32990 : EC;
32991 : EC;
32992 : EC;
32993 : E8;
32994 : E8;
32995 : C4;
32996 : A0;
32997 : A0;
32998 : A4;
32999 : C4;
33000 : C4;
33001 : C4;
33002 : C4;
33003 : E8;
33004 : EC;
33005 : EC;
33006 : E8;
33007 : C8;
33008 : C4;
33009 : C4;
33010 : E8;
33011 : E8;
33012 : EC;
33013 : EC;
33014 : F0;
33015 : F4;
33016 : F4;
33017 : F4;
33018 : F0;
33019 : F0;
33020 : F0;
33021 : F0;
33022 : F4;
33023 : F4;
33024 : F4;
33025 : F0;
33026 : F0;
33027 : F0;
33028 : F0;
33029 : F0;
33030 : F0;
33031 : F0;
33032 : EC;
33033 : EC;
33034 : EC;
33035 : EC;
33036 : EC;
33037 : E8;
33038 : E8;
33039 : C4;
33040 : C4;
33041 : C4;
33042 : E8;
33043 : C4;
33044 : C4;
33045 : C4;
33046 : C4;
33047 : C4;
33048 : C4;
33049 : E8;
33050 : EC;
33051 : F0;
33052 : F0;
33053 : EC;
33054 : EC;
33055 : EC;
33056 : EC;
33057 : EC;
33058 : EC;
33059 : EC;
33060 : C4;
33061 : C4;
33062 : C4;
33063 : E8;
33064 : E8;
33065 : C4;
33066 : A4;
33067 : A0;
33068 : A0;
33069 : A0;
33070 : A4;
33071 : C4;
33072 : EC;
33073 : EC;
33074 : E8;
33075 : C8;
33076 : C8;
33077 : E8;
33078 : EC;
33079 : F0;
33080 : F4;
33081 : F0;
33082 : F4;
33083 : F4;
33084 : F4;
33085 : F4;
33086 : F0;
33087 : F0;
33088 : F4;
33089 : F4;
33090 : F4;
33091 : F4;
33092 : F4;
33093 : F0;
33094 : EC;
33095 : EC;
33096 : EC;
33097 : F0;
33098 : F0;
33099 : F4;
33100 : F4;
33101 : F4;
33102 : F0;
33103 : E8;
33104 : C4;
33105 : C4;
33106 : E8;
33107 : EC;
33108 : C4;
33109 : A4;
33110 : A0;
33111 : A4;
33112 : C4;
33113 : C4;
33114 : C4;
33115 : C8;
33116 : C8;
33117 : E8;
33118 : E8;
33119 : C8;
33120 : E8;
33121 : E8;
33122 : C4;
33123 : A4;
33124 : A4;
33125 : C4;
33126 : C4;
33127 : C4;
33128 : A4;
33129 : C4;
33130 : C4;
33131 : C4;
33132 : A0;
33133 : A0;
33134 : C4;
33135 : C8;
33136 : E8;
33137 : EC;
33138 : EC;
33139 : EC;
33140 : EC;
33141 : EC;
33142 : EC;
33143 : EC;
33144 : EC;
33145 : EC;
33146 : EC;
33147 : EC;
33148 : EC;
33149 : F0;
33150 : F0;
33151 : F0;
33152 : F4;
33153 : F4;
33154 : F0;
33155 : F0;
33156 : F4;
33157 : F4;
33158 : F8;
33159 : F8;
33160 : F8;
33161 : F8;
33162 : F4;
33163 : F4;
33164 : F4;
33165 : F4;
33166 : F4;
33167 : F0;
33168 : EC;
33169 : EC;
33170 : EC;
33171 : EC;
33172 : C8;
33173 : C4;
33174 : C4;
33175 : C4;
33176 : E8;
33177 : E8;
33178 : E8;
33179 : E8;
33180 : E8;
33181 : C4;
33182 : A0;
33183 : A0;
33184 : A0;
33185 : A4;
33186 : C4;
33187 : C4;
33188 : C4;
33189 : C8;
33190 : E8;
33191 : E8;
33192 : E8;
33193 : C4;
33194 : C4;
33195 : E8;
33196 : EC;
33197 : F0;
33198 : EC;
33199 : EC;
33200 : E8;
33201 : E8;
33202 : E8;
33203 : F0;
33204 : F4;
33205 : F0;
33206 : EC;
33207 : EC;
33208 : F0;
33209 : F0;
33210 : F0;
33211 : F0;
33212 : F4;
33213 : F4;
33214 : F8;
33215 : F8;
33216 : F8;
33217 : F4;
33218 : F0;
33219 : F0;
33220 : F0;
33221 : F0;
33222 : F4;
33223 : F0;
33224 : F0;
33225 : F0;
33226 : F0;
33227 : F0;
33228 : EC;
33229 : EC;
33230 : EC;
33231 : EC;
33232 : E8;
33233 : E8;
33234 : EC;
33235 : C8;
33236 : A4;
33237 : A0;
33238 : A0;
33239 : C4;
33240 : C4;
33241 : C4;
33242 : C4;
33243 : E8;
33244 : EC;
33245 : EC;
33246 : EC;
33247 : E8;
33248 : E8;
33249 : C4;
33250 : C8;
33251 : EC;
33252 : F0;
33253 : F0;
33254 : F0;
33255 : F4;
33256 : F4;
33257 : F4;
33258 : F4;
33259 : F0;
33260 : F0;
33261 : F0;
33262 : F4;
33263 : F4;
33264 : F4;
33265 : F0;
33266 : F0;
33267 : F0;
33268 : F0;
33269 : EC;
33270 : EC;
33271 : EC;
33272 : EC;
33273 : F0;
33274 : F0;
33275 : EC;
33276 : EC;
33277 : E8;
33278 : E8;
33279 : C4;
33280 : C4;
33281 : C8;
33282 : E8;
33283 : C4;
33284 : C4;
33285 : C4;
33286 : C4;
33287 : C4;
33288 : C4;
33289 : C8;
33290 : EC;
33291 : F0;
33292 : F0;
33293 : F0;
33294 : EC;
33295 : EC;
33296 : EC;
33297 : EC;
33298 : EC;
33299 : EC;
33300 : E8;
33301 : C4;
33302 : C4;
33303 : E8;
33304 : C4;
33305 : C4;
33306 : C4;
33307 : C4;
33308 : A4;
33309 : A4;
33310 : A0;
33311 : C4;
33312 : EC;
33313 : EC;
33314 : E8;
33315 : E8;
33316 : E8;
33317 : E8;
33318 : EC;
33319 : F0;
33320 : F4;
33321 : F0;
33322 : F4;
33323 : F4;
33324 : F4;
33325 : F4;
33326 : F0;
33327 : F0;
33328 : F4;
33329 : F4;
33330 : F4;
33331 : F4;
33332 : F4;
33333 : F0;
33334 : EC;
33335 : EC;
33336 : EC;
33337 : F0;
33338 : F0;
33339 : F4;
33340 : F4;
33341 : F4;
33342 : F0;
33343 : EC;
33344 : C4;
33345 : C4;
33346 : E8;
33347 : EC;
33348 : C4;
33349 : C4;
33350 : C4;
33351 : A4;
33352 : C4;
33353 : C4;
33354 : C4;
33355 : C4;
33356 : C8;
33357 : E8;
33358 : E8;
33359 : E8;
33360 : E8;
33361 : E8;
33362 : C4;
33363 : A4;
33364 : A4;
33365 : C4;
33366 : C4;
33367 : C4;
33368 : A4;
33369 : C8;
33370 : E8;
33371 : C8;
33372 : A4;
33373 : A0;
33374 : A4;
33375 : C4;
33376 : E8;
33377 : EC;
33378 : EC;
33379 : F0;
33380 : F0;
33381 : F0;
33382 : F0;
33383 : EC;
33384 : EC;
33385 : EC;
33386 : EC;
33387 : EC;
33388 : F0;
33389 : F0;
33390 : F0;
33391 : F0;
33392 : F0;
33393 : F4;
33394 : F4;
33395 : F4;
33396 : F4;
33397 : F8;
33398 : F8;
33399 : F4;
33400 : F8;
33401 : F8;
33402 : F4;
33403 : F4;
33404 : F4;
33405 : F4;
33406 : F4;
33407 : F0;
33408 : EC;
33409 : EC;
33410 : EC;
33411 : EC;
33412 : E8;
33413 : C4;
33414 : C4;
33415 : E8;
33416 : E8;
33417 : E8;
33418 : EC;
33419 : EC;
33420 : C4;
33421 : C4;
33422 : A0;
33423 : A4;
33424 : C4;
33425 : C4;
33426 : C4;
33427 : C8;
33428 : E8;
33429 : E8;
33430 : E8;
33431 : C8;
33432 : E8;
33433 : E8;
33434 : E8;
33435 : E8;
33436 : EC;
33437 : F0;
33438 : EC;
33439 : EC;
33440 : E8;
33441 : E8;
33442 : E8;
33443 : EC;
33444 : F4;
33445 : F4;
33446 : F0;
33447 : F0;
33448 : F0;
33449 : F0;
33450 : F0;
33451 : F0;
33452 : F4;
33453 : F4;
33454 : F8;
33455 : F8;
33456 : F8;
33457 : F4;
33458 : F4;
33459 : F4;
33460 : F4;
33461 : F4;
33462 : F4;
33463 : F0;
33464 : EC;
33465 : EC;
33466 : F0;
33467 : F0;
33468 : EC;
33469 : EC;
33470 : EC;
33471 : EC;
33472 : E8;
33473 : E8;
33474 : EC;
33475 : E8;
33476 : C4;
33477 : A4;
33478 : A4;
33479 : C4;
33480 : C4;
33481 : C4;
33482 : C4;
33483 : E8;
33484 : EC;
33485 : F0;
33486 : EC;
33487 : EC;
33488 : EC;
33489 : C8;
33490 : E8;
33491 : E8;
33492 : F0;
33493 : F0;
33494 : F0;
33495 : F4;
33496 : F4;
33497 : F4;
33498 : F4;
33499 : F4;
33500 : F0;
33501 : F4;
33502 : F4;
33503 : F4;
33504 : F4;
33505 : F0;
33506 : F0;
33507 : F0;
33508 : F0;
33509 : F0;
33510 : F0;
33511 : F0;
33512 : EC;
33513 : F0;
33514 : F0;
33515 : EC;
33516 : EC;
33517 : E8;
33518 : C8;
33519 : C8;
33520 : E8;
33521 : E8;
33522 : E8;
33523 : C4;
33524 : C4;
33525 : C4;
33526 : C4;
33527 : C4;
33528 : C4;
33529 : C8;
33530 : EC;
33531 : F0;
33532 : F0;
33533 : F0;
33534 : EC;
33535 : EC;
33536 : EC;
33537 : EC;
33538 : EC;
33539 : EC;
33540 : E8;
33541 : E8;
33542 : C8;
33543 : C4;
33544 : C4;
33545 : C4;
33546 : C4;
33547 : C4;
33548 : C4;
33549 : A4;
33550 : A0;
33551 : C4;
33552 : E8;
33553 : EC;
33554 : EC;
33555 : E8;
33556 : E8;
33557 : E8;
33558 : EC;
33559 : F0;
33560 : F4;
33561 : F4;
33562 : F4;
33563 : F4;
33564 : F4;
33565 : F4;
33566 : F0;
33567 : F4;
33568 : F4;
33569 : F4;
33570 : F4;
33571 : F4;
33572 : F4;
33573 : F0;
33574 : EC;
33575 : EC;
33576 : F0;
33577 : F0;
33578 : F0;
33579 : F4;
33580 : F4;
33581 : F4;
33582 : F0;
33583 : EC;
33584 : E8;
33585 : C4;
33586 : E8;
33587 : EC;
33588 : E8;
33589 : C4;
33590 : C4;
33591 : C4;
33592 : C4;
33593 : C8;
33594 : C4;
33595 : C4;
33596 : C8;
33597 : E8;
33598 : E8;
33599 : E8;
33600 : E8;
33601 : C8;
33602 : C4;
33603 : A4;
33604 : A4;
33605 : C4;
33606 : C4;
33607 : C4;
33608 : C4;
33609 : E8;
33610 : E8;
33611 : E8;
33612 : A4;
33613 : A4;
33614 : C4;
33615 : A0;
33616 : C4;
33617 : E8;
33618 : EC;
33619 : F0;
33620 : F0;
33621 : F0;
33622 : F0;
33623 : F0;
33624 : F0;
33625 : EC;
33626 : EC;
33627 : EC;
33628 : F0;
33629 : F4;
33630 : F4;
33631 : F0;
33632 : F0;
33633 : F4;
33634 : F4;
33635 : F4;
33636 : F8;
33637 : F8;
33638 : F4;
33639 : F4;
33640 : F8;
33641 : F8;
33642 : F8;
33643 : F4;
33644 : F4;
33645 : F4;
33646 : F4;
33647 : F0;
33648 : F0;
33649 : F0;
33650 : EC;
33651 : E8;
33652 : E8;
33653 : E8;
33654 : E8;
33655 : E8;
33656 : E8;
33657 : EC;
33658 : EC;
33659 : EC;
33660 : C4;
33661 : A0;
33662 : A0;
33663 : A4;
33664 : C4;
33665 : C4;
33666 : C8;
33667 : E8;
33668 : E8;
33669 : E8;
33670 : E8;
33671 : E8;
33672 : E8;
33673 : E8;
33674 : E8;
33675 : EC;
33676 : F0;
33677 : F0;
33678 : EC;
33679 : EC;
33680 : E8;
33681 : E8;
33682 : E8;
33683 : EC;
33684 : F0;
33685 : F0;
33686 : F0;
33687 : F0;
33688 : F0;
33689 : F0;
33690 : F0;
33691 : F0;
33692 : F0;
33693 : F4;
33694 : F8;
33695 : F8;
33696 : F4;
33697 : F4;
33698 : F4;
33699 : F4;
33700 : F4;
33701 : F4;
33702 : F0;
33703 : EC;
33704 : EC;
33705 : EC;
33706 : F0;
33707 : F0;
33708 : EC;
33709 : F0;
33710 : F0;
33711 : EC;
33712 : E8;
33713 : E8;
33714 : EC;
33715 : E8;
33716 : C4;
33717 : A4;
33718 : A4;
33719 : C4;
33720 : C4;
33721 : C4;
33722 : C4;
33723 : C4;
33724 : E8;
33725 : F0;
33726 : F0;
33727 : F0;
33728 : EC;
33729 : E8;
33730 : E8;
33731 : E8;
33732 : F0;
33733 : F4;
33734 : F0;
33735 : F0;
33736 : F4;
33737 : F4;
33738 : F4;
33739 : F4;
33740 : F4;
33741 : F0;
33742 : F4;
33743 : F4;
33744 : F4;
33745 : F0;
33746 : F0;
33747 : F0;
33748 : F0;
33749 : F0;
33750 : F0;
33751 : F0;
33752 : EC;
33753 : F0;
33754 : F0;
33755 : EC;
33756 : E8;
33757 : E8;
33758 : C8;
33759 : E8;
33760 : E8;
33761 : E8;
33762 : E8;
33763 : E8;
33764 : E8;
33765 : C4;
33766 : C4;
33767 : C4;
33768 : C4;
33769 : E8;
33770 : EC;
33771 : EC;
33772 : F0;
33773 : F0;
33774 : F0;
33775 : EC;
33776 : EC;
33777 : F0;
33778 : EC;
33779 : EC;
33780 : E8;
33781 : E8;
33782 : E8;
33783 : C4;
33784 : C4;
33785 : C4;
33786 : C4;
33787 : C4;
33788 : C4;
33789 : C4;
33790 : C4;
33791 : C4;
33792 : EC;
33793 : EC;
33794 : EC;
33795 : E8;
33796 : E8;
33797 : E8;
33798 : EC;
33799 : F0;
33800 : F4;
33801 : F4;
33802 : F4;
33803 : F4;
33804 : F4;
33805 : F4;
33806 : F4;
33807 : F4;
33808 : F4;
33809 : F4;
33810 : F4;
33811 : F4;
33812 : F4;
33813 : F0;
33814 : F0;
33815 : F0;
33816 : F0;
33817 : F0;
33818 : F0;
33819 : F4;
33820 : F4;
33821 : F4;
33822 : F0;
33823 : EC;
33824 : E8;
33825 : C4;
33826 : E8;
33827 : EC;
33828 : EC;
33829 : E8;
33830 : C4;
33831 : C8;
33832 : E8;
33833 : C4;
33834 : C4;
33835 : C4;
33836 : E8;
33837 : EC;
33838 : E8;
33839 : C4;
33840 : E8;
33841 : C8;
33842 : C4;
33843 : C4;
33844 : C4;
33845 : C4;
33846 : C4;
33847 : C4;
33848 : C4;
33849 : EC;
33850 : EC;
33851 : E8;
33852 : C4;
33853 : A4;
33854 : C4;
33855 : C4;
33856 : C4;
33857 : C4;
33858 : EC;
33859 : EC;
33860 : F0;
33861 : F4;
33862 : F4;
33863 : F0;
33864 : F0;
33865 : EC;
33866 : EC;
33867 : EC;
33868 : F0;
33869 : F4;
33870 : F4;
33871 : F0;
33872 : F0;
33873 : F0;
33874 : F4;
33875 : F8;
33876 : F8;
33877 : F4;
33878 : F4;
33879 : F4;
33880 : F8;
33881 : F8;
33882 : F8;
33883 : F8;
33884 : F4;
33885 : F4;
33886 : F4;
33887 : F0;
33888 : F0;
33889 : F0;
33890 : EC;
33891 : E8;
33892 : E8;
33893 : E8;
33894 : E8;
33895 : E8;
33896 : EC;
33897 : EC;
33898 : EC;
33899 : EC;
33900 : C4;
33901 : A0;
33902 : A0;
33903 : A4;
33904 : C4;
33905 : C4;
33906 : E8;
33907 : E8;
33908 : E8;
33909 : E8;
33910 : E8;
33911 : E8;
33912 : E8;
33913 : E8;
33914 : E8;
33915 : EC;
33916 : F0;
33917 : F0;
33918 : EC;
33919 : EC;
33920 : EC;
33921 : E8;
33922 : EC;
33923 : F0;
33924 : F4;
33925 : F0;
33926 : F0;
33927 : F0;
33928 : F0;
33929 : F0;
33930 : F0;
33931 : F0;
33932 : F4;
33933 : F4;
33934 : F8;
33935 : F8;
33936 : F8;
33937 : F4;
33938 : F4;
33939 : F4;
33940 : F8;
33941 : F4;
33942 : F0;
33943 : EC;
33944 : EC;
33945 : EC;
33946 : EC;
33947 : F0;
33948 : F0;
33949 : F0;
33950 : F0;
33951 : E8;
33952 : E8;
33953 : E8;
33954 : EC;
33955 : E8;
33956 : C4;
33957 : A4;
33958 : A4;
33959 : C4;
33960 : C4;
33961 : C4;
33962 : C4;
33963 : C4;
33964 : C8;
33965 : EC;
33966 : F0;
33967 : F0;
33968 : EC;
33969 : EC;
33970 : E8;
33971 : E8;
33972 : F0;
33973 : F4;
33974 : F0;
33975 : F0;
33976 : F4;
33977 : F4;
33978 : F4;
33979 : F4;
33980 : F4;
33981 : F0;
33982 : F4;
33983 : F4;
33984 : F4;
33985 : F4;
33986 : F0;
33987 : F0;
33988 : F0;
33989 : F0;
33990 : F0;
33991 : F0;
33992 : EC;
33993 : F0;
33994 : F0;
33995 : EC;
33996 : E8;
33997 : E8;
33998 : E8;
33999 : E8;
34000 : E8;
34001 : E8;
34002 : E8;
34003 : E8;
34004 : E8;
34005 : E8;
34006 : C4;
34007 : C4;
34008 : E8;
34009 : E8;
34010 : EC;
34011 : EC;
34012 : F0;
34013 : F4;
34014 : F4;
34015 : F0;
34016 : EC;
34017 : F0;
34018 : EC;
34019 : EC;
34020 : EC;
34021 : E8;
34022 : C8;
34023 : C4;
34024 : C4;
34025 : C4;
34026 : C4;
34027 : C4;
34028 : C4;
34029 : C4;
34030 : C4;
34031 : C8;
34032 : EC;
34033 : F0;
34034 : EC;
34035 : EC;
34036 : E8;
34037 : EC;
34038 : F0;
34039 : F4;
34040 : F4;
34041 : F4;
34042 : F4;
34043 : F4;
34044 : F4;
34045 : F4;
34046 : F4;
34047 : F4;
34048 : F4;
34049 : F4;
34050 : F4;
34051 : F4;
34052 : F4;
34053 : F0;
34054 : F0;
34055 : F0;
34056 : F0;
34057 : F0;
34058 : F4;
34059 : F4;
34060 : F4;
34061 : F4;
34062 : F0;
34063 : F0;
34064 : EC;
34065 : C4;
34066 : C8;
34067 : E8;
34068 : EC;
34069 : EC;
34070 : E8;
34071 : E8;
34072 : E8;
34073 : C4;
34074 : C4;
34075 : E8;
34076 : EC;
34077 : EC;
34078 : C4;
34079 : A0;
34080 : E8;
34081 : C8;
34082 : C4;
34083 : C4;
34084 : C4;
34085 : C4;
34086 : C8;
34087 : E8;
34088 : E8;
34089 : EC;
34090 : EC;
34091 : E8;
34092 : C4;
34093 : C4;
34094 : C4;
34095 : C4;
34096 : A4;
34097 : C4;
34098 : E8;
34099 : EC;
34100 : F0;
34101 : F4;
34102 : F4;
34103 : F0;
34104 : F0;
34105 : F0;
34106 : F0;
34107 : F0;
34108 : F4;
34109 : F4;
34110 : F4;
34111 : F0;
34112 : F0;
34113 : F0;
34114 : F4;
34115 : F8;
34116 : F4;
34117 : F4;
34118 : F4;
34119 : F8;
34120 : F8;
34121 : F8;
34122 : F8;
34123 : F8;
34124 : F8;
34125 : F4;
34126 : F4;
34127 : F0;
34128 : F0;
34129 : EC;
34130 : EC;
34131 : E8;
34132 : E8;
34133 : EC;
34134 : EC;
34135 : E8;
34136 : EC;
34137 : F0;
34138 : F0;
34139 : E8;
34140 : C4;
34141 : A4;
34142 : C4;
34143 : C4;
34144 : C4;
34145 : C8;
34146 : E8;
34147 : EC;
34148 : EC;
34149 : E8;
34150 : E8;
34151 : EC;
34152 : EC;
34153 : E8;
34154 : E8;
34155 : F0;
34156 : F0;
34157 : F0;
34158 : EC;
34159 : EC;
34160 : EC;
34161 : EC;
34162 : EC;
34163 : F0;
34164 : F4;
34165 : F0;
34166 : F0;
34167 : F0;
34168 : F0;
34169 : F0;
34170 : F0;
34171 : F0;
34172 : F4;
34173 : F4;
34174 : F8;
34175 : F8;
34176 : F8;
34177 : F4;
34178 : F4;
34179 : F8;
34180 : F4;
34181 : F4;
34182 : F0;
34183 : EC;
34184 : EC;
34185 : EC;
34186 : EC;
34187 : F0;
34188 : F4;
34189 : F0;
34190 : F0;
34191 : E8;
34192 : E8;
34193 : E8;
34194 : EC;
34195 : E8;
34196 : C8;
34197 : A4;
34198 : A0;
34199 : C4;
34200 : C4;
34201 : C4;
34202 : C4;
34203 : C4;
34204 : E8;
34205 : EC;
34206 : F0;
34207 : F0;
34208 : EC;
34209 : EC;
34210 : E8;
34211 : E8;
34212 : F0;
34213 : F4;
34214 : F4;
34215 : F0;
34216 : F4;
34217 : F4;
34218 : F4;
34219 : F4;
34220 : F4;
34221 : F0;
34222 : F0;
34223 : F4;
34224 : F4;
34225 : F4;
34226 : F0;
34227 : F0;
34228 : F0;
34229 : F4;
34230 : F4;
34231 : F0;
34232 : EC;
34233 : F0;
34234 : F0;
34235 : F0;
34236 : EC;
34237 : E8;
34238 : E8;
34239 : E8;
34240 : E8;
34241 : E8;
34242 : EC;
34243 : EC;
34244 : EC;
34245 : E8;
34246 : E8;
34247 : C8;
34248 : E8;
34249 : EC;
34250 : EC;
34251 : EC;
34252 : F0;
34253 : F4;
34254 : F4;
34255 : F0;
34256 : F0;
34257 : F0;
34258 : EC;
34259 : EC;
34260 : EC;
34261 : EC;
34262 : C8;
34263 : C4;
34264 : C4;
34265 : C4;
34266 : C4;
34267 : C8;
34268 : E8;
34269 : E8;
34270 : E8;
34271 : E8;
34272 : F0;
34273 : F0;
34274 : EC;
34275 : EC;
34276 : EC;
34277 : F0;
34278 : F4;
34279 : F4;
34280 : F4;
34281 : F4;
34282 : F4;
34283 : F4;
34284 : F4;
34285 : F4;
34286 : F4;
34287 : F4;
34288 : F4;
34289 : F4;
34290 : F4;
34291 : F4;
34292 : F4;
34293 : F0;
34294 : F0;
34295 : F0;
34296 : F0;
34297 : F0;
34298 : F4;
34299 : F4;
34300 : F4;
34301 : F4;
34302 : F0;
34303 : F0;
34304 : EC;
34305 : E8;
34306 : C4;
34307 : C8;
34308 : EC;
34309 : EC;
34310 : EC;
34311 : EC;
34312 : E8;
34313 : C4;
34314 : C8;
34315 : EC;
34316 : EC;
34317 : E8;
34318 : C4;
34319 : A0;
34320 : EC;
34321 : E8;
34322 : C4;
34323 : C8;
34324 : E8;
34325 : E8;
34326 : C4;
34327 : C8;
34328 : E8;
34329 : E8;
34330 : E8;
34331 : E8;
34332 : C8;
34333 : C4;
34334 : A4;
34335 : C4;
34336 : C4;
34337 : C4;
34338 : E8;
34339 : EC;
34340 : EC;
34341 : F4;
34342 : F4;
34343 : F4;
34344 : F0;
34345 : F0;
34346 : F0;
34347 : F0;
34348 : F4;
34349 : F8;
34350 : F4;
34351 : F0;
34352 : F0;
34353 : F0;
34354 : F4;
34355 : F4;
34356 : F4;
34357 : F4;
34358 : F4;
34359 : F4;
34360 : F8;
34361 : F8;
34362 : F8;
34363 : F8;
34364 : F8;
34365 : F4;
34366 : F0;
34367 : F0;
34368 : F0;
34369 : EC;
34370 : EC;
34371 : EC;
34372 : EC;
34373 : EC;
34374 : EC;
34375 : EC;
34376 : EC;
34377 : F0;
34378 : EC;
34379 : E8;
34380 : C4;
34381 : A4;
34382 : C4;
34383 : A4;
34384 : C4;
34385 : C8;
34386 : E8;
34387 : E8;
34388 : EC;
34389 : EC;
34390 : EC;
34391 : EC;
34392 : EC;
34393 : EC;
34394 : EC;
34395 : F0;
34396 : F0;
34397 : F0;
34398 : EC;
34399 : EC;
34400 : EC;
34401 : EC;
34402 : F0;
34403 : F4;
34404 : F0;
34405 : F0;
34406 : F0;
34407 : F0;
34408 : F0;
34409 : F0;
34410 : F0;
34411 : F4;
34412 : F4;
34413 : F8;
34414 : F8;
34415 : F8;
34416 : F8;
34417 : F8;
34418 : F4;
34419 : F4;
34420 : F4;
34421 : F4;
34422 : F0;
34423 : EC;
34424 : EC;
34425 : EC;
34426 : F0;
34427 : F0;
34428 : F4;
34429 : F0;
34430 : F0;
34431 : E8;
34432 : C8;
34433 : C8;
34434 : EC;
34435 : E8;
34436 : C8;
34437 : C4;
34438 : A4;
34439 : C4;
34440 : C4;
34441 : C4;
34442 : E8;
34443 : C4;
34444 : E8;
34445 : EC;
34446 : F0;
34447 : F0;
34448 : F0;
34449 : EC;
34450 : EC;
34451 : EC;
34452 : F0;
34453 : F4;
34454 : F4;
34455 : F4;
34456 : F4;
34457 : F4;
34458 : F0;
34459 : F4;
34460 : F4;
34461 : F4;
34462 : F4;
34463 : F4;
34464 : F4;
34465 : F4;
34466 : F4;
34467 : F0;
34468 : F4;
34469 : F4;
34470 : F4;
34471 : F0;
34472 : EC;
34473 : EC;
34474 : F0;
34475 : F0;
34476 : EC;
34477 : E8;
34478 : E8;
34479 : EC;
34480 : E8;
34481 : E8;
34482 : EC;
34483 : EC;
34484 : EC;
34485 : EC;
34486 : E8;
34487 : E8;
34488 : EC;
34489 : EC;
34490 : EC;
34491 : EC;
34492 : F0;
34493 : F4;
34494 : F4;
34495 : F4;
34496 : F0;
34497 : F0;
34498 : EC;
34499 : EC;
34500 : EC;
34501 : EC;
34502 : E8;
34503 : C4;
34504 : C4;
34505 : C4;
34506 : C4;
34507 : E8;
34508 : EC;
34509 : E8;
34510 : EC;
34511 : EC;
34512 : F0;
34513 : F0;
34514 : F0;
34515 : F0;
34516 : F0;
34517 : F0;
34518 : F4;
34519 : F4;
34520 : F4;
34521 : F4;
34522 : F4;
34523 : F4;
34524 : F4;
34525 : F4;
34526 : F4;
34527 : F8;
34528 : F4;
34529 : F4;
34530 : F4;
34531 : F4;
34532 : F4;
34533 : F0;
34534 : F0;
34535 : F4;
34536 : F4;
34537 : F0;
34538 : F0;
34539 : F4;
34540 : F4;
34541 : F0;
34542 : F4;
34543 : F0;
34544 : EC;
34545 : EC;
34546 : E8;
34547 : C4;
34548 : E8;
34549 : EC;
34550 : F0;
34551 : EC;
34552 : E8;
34553 : E8;
34554 : E8;
34555 : EC;
34556 : EC;
34557 : C8;
34558 : C4;
34559 : A0;
34560 : EC;
34561 : EC;
34562 : E8;
34563 : E8;
34564 : E8;
34565 : E8;
34566 : C4;
34567 : E8;
34568 : E8;
34569 : E8;
34570 : E8;
34571 : E8;
34572 : E8;
34573 : C4;
34574 : C4;
34575 : C4;
34576 : C4;
34577 : C4;
34578 : EC;
34579 : EC;
34580 : EC;
34581 : F4;
34582 : F4;
34583 : F4;
34584 : F0;
34585 : F0;
34586 : F0;
34587 : F4;
34588 : F4;
34589 : F4;
34590 : F4;
34591 : F0;
34592 : F0;
34593 : F4;
34594 : F4;
34595 : F4;
34596 : F4;
34597 : F4;
34598 : F4;
34599 : F4;
34600 : F8;
34601 : F8;
34602 : F4;
34603 : F8;
34604 : F8;
34605 : F4;
34606 : F0;
34607 : F0;
34608 : F0;
34609 : F0;
34610 : EC;
34611 : EC;
34612 : EC;
34613 : EC;
34614 : EC;
34615 : EC;
34616 : F0;
34617 : F0;
34618 : EC;
34619 : C8;
34620 : C4;
34621 : A4;
34622 : C4;
34623 : C4;
34624 : C4;
34625 : C4;
34626 : E8;
34627 : E8;
34628 : EC;
34629 : EC;
34630 : EC;
34631 : EC;
34632 : EC;
34633 : EC;
34634 : EC;
34635 : F4;
34636 : F0;
34637 : F0;
34638 : F0;
34639 : EC;
34640 : EC;
34641 : F0;
34642 : F4;
34643 : F4;
34644 : F4;
34645 : F0;
34646 : F0;
34647 : F0;
34648 : F0;
34649 : F4;
34650 : F0;
34651 : F4;
34652 : F8;
34653 : F8;
34654 : F8;
34655 : F8;
34656 : F8;
34657 : F8;
34658 : F8;
34659 : F8;
34660 : F4;
34661 : F0;
34662 : F0;
34663 : F0;
34664 : EC;
34665 : F0;
34666 : F0;
34667 : F0;
34668 : F4;
34669 : F4;
34670 : F0;
34671 : E8;
34672 : E8;
34673 : E8;
34674 : EC;
34675 : E8;
34676 : C4;
34677 : C4;
34678 : C4;
34679 : C4;
34680 : C4;
34681 : E8;
34682 : E8;
34683 : C8;
34684 : E8;
34685 : F0;
34686 : F4;
34687 : F0;
34688 : F0;
34689 : EC;
34690 : EC;
34691 : EC;
34692 : F0;
34693 : F4;
34694 : F4;
34695 : F4;
34696 : F4;
34697 : F4;
34698 : F0;
34699 : F0;
34700 : F4;
34701 : F4;
34702 : F4;
34703 : F0;
34704 : F4;
34705 : F4;
34706 : F4;
34707 : F4;
34708 : F4;
34709 : F4;
34710 : F4;
34711 : F0;
34712 : EC;
34713 : EC;
34714 : F0;
34715 : F0;
34716 : F0;
34717 : EC;
34718 : E8;
34719 : EC;
34720 : E8;
34721 : E8;
34722 : EC;
34723 : EC;
34724 : F0;
34725 : EC;
34726 : E8;
34727 : E8;
34728 : EC;
34729 : EC;
34730 : EC;
34731 : F0;
34732 : F0;
34733 : F4;
34734 : F4;
34735 : F0;
34736 : F0;
34737 : F0;
34738 : EC;
34739 : E8;
34740 : EC;
34741 : EC;
34742 : EC;
34743 : C4;
34744 : C4;
34745 : C4;
34746 : C4;
34747 : E8;
34748 : EC;
34749 : EC;
34750 : EC;
34751 : F0;
34752 : EC;
34753 : EC;
34754 : F0;
34755 : F4;
34756 : F4;
34757 : F4;
34758 : F4;
34759 : F4;
34760 : F4;
34761 : F4;
34762 : F4;
34763 : F4;
34764 : F4;
34765 : F4;
34766 : F4;
34767 : F8;
34768 : F8;
34769 : F4;
34770 : F4;
34771 : F4;
34772 : F0;
34773 : F0;
34774 : F4;
34775 : F4;
34776 : F4;
34777 : F0;
34778 : F0;
34779 : F4;
34780 : F4;
34781 : F0;
34782 : F4;
34783 : F0;
34784 : F0;
34785 : EC;
34786 : E8;
34787 : C8;
34788 : C8;
34789 : EC;
34790 : F0;
34791 : EC;
34792 : E8;
34793 : E8;
34794 : EC;
34795 : EC;
34796 : EC;
34797 : C8;
34798 : C4;
34799 : C4;
34800 : EC;
34801 : EC;
34802 : EC;
34803 : EC;
34804 : E8;
34805 : E8;
34806 : E8;
34807 : E8;
34808 : E8;
34809 : C4;
34810 : E8;
34811 : E8;
34812 : E8;
34813 : C4;
34814 : C4;
34815 : C4;
34816 : C4;
34817 : E8;
34818 : EC;
34819 : EC;
34820 : EC;
34821 : F4;
34822 : F4;
34823 : F4;
34824 : F0;
34825 : F0;
34826 : F4;
34827 : F4;
34828 : F4;
34829 : F8;
34830 : F4;
34831 : F4;
34832 : F4;
34833 : F4;
34834 : F4;
34835 : F4;
34836 : F4;
34837 : F4;
34838 : F4;
34839 : F4;
34840 : F8;
34841 : F8;
34842 : F8;
34843 : F8;
34844 : F8;
34845 : F4;
34846 : F0;
34847 : F0;
34848 : F0;
34849 : F0;
34850 : F0;
34851 : EC;
34852 : EC;
34853 : EC;
34854 : EC;
34855 : EC;
34856 : F0;
34857 : F0;
34858 : EC;
34859 : C8;
34860 : C4;
34861 : A4;
34862 : C4;
34863 : C4;
34864 : C4;
34865 : C4;
34866 : C4;
34867 : C8;
34868 : E8;
34869 : EC;
34870 : EC;
34871 : EC;
34872 : EC;
34873 : EC;
34874 : F0;
34875 : F4;
34876 : F0;
34877 : F0;
34878 : F0;
34879 : F0;
34880 : F0;
34881 : F0;
34882 : F4;
34883 : F4;
34884 : F4;
34885 : F0;
34886 : F0;
34887 : F0;
34888 : F4;
34889 : F4;
34890 : F4;
34891 : F4;
34892 : F8;
34893 : F8;
34894 : F8;
34895 : F8;
34896 : F8;
34897 : F8;
34898 : F8;
34899 : F8;
34900 : F4;
34901 : F0;
34902 : F0;
34903 : F0;
34904 : F0;
34905 : F0;
34906 : F0;
34907 : F0;
34908 : F4;
34909 : F0;
34910 : F0;
34911 : EC;
34912 : E8;
34913 : E8;
34914 : EC;
34915 : E8;
34916 : C4;
34917 : C4;
34918 : C4;
34919 : C4;
34920 : C8;
34921 : C8;
34922 : C8;
34923 : E8;
34924 : EC;
34925 : F0;
34926 : F4;
34927 : F0;
34928 : F0;
34929 : F0;
34930 : F0;
34931 : F0;
34932 : F0;
34933 : F4;
34934 : F4;
34935 : F4;
34936 : F4;
34937 : F4;
34938 : F0;
34939 : F0;
34940 : F0;
34941 : F4;
34942 : F4;
34943 : F0;
34944 : F4;
34945 : F4;
34946 : F4;
34947 : F4;
34948 : F8;
34949 : F8;
34950 : F4;
34951 : F0;
34952 : F0;
34953 : EC;
34954 : F0;
34955 : F0;
34956 : F0;
34957 : EC;
34958 : EC;
34959 : EC;
34960 : E8;
34961 : E8;
34962 : EC;
34963 : EC;
34964 : F0;
34965 : F0;
34966 : EC;
34967 : EC;
34968 : EC;
34969 : EC;
34970 : F0;
34971 : F0;
34972 : F4;
34973 : F4;
34974 : F4;
34975 : F0;
34976 : F0;
34977 : F0;
34978 : EC;
34979 : E8;
34980 : E8;
34981 : EC;
34982 : EC;
34983 : E8;
34984 : C4;
34985 : C4;
34986 : C4;
34987 : C8;
34988 : EC;
34989 : EC;
34990 : F0;
34991 : F0;
34992 : EC;
34993 : EC;
34994 : F0;
34995 : F4;
34996 : F4;
34997 : F4;
34998 : F4;
34999 : F4;
35000 : F4;
35001 : F4;
35002 : F4;
35003 : F0;
35004 : F4;
35005 : F4;
35006 : F4;
35007 : F8;
35008 : F8;
35009 : F4;
35010 : F4;
35011 : F0;
35012 : F0;
35013 : F0;
35014 : F4;
35015 : F4;
35016 : F4;
35017 : F0;
35018 : F0;
35019 : F4;
35020 : F4;
35021 : F0;
35022 : F0;
35023 : F0;
35024 : F0;
35025 : EC;
35026 : EC;
35027 : E8;
35028 : C4;
35029 : E8;
35030 : EC;
35031 : F0;
35032 : EC;
35033 : E8;
35034 : EC;
35035 : EC;
35036 : EC;
35037 : C8;
35038 : C4;
35039 : C4;
35040 : EC;
35041 : EC;
35042 : EC;
35043 : EC;
35044 : EC;
35045 : E8;
35046 : E8;
35047 : E8;
35048 : C8;
35049 : C4;
35050 : E8;
35051 : EC;
35052 : E8;
35053 : C8;
35054 : C4;
35055 : C4;
35056 : E8;
35057 : EC;
35058 : EC;
35059 : EC;
35060 : F0;
35061 : F0;
35062 : F4;
35063 : F4;
35064 : F0;
35065 : F0;
35066 : F4;
35067 : F4;
35068 : F4;
35069 : F8;
35070 : F4;
35071 : F4;
35072 : F4;
35073 : F4;
35074 : F4;
35075 : F4;
35076 : F4;
35077 : F4;
35078 : F4;
35079 : F8;
35080 : F8;
35081 : F8;
35082 : F8;
35083 : F8;
35084 : F4;
35085 : F8;
35086 : F4;
35087 : F0;
35088 : F0;
35089 : F0;
35090 : F0;
35091 : EC;
35092 : EC;
35093 : EC;
35094 : EC;
35095 : EC;
35096 : F0;
35097 : F4;
35098 : F0;
35099 : E8;
35100 : C4;
35101 : C4;
35102 : C4;
35103 : C4;
35104 : C4;
35105 : C4;
35106 : C4;
35107 : C4;
35108 : C8;
35109 : EC;
35110 : EC;
35111 : F0;
35112 : EC;
35113 : EC;
35114 : F0;
35115 : F0;
35116 : F0;
35117 : F0;
35118 : F0;
35119 : F0;
35120 : F0;
35121 : F0;
35122 : F4;
35123 : F4;
35124 : F4;
35125 : F0;
35126 : F0;
35127 : F0;
35128 : F4;
35129 : F4;
35130 : F4;
35131 : F8;
35132 : F8;
35133 : F4;
35134 : F4;
35135 : F8;
35136 : F8;
35137 : F8;
35138 : F8;
35139 : F8;
35140 : F4;
35141 : F0;
35142 : F0;
35143 : F0;
35144 : F0;
35145 : F0;
35146 : F0;
35147 : F4;
35148 : F4;
35149 : F0;
35150 : F0;
35151 : EC;
35152 : EC;
35153 : EC;
35154 : E8;
35155 : C4;
35156 : C4;
35157 : C4;
35158 : C4;
35159 : C4;
35160 : C4;
35161 : C8;
35162 : C8;
35163 : E8;
35164 : F0;
35165 : F4;
35166 : F4;
35167 : F0;
35168 : F0;
35169 : F0;
35170 : F0;
35171 : F0;
35172 : F4;
35173 : F4;
35174 : F8;
35175 : F4;
35176 : F4;
35177 : F4;
35178 : F0;
35179 : F0;
35180 : F4;
35181 : F4;
35182 : F4;
35183 : F4;
35184 : F4;
35185 : F4;
35186 : F4;
35187 : F8;
35188 : F8;
35189 : F4;
35190 : F4;
35191 : F0;
35192 : F0;
35193 : EC;
35194 : EC;
35195 : EC;
35196 : F0;
35197 : F0;
35198 : EC;
35199 : EC;
35200 : E8;
35201 : E8;
35202 : EC;
35203 : EC;
35204 : F0;
35205 : F0;
35206 : F0;
35207 : EC;
35208 : EC;
35209 : EC;
35210 : F0;
35211 : F0;
35212 : F4;
35213 : F4;
35214 : F4;
35215 : F0;
35216 : F0;
35217 : F0;
35218 : EC;
35219 : EC;
35220 : E8;
35221 : EC;
35222 : EC;
35223 : EC;
35224 : E8;
35225 : C4;
35226 : C4;
35227 : C8;
35228 : E8;
35229 : EC;
35230 : F0;
35231 : F0;
35232 : EC;
35233 : EC;
35234 : F0;
35235 : F4;
35236 : F4;
35237 : F4;
35238 : F4;
35239 : F4;
35240 : F0;
35241 : F4;
35242 : F0;
35243 : F0;
35244 : F0;
35245 : F4;
35246 : F4;
35247 : F8;
35248 : F8;
35249 : F8;
35250 : F4;
35251 : F4;
35252 : F4;
35253 : F4;
35254 : F4;
35255 : F4;
35256 : F4;
35257 : F0;
35258 : F0;
35259 : F4;
35260 : F4;
35261 : F0;
35262 : F0;
35263 : F0;
35264 : F0;
35265 : F0;
35266 : EC;
35267 : E8;
35268 : E8;
35269 : E8;
35270 : EC;
35271 : F0;
35272 : F0;
35273 : EC;
35274 : EC;
35275 : EC;
35276 : EC;
35277 : E8;
35278 : C4;
35279 : C4;
35280 : EC;
35281 : EC;
35282 : EC;
35283 : EC;
35284 : EC;
35285 : EC;
35286 : E8;
35287 : E8;
35288 : C4;
35289 : C8;
35290 : E8;
35291 : E8;
35292 : E8;
35293 : C4;
35294 : C4;
35295 : E8;
35296 : EC;
35297 : F0;
35298 : EC;
35299 : EC;
35300 : F0;
35301 : F0;
35302 : F4;
35303 : F4;
35304 : F4;
35305 : F4;
35306 : F4;
35307 : F4;
35308 : F4;
35309 : F4;
35310 : F4;
35311 : F4;
35312 : F4;
35313 : F4;
35314 : F4;
35315 : F4;
35316 : F4;
35317 : F4;
35318 : F4;
35319 : F8;
35320 : F8;
35321 : F8;
35322 : F8;
35323 : F4;
35324 : F4;
35325 : F8;
35326 : F4;
35327 : F0;
35328 : F0;
35329 : F0;
35330 : F0;
35331 : F0;
35332 : F0;
35333 : F0;
35334 : EC;
35335 : EC;
35336 : F0;
35337 : F0;
35338 : F0;
35339 : EC;
35340 : C4;
35341 : C4;
35342 : C4;
35343 : C4;
35344 : C4;
35345 : C8;
35346 : C4;
35347 : C4;
35348 : C8;
35349 : E8;
35350 : EC;
35351 : F0;
35352 : EC;
35353 : EC;
35354 : EC;
35355 : F0;
35356 : F0;
35357 : F0;
35358 : F0;
35359 : F0;
35360 : F0;
35361 : F0;
35362 : F4;
35363 : F4;
35364 : F4;
35365 : F4;
35366 : F0;
35367 : F4;
35368 : F4;
35369 : F8;
35370 : F4;
35371 : F8;
35372 : F8;
35373 : F4;
35374 : F4;
35375 : F4;
35376 : F8;
35377 : F8;
35378 : F8;
35379 : F8;
35380 : F4;
35381 : F0;
35382 : F0;
35383 : F0;
35384 : F0;
35385 : F4;
35386 : F4;
35387 : F4;
35388 : F4;
35389 : F4;
35390 : F0;
35391 : F0;
35392 : EC;
35393 : E8;
35394 : C8;
35395 : C4;
35396 : C4;
35397 : C4;
35398 : C4;
35399 : C4;
35400 : C4;
35401 : C8;
35402 : E8;
35403 : E8;
35404 : F0;
35405 : F4;
35406 : F4;
35407 : F0;
35408 : F0;
35409 : F0;
35410 : F0;
35411 : F0;
35412 : F4;
35413 : F4;
35414 : F8;
35415 : F8;
35416 : F4;
35417 : F4;
35418 : F0;
35419 : F4;
35420 : F4;
35421 : F4;
35422 : F4;
35423 : F4;
35424 : F4;
35425 : F4;
35426 : F8;
35427 : F8;
35428 : F8;
35429 : F4;
35430 : F4;
35431 : F0;
35432 : F0;
35433 : F0;
35434 : F0;
35435 : F0;
35436 : EC;
35437 : F0;
35438 : F0;
35439 : EC;
35440 : EC;
35441 : EC;
35442 : EC;
35443 : EC;
35444 : F0;
35445 : F0;
35446 : F0;
35447 : F0;
35448 : EC;
35449 : EC;
35450 : F0;
35451 : F0;
35452 : F4;
35453 : F4;
35454 : F0;
35455 : F0;
35456 : F0;
35457 : F0;
35458 : F0;
35459 : EC;
35460 : E8;
35461 : E8;
35462 : EC;
35463 : EC;
35464 : E8;
35465 : C4;
35466 : C4;
35467 : C4;
35468 : E8;
35469 : EC;
35470 : F0;
35471 : F0;
35472 : F0;
35473 : F0;
35474 : F0;
35475 : F4;
35476 : F4;
35477 : F4;
35478 : F4;
35479 : F4;
35480 : F0;
35481 : F0;
35482 : F0;
35483 : F0;
35484 : F4;
35485 : F4;
35486 : F4;
35487 : F4;
35488 : F8;
35489 : F8;
35490 : F4;
35491 : F4;
35492 : F4;
35493 : F4;
35494 : F8;
35495 : F4;
35496 : F4;
35497 : F0;
35498 : F0;
35499 : F4;
35500 : F0;
35501 : F0;
35502 : F0;
35503 : F0;
35504 : F4;
35505 : F0;
35506 : EC;
35507 : EC;
35508 : E8;
35509 : E8;
35510 : EC;
35511 : F0;
35512 : F0;
35513 : EC;
35514 : EC;
35515 : E8;
35516 : E8;
35517 : EC;
35518 : E8;
35519 : C4;
35520 : F0;
35521 : F0;
35522 : EC;
35523 : EC;
35524 : EC;
35525 : F0;
35526 : E8;
35527 : E8;
35528 : C4;
35529 : E8;
35530 : E8;
35531 : E8;
35532 : C4;
35533 : C4;
35534 : C8;
35535 : E8;
35536 : EC;
35537 : F0;
35538 : EC;
35539 : F0;
35540 : F0;
35541 : F0;
35542 : F0;
35543 : F4;
35544 : F4;
35545 : F4;
35546 : F4;
35547 : F4;
35548 : F4;
35549 : F4;
35550 : F4;
35551 : F4;
35552 : F4;
35553 : F0;
35554 : F0;
35555 : F4;
35556 : F4;
35557 : F4;
35558 : F8;
35559 : F8;
35560 : F8;
35561 : F8;
35562 : F8;
35563 : F4;
35564 : F4;
35565 : F4;
35566 : F4;
35567 : F4;
35568 : F0;
35569 : F0;
35570 : F0;
35571 : F0;
35572 : F0;
35573 : F0;
35574 : F0;
35575 : EC;
35576 : EC;
35577 : F0;
35578 : F0;
35579 : F0;
35580 : EC;
35581 : C8;
35582 : C4;
35583 : C4;
35584 : E8;
35585 : E8;
35586 : C8;
35587 : C8;
35588 : C4;
35589 : E8;
35590 : EC;
35591 : F0;
35592 : EC;
35593 : EC;
35594 : EC;
35595 : F0;
35596 : F4;
35597 : F0;
35598 : F0;
35599 : F0;
35600 : F0;
35601 : F0;
35602 : F4;
35603 : F4;
35604 : F4;
35605 : F4;
35606 : F4;
35607 : F4;
35608 : F4;
35609 : F4;
35610 : F4;
35611 : F4;
35612 : F4;
35613 : F4;
35614 : F4;
35615 : F4;
35616 : F8;
35617 : F8;
35618 : F8;
35619 : F8;
35620 : F4;
35621 : F0;
35622 : F0;
35623 : F0;
35624 : F0;
35625 : F4;
35626 : F4;
35627 : F0;
35628 : F4;
35629 : F4;
35630 : F4;
35631 : F0;
35632 : EC;
35633 : E8;
35634 : E8;
35635 : E8;
35636 : E8;
35637 : E8;
35638 : C8;
35639 : C4;
35640 : C8;
35641 : E8;
35642 : E8;
35643 : EC;
35644 : F0;
35645 : F4;
35646 : F4;
35647 : F0;
35648 : F0;
35649 : F0;
35650 : F0;
35651 : F4;
35652 : F4;
35653 : F4;
35654 : F4;
35655 : F4;
35656 : F4;
35657 : F4;
35658 : F4;
35659 : F4;
35660 : F4;
35661 : F0;
35662 : F4;
35663 : F4;
35664 : F4;
35665 : F8;
35666 : F8;
35667 : F8;
35668 : F4;
35669 : F4;
35670 : F0;
35671 : F0;
35672 : F0;
35673 : F0;
35674 : F0;
35675 : EC;
35676 : EC;
35677 : F0;
35678 : F0;
35679 : EC;
35680 : EC;
35681 : EC;
35682 : EC;
35683 : EC;
35684 : EC;
35685 : F0;
35686 : F0;
35687 : F4;
35688 : F0;
35689 : F0;
35690 : F0;
35691 : F0;
35692 : F4;
35693 : F4;
35694 : F4;
35695 : F0;
35696 : F0;
35697 : F0;
35698 : F0;
35699 : F0;
35700 : EC;
35701 : E8;
35702 : EC;
35703 : EC;
35704 : EC;
35705 : E8;
35706 : C4;
35707 : C4;
35708 : E8;
35709 : EC;
35710 : F0;
35711 : F0;
35712 : F0;
35713 : F0;
35714 : F4;
35715 : F4;
35716 : F4;
35717 : F4;
35718 : F0;
35719 : F0;
35720 : F0;
35721 : F0;
35722 : F0;
35723 : F0;
35724 : F4;
35725 : F4;
35726 : F4;
35727 : F4;
35728 : F8;
35729 : F8;
35730 : F8;
35731 : F4;
35732 : F4;
35733 : F8;
35734 : F8;
35735 : F4;
35736 : F4;
35737 : F4;
35738 : F4;
35739 : F4;
35740 : F4;
35741 : F0;
35742 : F0;
35743 : F0;
35744 : F4;
35745 : F0;
35746 : EC;
35747 : EC;
35748 : E8;
35749 : EC;
35750 : F0;
35751 : F0;
35752 : F0;
35753 : F0;
35754 : EC;
35755 : E8;
35756 : E8;
35757 : EC;
35758 : E8;
35759 : E8;
35760 : F0;
35761 : EC;
35762 : EC;
35763 : EC;
35764 : F0;
35765 : F0;
35766 : EC;
35767 : E8;
35768 : E8;
35769 : E8;
35770 : E8;
35771 : E8;
35772 : C4;
35773 : C8;
35774 : E8;
35775 : EC;
35776 : F0;
35777 : F0;
35778 : F0;
35779 : F0;
35780 : F0;
35781 : F0;
35782 : F0;
35783 : F4;
35784 : F4;
35785 : F4;
35786 : F4;
35787 : F4;
35788 : F4;
35789 : F4;
35790 : F4;
35791 : F4;
35792 : F4;
35793 : F0;
35794 : F0;
35795 : F4;
35796 : F4;
35797 : F4;
35798 : F8;
35799 : F8;
35800 : F8;
35801 : F8;
35802 : F4;
35803 : F4;
35804 : F4;
35805 : F4;
35806 : F4;
35807 : F4;
35808 : F0;
35809 : F0;
35810 : F0;
35811 : F0;
35812 : F0;
35813 : F0;
35814 : F0;
35815 : EC;
35816 : EC;
35817 : EC;
35818 : F0;
35819 : F0;
35820 : F0;
35821 : EC;
35822 : E8;
35823 : C8;
35824 : E8;
35825 : E8;
35826 : C8;
35827 : C4;
35828 : C4;
35829 : E8;
35830 : EC;
35831 : F0;
35832 : EC;
35833 : EC;
35834 : EC;
35835 : F0;
35836 : F0;
35837 : F0;
35838 : F0;
35839 : F0;
35840 : F0;
35841 : F0;
35842 : F4;
35843 : F4;
35844 : F4;
35845 : F4;
35846 : F4;
35847 : F8;
35848 : F4;
35849 : F4;
35850 : F4;
35851 : F4;
35852 : F4;
35853 : F4;
35854 : F4;
35855 : F4;
35856 : F4;
35857 : F4;
35858 : F8;
35859 : F8;
35860 : F4;
35861 : F4;
35862 : F0;
35863 : F0;
35864 : F0;
35865 : F0;
35866 : F4;
35867 : F0;
35868 : F0;
35869 : F4;
35870 : F4;
35871 : F4;
35872 : F0;
35873 : EC;
35874 : E8;
35875 : E8;
35876 : E8;
35877 : E8;
35878 : E8;
35879 : E8;
35880 : E8;
35881 : E8;
35882 : E8;
35883 : EC;
35884 : F0;
35885 : F0;
35886 : F4;
35887 : F4;
35888 : F0;
35889 : F0;
35890 : F0;
35891 : F4;
35892 : F4;
35893 : F4;
35894 : F4;
35895 : F4;
35896 : F4;
35897 : F4;
35898 : F4;
35899 : F4;
35900 : F0;
35901 : F0;
35902 : F4;
35903 : F4;
35904 : F8;
35905 : F8;
35906 : F8;
35907 : F8;
35908 : F4;
35909 : F4;
35910 : F0;
35911 : F0;
35912 : F0;
35913 : F0;
35914 : F0;
35915 : EC;
35916 : EC;
35917 : F0;
35918 : F0;
35919 : F0;
35920 : EC;
35921 : EC;
35922 : EC;
35923 : EC;
35924 : EC;
35925 : EC;
35926 : F0;
35927 : F4;
35928 : F0;
35929 : F0;
35930 : F0;
35931 : F0;
35932 : F4;
35933 : F4;
35934 : F4;
35935 : F0;
35936 : EC;
35937 : EC;
35938 : F0;
35939 : F0;
35940 : EC;
35941 : EC;
35942 : EC;
35943 : EC;
35944 : EC;
35945 : E8;
35946 : C4;
35947 : E8;
35948 : E8;
35949 : EC;
35950 : F0;
35951 : F0;
35952 : F0;
35953 : F0;
35954 : F4;
35955 : F4;
35956 : F4;
35957 : F4;
35958 : F0;
35959 : F0;
35960 : F4;
35961 : F4;
35962 : F0;
35963 : F0;
35964 : F4;
35965 : F4;
35966 : F4;
35967 : F4;
35968 : F4;
35969 : F8;
35970 : F8;
35971 : F8;
35972 : F8;
35973 : F8;
35974 : F4;
35975 : F4;
35976 : F4;
35977 : F4;
35978 : F4;
35979 : F4;
35980 : F4;
35981 : F0;
35982 : F0;
35983 : F4;
35984 : F4;
35985 : F0;
35986 : F0;
35987 : EC;
35988 : EC;
35989 : EC;
35990 : EC;
35991 : F0;
35992 : F0;
35993 : F0;
35994 : EC;
35995 : E8;
35996 : E8;
35997 : EC;
35998 : EC;
35999 : E8;
36000 : F0;
36001 : F0;
36002 : EC;
36003 : EC;
36004 : F0;
36005 : F0;
36006 : F0;
36007 : EC;
36008 : E8;
36009 : E8;
36010 : E8;
36011 : E8;
36012 : E8;
36013 : E8;
36014 : EC;
36015 : F0;
36016 : F0;
36017 : F0;
36018 : F0;
36019 : F0;
36020 : F0;
36021 : F0;
36022 : F0;
36023 : F4;
36024 : F4;
36025 : F4;
36026 : F4;
36027 : F4;
36028 : F4;
36029 : F4;
36030 : F4;
36031 : F4;
36032 : F4;
36033 : F0;
36034 : F0;
36035 : F4;
36036 : F4;
36037 : F4;
36038 : F4;
36039 : F8;
36040 : F8;
36041 : F8;
36042 : F4;
36043 : F4;
36044 : F4;
36045 : F8;
36046 : F8;
36047 : F4;
36048 : F0;
36049 : F0;
36050 : F0;
36051 : F0;
36052 : F0;
36053 : EC;
36054 : F0;
36055 : EC;
36056 : EC;
36057 : EC;
36058 : F0;
36059 : F0;
36060 : F0;
36061 : F0;
36062 : EC;
36063 : E8;
36064 : E8;
36065 : E8;
36066 : C8;
36067 : C4;
36068 : C8;
36069 : E8;
36070 : EC;
36071 : F0;
36072 : EC;
36073 : EC;
36074 : EC;
36075 : F0;
36076 : F0;
36077 : F0;
36078 : F0;
36079 : F0;
36080 : F0;
36081 : F4;
36082 : F4;
36083 : F4;
36084 : F8;
36085 : F8;
36086 : F4;
36087 : F8;
36088 : F4;
36089 : F4;
36090 : F4;
36091 : F4;
36092 : F8;
36093 : F4;
36094 : F4;
36095 : F4;
36096 : F4;
36097 : F4;
36098 : F8;
36099 : F8;
36100 : F8;
36101 : F4;
36102 : F0;
36103 : F0;
36104 : F0;
36105 : F0;
36106 : F4;
36107 : F4;
36108 : F0;
36109 : F4;
36110 : F4;
36111 : F4;
36112 : F0;
36113 : F0;
36114 : EC;
36115 : E8;
36116 : E8;
36117 : E8;
36118 : E8;
36119 : E8;
36120 : E8;
36121 : E8;
36122 : EC;
36123 : F0;
36124 : F0;
36125 : F0;
36126 : F4;
36127 : F4;
36128 : F0;
36129 : F4;
36130 : F4;
36131 : F4;
36132 : F4;
36133 : F4;
36134 : F4;
36135 : F4;
36136 : F4;
36137 : F4;
36138 : F4;
36139 : F0;
36140 : F0;
36141 : F0;
36142 : F0;
36143 : F4;
36144 : F8;
36145 : F8;
36146 : F4;
36147 : F8;
36148 : F8;
36149 : F4;
36150 : F0;
36151 : F0;
36152 : F0;
36153 : F0;
36154 : F0;
36155 : F0;
36156 : F0;
36157 : F0;
36158 : F0;
36159 : F0;
36160 : EC;
36161 : EC;
36162 : EC;
36163 : EC;
36164 : EC;
36165 : EC;
36166 : F0;
36167 : F4;
36168 : F0;
36169 : F0;
36170 : F0;
36171 : F4;
36172 : F0;
36173 : F0;
36174 : F4;
36175 : F0;
36176 : EC;
36177 : EC;
36178 : F0;
36179 : F0;
36180 : F0;
36181 : EC;
36182 : EC;
36183 : EC;
36184 : EC;
36185 : E8;
36186 : C8;
36187 : E8;
36188 : E8;
36189 : EC;
36190 : F0;
36191 : F0;
36192 : F0;
36193 : F0;
36194 : F4;
36195 : F4;
36196 : F4;
36197 : F4;
36198 : F0;
36199 : F0;
36200 : F0;
36201 : F4;
36202 : F0;
36203 : F0;
36204 : F4;
36205 : F4;
36206 : F4;
36207 : F4;
36208 : F4;
36209 : F8;
36210 : F8;
36211 : F8;
36212 : F8;
36213 : F8;
36214 : F8;
36215 : F4;
36216 : F4;
36217 : F4;
36218 : F4;
36219 : F4;
36220 : F4;
36221 : F0;
36222 : F4;
36223 : F4;
36224 : F4;
36225 : F4;
36226 : F0;
36227 : EC;
36228 : EC;
36229 : EC;
36230 : F0;
36231 : F0;
36232 : F0;
36233 : F0;
36234 : EC;
36235 : EC;
36236 : E8;
36237 : EC;
36238 : EC;
36239 : EC;
36240 : F4;
36241 : F0;
36242 : EC;
36243 : EC;
36244 : F0;
36245 : F0;
36246 : F0;
36247 : F0;
36248 : EC;
36249 : E8;
36250 : E8;
36251 : E8;
36252 : E8;
36253 : EC;
36254 : EC;
36255 : F0;
36256 : F0;
36257 : F0;
36258 : F0;
36259 : F0;
36260 : F0;
36261 : F0;
36262 : F0;
36263 : F4;
36264 : F4;
36265 : F4;
36266 : F4;
36267 : F4;
36268 : F4;
36269 : F4;
36270 : F4;
36271 : F4;
36272 : F4;
36273 : F4;
36274 : F4;
36275 : F4;
36276 : F4;
36277 : F4;
36278 : F4;
36279 : F8;
36280 : F8;
36281 : F8;
36282 : F4;
36283 : F4;
36284 : F4;
36285 : F8;
36286 : F8;
36287 : F4;
36288 : F0;
36289 : F0;
36290 : F0;
36291 : F0;
36292 : EC;
36293 : EC;
36294 : F0;
36295 : F0;
36296 : EC;
36297 : EC;
36298 : EC;
36299 : F0;
36300 : F0;
36301 : F0;
36302 : F0;
36303 : EC;
36304 : E8;
36305 : E8;
36306 : C4;
36307 : C8;
36308 : E8;
36309 : EC;
36310 : EC;
36311 : EC;
36312 : F0;
36313 : EC;
36314 : F0;
36315 : F0;
36316 : F0;
36317 : F0;
36318 : F0;
36319 : F0;
36320 : F0;
36321 : F4;
36322 : F4;
36323 : F8;
36324 : F8;
36325 : F8;
36326 : F8;
36327 : F8;
36328 : F4;
36329 : F4;
36330 : F4;
36331 : F4;
36332 : F8;
36333 : F4;
36334 : F4;
36335 : F4;
36336 : F4;
36337 : F8;
36338 : F8;
36339 : F8;
36340 : F8;
36341 : F4;
36342 : F4;
36343 : F0;
36344 : F0;
36345 : F4;
36346 : F4;
36347 : F4;
36348 : F0;
36349 : F4;
36350 : F4;
36351 : F4;
36352 : F0;
36353 : F0;
36354 : F0;
36355 : EC;
36356 : E8;
36357 : E8;
36358 : E8;
36359 : EC;
36360 : EC;
36361 : EC;
36362 : EC;
36363 : F0;
36364 : F0;
36365 : F0;
36366 : F0;
36367 : F4;
36368 : F4;
36369 : F4;
36370 : F4;
36371 : F4;
36372 : F4;
36373 : F4;
36374 : F4;
36375 : F4;
36376 : F4;
36377 : F0;
36378 : F4;
36379 : F4;
36380 : F0;
36381 : F0;
36382 : F0;
36383 : F4;
36384 : F8;
36385 : F8;
36386 : F4;
36387 : F8;
36388 : F4;
36389 : F4;
36390 : F0;
36391 : F0;
36392 : F0;
36393 : F0;
36394 : F0;
36395 : F0;
36396 : F0;
36397 : F0;
36398 : F0;
36399 : F0;
36400 : EC;
36401 : EC;
36402 : EC;
36403 : EC;
36404 : EC;
36405 : EC;
36406 : F0;
36407 : F4;
36408 : F4;
36409 : F0;
36410 : F0;
36411 : F4;
36412 : F0;
36413 : F0;
36414 : F4;
36415 : F0;
36416 : EC;
36417 : EC;
36418 : F0;
36419 : F0;
36420 : F0;
36421 : EC;
36422 : EC;
36423 : EC;
36424 : EC;
36425 : E8;
36426 : C8;
36427 : E8;
36428 : E8;
36429 : F0;
36430 : F0;
36431 : F0;
36432 : F0;
36433 : F0;
36434 : F4;
36435 : F4;
36436 : F4;
36437 : F4;
36438 : F0;
36439 : F0;
36440 : F0;
36441 : F4;
36442 : F0;
36443 : F0;
36444 : F0;
36445 : F4;
36446 : F4;
36447 : F4;
36448 : F4;
36449 : F8;
36450 : F8;
36451 : F8;
36452 : F8;
36453 : F8;
36454 : F8;
36455 : F4;
36456 : F4;
36457 : F4;
36458 : F4;
36459 : F4;
36460 : F4;
36461 : F4;
36462 : F4;
36463 : F4;
36464 : F4;
36465 : F4;
36466 : F4;
36467 : F0;
36468 : EC;
36469 : F0;
36470 : F0;
36471 : F4;
36472 : F0;
36473 : EC;
36474 : EC;
36475 : EC;
36476 : EC;
36477 : EC;
36478 : EC;
36479 : EC;
36480 : F4;
36481 : F0;
36482 : F0;
36483 : F0;
36484 : F0;
36485 : F0;
36486 : F0;
36487 : F0;
36488 : EC;
36489 : EC;
36490 : EC;
36491 : E8;
36492 : E8;
36493 : EC;
36494 : EC;
36495 : F0;
36496 : F0;
36497 : F0;
36498 : F0;
36499 : F0;
36500 : F0;
36501 : F0;
36502 : F0;
36503 : F4;
36504 : F4;
36505 : F8;
36506 : F4;
36507 : F8;
36508 : F4;
36509 : F0;
36510 : F4;
36511 : F4;
36512 : F4;
36513 : F4;
36514 : F4;
36515 : F4;
36516 : F4;
36517 : F4;
36518 : F4;
36519 : F8;
36520 : F8;
36521 : F8;
36522 : F8;
36523 : F4;
36524 : F4;
36525 : F4;
36526 : F8;
36527 : F4;
36528 : F4;
36529 : F4;
36530 : F0;
36531 : F0;
36532 : EC;
36533 : EC;
36534 : F0;
36535 : F0;
36536 : EC;
36537 : EC;
36538 : EC;
36539 : F0;
36540 : F0;
36541 : F0;
36542 : F0;
36543 : EC;
36544 : E8;
36545 : E8;
36546 : C8;
36547 : E8;
36548 : EC;
36549 : EC;
36550 : EC;
36551 : F0;
36552 : F0;
36553 : F0;
36554 : F0;
36555 : F0;
36556 : F0;
36557 : F0;
36558 : EC;
36559 : EC;
36560 : F0;
36561 : F4;
36562 : F8;
36563 : F8;
36564 : F4;
36565 : F4;
36566 : F8;
36567 : F8;
36568 : F4;
36569 : F4;
36570 : F4;
36571 : F4;
36572 : F4;
36573 : F4;
36574 : F4;
36575 : F4;
36576 : F4;
36577 : F8;
36578 : F8;
36579 : F8;
36580 : F4;
36581 : F4;
36582 : F4;
36583 : F0;
36584 : F4;
36585 : F4;
36586 : F4;
36587 : F0;
36588 : F0;
36589 : F4;
36590 : F4;
36591 : F0;
36592 : F0;
36593 : F0;
36594 : F0;
36595 : EC;
36596 : E8;
36597 : E8;
36598 : E8;
36599 : E8;
36600 : EC;
36601 : EC;
36602 : F0;
36603 : F0;
36604 : F0;
36605 : F0;
36606 : F4;
36607 : F4;
36608 : F4;
36609 : F4;
36610 : F4;
36611 : F4;
36612 : F4;
36613 : F4;
36614 : F4;
36615 : F4;
36616 : F4;
36617 : F4;
36618 : F4;
36619 : F4;
36620 : F0;
36621 : F0;
36622 : F4;
36623 : F8;
36624 : F8;
36625 : F4;
36626 : F4;
36627 : F4;
36628 : F4;
36629 : F4;
36630 : F4;
36631 : F0;
36632 : F0;
36633 : F0;
36634 : F0;
36635 : F0;
36636 : F0;
36637 : F0;
36638 : F0;
36639 : F0;
36640 : F0;
36641 : EC;
36642 : EC;
36643 : EC;
36644 : EC;
36645 : EC;
36646 : F0;
36647 : F4;
36648 : F4;
36649 : F0;
36650 : F0;
36651 : F0;
36652 : F0;
36653 : F0;
36654 : F4;
36655 : F4;
36656 : F0;
36657 : EC;
36658 : F0;
36659 : F0;
36660 : F0;
36661 : EC;
36662 : EC;
36663 : F0;
36664 : EC;
36665 : E8;
36666 : C8;
36667 : E8;
36668 : EC;
36669 : F0;
36670 : F0;
36671 : F0;
36672 : EC;
36673 : F0;
36674 : F4;
36675 : F4;
36676 : F4;
36677 : F4;
36678 : F4;
36679 : F0;
36680 : F0;
36681 : F4;
36682 : F4;
36683 : F0;
36684 : F0;
36685 : F4;
36686 : F4;
36687 : F8;
36688 : F8;
36689 : F8;
36690 : F8;
36691 : F8;
36692 : F8;
36693 : F8;
36694 : F8;
36695 : F8;
36696 : F4;
36697 : F4;
36698 : F4;
36699 : F8;
36700 : F4;
36701 : F4;
36702 : F4;
36703 : F4;
36704 : F4;
36705 : F4;
36706 : F4;
36707 : F0;
36708 : F0;
36709 : F0;
36710 : F0;
36711 : F0;
36712 : EC;
36713 : EC;
36714 : EC;
36715 : EC;
36716 : EC;
36717 : EC;
36718 : EC;
36719 : EC;
36720 : F4;
36721 : F4;
36722 : F0;
36723 : F0;
36724 : F0;
36725 : F0;
36726 : F0;
36727 : F0;
36728 : EC;
36729 : EC;
36730 : EC;
36731 : EC;
36732 : EC;
36733 : EC;
36734 : EC;
36735 : F0;
36736 : F0;
36737 : F0;
36738 : F0;
36739 : F0;
36740 : F0;
36741 : F0;
36742 : F0;
36743 : F4;
36744 : F8;
36745 : F8;
36746 : F8;
36747 : F4;
36748 : F4;
36749 : F0;
36750 : F4;
36751 : F4;
36752 : F4;
36753 : F4;
36754 : F8;
36755 : F8;
36756 : F4;
36757 : F4;
36758 : F8;
36759 : F8;
36760 : F8;
36761 : F8;
36762 : F8;
36763 : F4;
36764 : F4;
36765 : F4;
36766 : F8;
36767 : F8;
36768 : F4;
36769 : F4;
36770 : F0;
36771 : F0;
36772 : EC;
36773 : F0;
36774 : F0;
36775 : F0;
36776 : EC;
36777 : EC;
36778 : EC;
36779 : EC;
36780 : F0;
36781 : F0;
36782 : F0;
36783 : EC;
36784 : EC;
36785 : E8;
36786 : E8;
36787 : EC;
36788 : EC;
36789 : EC;
36790 : EC;
36791 : F0;
36792 : F0;
36793 : F0;
36794 : F0;
36795 : F0;
36796 : F0;
36797 : F0;
36798 : F0;
36799 : F0;
36800 : F0;
36801 : F8;
36802 : F8;
36803 : F4;
36804 : F4;
36805 : F8;
36806 : F8;
36807 : F4;
36808 : F4;
36809 : F4;
36810 : F4;
36811 : F4;
36812 : F4;
36813 : F4;
36814 : F4;
36815 : F4;
36816 : F4;
36817 : F8;
36818 : F8;
36819 : F8;
36820 : F8;
36821 : F4;
36822 : F4;
36823 : F4;
36824 : F4;
36825 : F4;
36826 : F4;
36827 : F0;
36828 : F4;
36829 : F4;
36830 : F4;
36831 : F0;
36832 : F0;
36833 : F0;
36834 : F0;
36835 : EC;
36836 : EC;
36837 : EC;
36838 : EC;
36839 : EC;
36840 : E8;
36841 : EC;
36842 : F0;
36843 : F0;
36844 : F0;
36845 : F0;
36846 : F4;
36847 : F4;
36848 : F4;
36849 : F4;
36850 : F4;
36851 : F4;
36852 : F4;
36853 : F4;
36854 : F4;
36855 : F4;
36856 : F4;
36857 : F4;
36858 : F4;
36859 : F4;
36860 : F4;
36861 : F4;
36862 : F4;
36863 : F4;
36864 : F4;
36865 : F4;
36866 : F4;
36867 : F4;
36868 : F8;
36869 : F4;
36870 : F4;
36871 : F4;
36872 : F0;
36873 : F0;
36874 : F0;
36875 : F0;
36876 : F0;
36877 : F0;
36878 : F4;
36879 : F4;
36880 : F0;
36881 : EC;
36882 : EC;
36883 : EC;
36884 : EC;
36885 : EC;
36886 : F0;
36887 : F4;
36888 : F4;
36889 : F4;
36890 : F0;
36891 : F0;
36892 : F0;
36893 : F0;
36894 : F4;
36895 : F4;
36896 : F4;
36897 : F0;
36898 : F0;
36899 : F0;
36900 : F0;
36901 : F0;
36902 : EC;
36903 : F0;
36904 : EC;
36905 : EC;
36906 : E8;
36907 : E8;
36908 : EC;
36909 : F0;
36910 : F0;
36911 : F0;
36912 : F0;
36913 : F4;
36914 : F4;
36915 : F4;
36916 : F4;
36917 : F4;
36918 : F4;
36919 : F4;
36920 : F4;
36921 : F4;
36922 : F4;
36923 : F0;
36924 : F0;
36925 : F0;
36926 : F4;
36927 : F4;
36928 : F8;
36929 : F8;
36930 : F8;
36931 : F4;
36932 : F4;
36933 : F8;
36934 : F8;
36935 : F8;
36936 : F8;
36937 : F4;
36938 : F4;
36939 : F8;
36940 : F4;
36941 : F4;
36942 : F4;
36943 : F4;
36944 : F4;
36945 : F4;
36946 : F4;
36947 : F4;
36948 : F0;
36949 : F4;
36950 : F4;
36951 : F0;
36952 : EC;
36953 : EC;
36954 : EC;
36955 : F0;
36956 : F0;
36957 : F0;
36958 : EC;
36959 : E8;
36960 : F4;
36961 : F0;
36962 : F0;
36963 : F0;
36964 : F0;
36965 : F0;
36966 : F0;
36967 : F0;
36968 : F0;
36969 : EC;
36970 : EC;
36971 : EC;
36972 : EC;
36973 : EC;
36974 : EC;
36975 : F0;
36976 : F0;
36977 : F4;
36978 : F0;
36979 : F0;
36980 : F0;
36981 : F0;
36982 : F4;
36983 : F4;
36984 : F8;
36985 : F8;
36986 : F8;
36987 : F4;
36988 : F0;
36989 : F0;
36990 : F4;
36991 : F4;
36992 : F4;
36993 : F4;
36994 : F4;
36995 : F8;
36996 : F4;
36997 : F8;
36998 : F8;
36999 : F8;
37000 : F8;
37001 : F4;
37002 : F8;
37003 : F8;
37004 : F8;
37005 : F4;
37006 : F4;
37007 : F8;
37008 : F8;
37009 : F4;
37010 : F4;
37011 : F0;
37012 : F0;
37013 : F0;
37014 : F0;
37015 : F0;
37016 : F0;
37017 : F0;
37018 : EC;
37019 : F0;
37020 : F0;
37021 : F0;
37022 : F0;
37023 : EC;
37024 : E8;
37025 : E8;
37026 : E8;
37027 : EC;
37028 : EC;
37029 : EC;
37030 : F0;
37031 : F0;
37032 : F4;
37033 : F0;
37034 : F0;
37035 : F0;
37036 : F0;
37037 : F0;
37038 : F0;
37039 : F0;
37040 : F4;
37041 : F8;
37042 : F8;
37043 : F4;
37044 : F8;
37045 : F8;
37046 : F4;
37047 : F4;
37048 : F4;
37049 : F4;
37050 : F4;
37051 : F4;
37052 : F4;
37053 : F4;
37054 : F4;
37055 : F4;
37056 : F4;
37057 : F8;
37058 : F8;
37059 : F8;
37060 : F4;
37061 : F4;
37062 : F4;
37063 : F4;
37064 : F4;
37065 : F4;
37066 : F0;
37067 : F0;
37068 : F4;
37069 : F4;
37070 : F0;
37071 : EC;
37072 : EC;
37073 : F0;
37074 : F0;
37075 : F0;
37076 : EC;
37077 : EC;
37078 : EC;
37079 : EC;
37080 : EC;
37081 : EC;
37082 : F0;
37083 : F0;
37084 : F0;
37085 : F0;
37086 : F4;
37087 : F4;
37088 : F4;
37089 : F4;
37090 : F4;
37091 : F4;
37092 : F4;
37093 : F4;
37094 : F4;
37095 : F4;
37096 : F4;
37097 : F4;
37098 : F4;
37099 : F4;
37100 : F4;
37101 : F8;
37102 : F8;
37103 : F4;
37104 : F4;
37105 : F4;
37106 : F4;
37107 : F4;
37108 : F8;
37109 : F8;
37110 : F4;
37111 : F4;
37112 : F0;
37113 : F0;
37114 : F0;
37115 : F0;
37116 : F4;
37117 : F4;
37118 : F4;
37119 : F4;
37120 : F4;
37121 : F0;
37122 : F0;
37123 : EC;
37124 : EC;
37125 : F0;
37126 : F4;
37127 : F4;
37128 : F4;
37129 : F4;
37130 : F0;
37131 : F0;
37132 : F0;
37133 : F0;
37134 : F0;
37135 : F4;
37136 : F4;
37137 : F4;
37138 : F4;
37139 : F4;
37140 : F0;
37141 : F0;
37142 : F0;
37143 : F0;
37144 : F0;
37145 : EC;
37146 : EC;
37147 : EC;
37148 : F0;
37149 : F0;
37150 : F0;
37151 : F0;
37152 : F0;
37153 : F4;
37154 : F4;
37155 : F4;
37156 : F4;
37157 : F4;
37158 : F4;
37159 : F4;
37160 : F4;
37161 : F4;
37162 : F4;
37163 : F4;
37164 : F0;
37165 : F0;
37166 : F4;
37167 : F4;
37168 : F8;
37169 : F8;
37170 : F8;
37171 : F4;
37172 : F4;
37173 : F4;
37174 : F8;
37175 : F8;
37176 : F8;
37177 : F4;
37178 : F4;
37179 : F4;
37180 : F4;
37181 : F4;
37182 : F4;
37183 : F4;
37184 : F4;
37185 : F4;
37186 : F4;
37187 : F4;
37188 : F4;
37189 : F4;
37190 : F0;
37191 : EC;
37192 : EC;
37193 : EC;
37194 : EC;
37195 : F0;
37196 : F0;
37197 : F0;
37198 : EC;
37199 : E8;
37200 : F4;
37201 : F0;
37202 : F0;
37203 : F0;
37204 : F0;
37205 : F0;
37206 : F0;
37207 : F0;
37208 : F0;
37209 : EC;
37210 : EC;
37211 : EC;
37212 : EC;
37213 : EC;
37214 : EC;
37215 : F0;
37216 : F0;
37217 : F4;
37218 : F0;
37219 : F0;
37220 : F0;
37221 : F0;
37222 : F4;
37223 : F4;
37224 : F8;
37225 : F8;
37226 : F4;
37227 : F4;
37228 : F0;
37229 : F0;
37230 : F4;
37231 : F4;
37232 : F4;
37233 : F4;
37234 : F4;
37235 : F8;
37236 : F8;
37237 : F8;
37238 : F8;
37239 : F8;
37240 : F4;
37241 : F4;
37242 : F4;
37243 : F8;
37244 : F8;
37245 : F8;
37246 : F8;
37247 : F8;
37248 : F8;
37249 : F8;
37250 : F4;
37251 : F0;
37252 : F0;
37253 : F0;
37254 : F0;
37255 : F0;
37256 : F0;
37257 : F0;
37258 : F0;
37259 : F0;
37260 : F4;
37261 : F0;
37262 : F0;
37263 : EC;
37264 : E8;
37265 : E8;
37266 : EC;
37267 : EC;
37268 : EC;
37269 : F0;
37270 : F0;
37271 : F4;
37272 : F4;
37273 : F0;
37274 : F0;
37275 : F0;
37276 : F0;
37277 : F0;
37278 : F0;
37279 : F4;
37280 : F8;
37281 : F8;
37282 : F8;
37283 : F4;
37284 : F8;
37285 : F4;
37286 : F4;
37287 : F4;
37288 : F4;
37289 : F4;
37290 : F4;
37291 : F4;
37292 : F4;
37293 : F4;
37294 : F4;
37295 : F4;
37296 : F4;
37297 : F8;
37298 : F8;
37299 : F8;
37300 : F4;
37301 : F4;
37302 : F4;
37303 : F4;
37304 : F8;
37305 : F4;
37306 : F4;
37307 : F4;
37308 : F4;
37309 : F4;
37310 : F0;
37311 : EC;
37312 : EC;
37313 : F0;
37314 : F0;
37315 : F0;
37316 : EC;
37317 : EC;
37318 : EC;
37319 : EC;
37320 : EC;
37321 : EC;
37322 : F0;
37323 : F0;
37324 : F0;
37325 : F0;
37326 : F4;
37327 : F4;
37328 : F4;
37329 : F0;
37330 : F0;
37331 : F4;
37332 : F8;
37333 : F4;
37334 : F4;
37335 : F4;
37336 : F4;
37337 : F4;
37338 : F4;
37339 : F4;
37340 : F4;
37341 : F8;
37342 : F8;
37343 : F4;
37344 : F4;
37345 : F4;
37346 : F4;
37347 : F4;
37348 : F4;
37349 : F4;
37350 : F4;
37351 : F4;
37352 : F4;
37353 : F4;
37354 : F4;
37355 : F4;
37356 : F0;
37357 : F4;
37358 : F4;
37359 : F4;
37360 : F4;
37361 : F4;
37362 : F0;
37363 : F0;
37364 : F0;
37365 : F0;
37366 : F4;
37367 : F4;
37368 : F4;
37369 : F4;
37370 : F4;
37371 : F0;
37372 : F0;
37373 : F0;
37374 : F0;
37375 : F4;
37376 : F4;
37377 : F4;
37378 : F4;
37379 : F4;
37380 : F0;
37381 : F0;
37382 : F0;
37383 : F0;
37384 : F0;
37385 : EC;
37386 : EC;
37387 : F0;
37388 : F0;
37389 : F0;
37390 : F0;
37391 : F0;
37392 : F4;
37393 : F4;
37394 : F4;
37395 : F4;
37396 : F4;
37397 : F4;
37398 : F4;
37399 : F4;
37400 : F4;
37401 : F4;
37402 : F4;
37403 : F4;
37404 : F0;
37405 : F0;
37406 : F4;
37407 : F4;
37408 : F8;
37409 : F8;
37410 : F8;
37411 : F4;
37412 : F4;
37413 : F4;
37414 : F8;
37415 : F8;
37416 : F8;
37417 : F4;
37418 : F4;
37419 : F4;
37420 : F4;
37421 : F4;
37422 : F4;
37423 : F8;
37424 : F8;
37425 : F4;
37426 : F4;
37427 : F4;
37428 : F8;
37429 : F4;
37430 : F0;
37431 : EC;
37432 : EC;
37433 : EC;
37434 : EC;
37435 : F0;
37436 : F0;
37437 : EC;
37438 : EC;
37439 : E8;
37440 : F4;
37441 : F0;
37442 : F0;
37443 : F0;
37444 : F4;
37445 : F4;
37446 : F0;
37447 : F0;
37448 : F0;
37449 : F0;
37450 : EC;
37451 : EC;
37452 : EC;
37453 : EC;
37454 : EC;
37455 : F0;
37456 : F0;
37457 : F4;
37458 : F0;
37459 : F0;
37460 : F0;
37461 : F0;
37462 : F4;
37463 : F4;
37464 : F8;
37465 : F8;
37466 : F4;
37467 : F4;
37468 : F0;
37469 : F4;
37470 : F4;
37471 : F4;
37472 : F4;
37473 : F4;
37474 : F4;
37475 : F8;
37476 : F8;
37477 : F8;
37478 : F8;
37479 : F4;
37480 : F4;
37481 : F4;
37482 : F4;
37483 : F8;
37484 : F8;
37485 : F8;
37486 : F8;
37487 : F8;
37488 : F8;
37489 : F8;
37490 : F8;
37491 : F4;
37492 : F4;
37493 : F0;
37494 : F0;
37495 : F0;
37496 : F0;
37497 : F0;
37498 : F0;
37499 : F4;
37500 : F4;
37501 : F0;
37502 : EC;
37503 : EC;
37504 : E8;
37505 : E8;
37506 : EC;
37507 : EC;
37508 : EC;
37509 : F0;
37510 : F4;
37511 : F4;
37512 : F0;
37513 : F0;
37514 : F0;
37515 : F0;
37516 : F0;
37517 : F4;
37518 : F4;
37519 : F4;
37520 : F8;
37521 : F8;
37522 : F8;
37523 : F8;
37524 : F4;
37525 : F4;
37526 : F4;
37527 : F4;
37528 : F4;
37529 : F4;
37530 : F4;
37531 : F4;
37532 : F4;
37533 : F8;
37534 : F4;
37535 : F4;
37536 : F4;
37537 : F8;
37538 : F8;
37539 : F8;
37540 : F8;
37541 : F4;
37542 : F4;
37543 : F4;
37544 : F8;
37545 : F4;
37546 : F4;
37547 : F4;
37548 : F4;
37549 : F4;
37550 : F0;
37551 : EC;
37552 : EC;
37553 : F0;
37554 : F0;
37555 : F0;
37556 : EC;
37557 : EC;
37558 : EC;
37559 : EC;
37560 : EC;
37561 : F0;
37562 : F0;
37563 : F0;
37564 : F0;
37565 : F4;
37566 : F4;
37567 : F4;
37568 : F4;
37569 : F0;
37570 : F0;
37571 : F4;
37572 : F8;
37573 : F8;
37574 : F4;
37575 : F4;
37576 : F4;
37577 : F4;
37578 : F4;
37579 : F4;
37580 : F4;
37581 : F4;
37582 : F8;
37583 : F8;
37584 : F4;
37585 : F4;
37586 : F8;
37587 : F8;
37588 : F8;
37589 : F4;
37590 : F4;
37591 : F4;
37592 : F4;
37593 : F4;
37594 : F4;
37595 : F4;
37596 : F0;
37597 : F0;
37598 : F0;
37599 : F0;
37600 : F4;
37601 : F4;
37602 : F4;
37603 : F0;
37604 : F0;
37605 : F4;
37606 : F4;
37607 : F4;
37608 : F4;
37609 : F4;
37610 : F4;
37611 : F0;
37612 : F0;
37613 : F0;
37614 : F0;
37615 : F0;
37616 : F4;
37617 : F4;
37618 : F4;
37619 : F4;
37620 : F0;
37621 : F0;
37622 : F0;
37623 : F0;
37624 : F0;
37625 : F0;
37626 : F0;
37627 : F0;
37628 : F0;
37629 : F0;
37630 : F0;
37631 : F4;
37632 : F4;
37633 : F4;
37634 : F0;
37635 : F4;
37636 : F4;
37637 : F8;
37638 : F4;
37639 : F4;
37640 : F8;
37641 : F4;
37642 : F4;
37643 : F4;
37644 : F4;
37645 : F4;
37646 : F4;
37647 : F4;
37648 : F8;
37649 : F8;
37650 : F4;
37651 : F4;
37652 : F8;
37653 : F8;
37654 : F8;
37655 : F4;
37656 : F4;
37657 : F8;
37658 : F8;
37659 : F4;
37660 : F4;
37661 : F8;
37662 : F8;
37663 : F8;
37664 : F4;
37665 : F4;
37666 : F4;
37667 : F4;
37668 : F8;
37669 : F4;
37670 : F0;
37671 : EC;
37672 : EC;
37673 : EC;
37674 : F0;
37675 : F0;
37676 : EC;
37677 : EC;
37678 : EC;
37679 : EC;
37680 : F4;
37681 : F0;
37682 : F0;
37683 : F4;
37684 : F4;
37685 : F4;
37686 : F0;
37687 : F0;
37688 : F0;
37689 : F0;
37690 : EC;
37691 : EC;
37692 : EC;
37693 : F0;
37694 : F0;
37695 : F0;
37696 : F0;
37697 : F0;
37698 : F4;
37699 : F4;
37700 : F4;
37701 : F4;
37702 : F4;
37703 : F4;
37704 : F8;
37705 : F8;
37706 : F8;
37707 : F4;
37708 : F4;
37709 : F4;
37710 : F4;
37711 : F4;
37712 : F4;
37713 : F4;
37714 : F4;
37715 : F8;
37716 : F8;
37717 : F8;
37718 : F8;
37719 : F8;
37720 : F4;
37721 : F4;
37722 : F4;
37723 : F4;
37724 : F8;
37725 : F8;
37726 : F8;
37727 : F8;
37728 : F8;
37729 : F8;
37730 : F8;
37731 : F4;
37732 : F4;
37733 : F0;
37734 : F0;
37735 : F0;
37736 : F0;
37737 : F0;
37738 : F0;
37739 : F4;
37740 : F4;
37741 : F0;
37742 : F0;
37743 : EC;
37744 : EC;
37745 : EC;
37746 : EC;
37747 : EC;
37748 : EC;
37749 : F0;
37750 : F4;
37751 : F4;
37752 : F0;
37753 : F0;
37754 : F0;
37755 : F0;
37756 : F0;
37757 : F0;
37758 : F4;
37759 : F4;
37760 : F4;
37761 : F4;
37762 : F8;
37763 : F8;
37764 : F4;
37765 : F4;
37766 : F4;
37767 : F4;
37768 : F4;
37769 : F4;
37770 : F4;
37771 : F4;
37772 : F4;
37773 : F8;
37774 : F8;
37775 : F4;
37776 : F8;
37777 : F8;
37778 : F8;
37779 : F8;
37780 : F8;
37781 : F4;
37782 : F4;
37783 : F4;
37784 : F4;
37785 : F4;
37786 : F4;
37787 : F4;
37788 : F4;
37789 : F4;
37790 : F4;
37791 : F0;
37792 : F0;
37793 : F0;
37794 : F0;
37795 : F0;
37796 : EC;
37797 : EC;
37798 : EC;
37799 : F0;
37800 : F0;
37801 : F0;
37802 : F0;
37803 : F0;
37804 : F4;
37805 : F4;
37806 : F4;
37807 : F4;
37808 : F4;
37809 : F0;
37810 : F0;
37811 : F4;
37812 : F8;
37813 : F8;
37814 : F4;
37815 : F4;
37816 : F4;
37817 : F4;
37818 : F4;
37819 : F4;
37820 : F4;
37821 : F4;
37822 : F8;
37823 : F8;
37824 : F8;
37825 : F8;
37826 : F8;
37827 : F8;
37828 : F8;
37829 : F4;
37830 : F4;
37831 : F4;
37832 : F4;
37833 : F4;
37834 : F4;
37835 : F4;
37836 : F0;
37837 : F0;
37838 : F0;
37839 : F0;
37840 : F4;
37841 : F4;
37842 : F4;
37843 : F4;
37844 : F4;
37845 : F4;
37846 : F4;
37847 : F4;
37848 : F4;
37849 : F4;
37850 : F4;
37851 : F0;
37852 : F0;
37853 : F0;
37854 : F0;
37855 : F0;
37856 : F0;
37857 : F4;
37858 : F4;
37859 : F4;
37860 : F4;
37861 : F4;
37862 : F0;
37863 : F0;
37864 : F0;
37865 : F0;
37866 : F0;
37867 : F0;
37868 : F0;
37869 : F0;
37870 : F0;
37871 : F4;
37872 : F0;
37873 : F0;
37874 : F0;
37875 : F0;
37876 : F4;
37877 : F8;
37878 : F4;
37879 : F4;
37880 : F8;
37881 : F8;
37882 : F4;
37883 : F4;
37884 : F4;
37885 : F4;
37886 : F4;
37887 : F8;
37888 : F8;
37889 : F8;
37890 : F8;
37891 : F8;
37892 : F8;
37893 : F8;
37894 : F8;
37895 : F4;
37896 : F4;
37897 : F4;
37898 : F8;
37899 : F4;
37900 : F4;
37901 : F8;
37902 : F8;
37903 : F8;
37904 : F4;
37905 : F4;
37906 : F4;
37907 : F4;
37908 : F4;
37909 : F4;
37910 : F0;
37911 : EC;
37912 : EC;
37913 : F0;
37914 : F0;
37915 : EC;
37916 : EC;
37917 : EC;
37918 : EC;
37919 : EC;
37920 : F0;
37921 : F0;
37922 : F0;
37923 : F4;
37924 : F4;
37925 : F4;
37926 : F0;
37927 : F0;
37928 : F4;
37929 : F0;
37930 : EC;
37931 : EC;
37932 : F0;
37933 : F0;
37934 : F0;
37935 : F0;
37936 : F0;
37937 : F0;
37938 : F0;
37939 : F4;
37940 : F4;
37941 : F4;
37942 : F4;
37943 : F4;
37944 : F8;
37945 : F8;
37946 : F8;
37947 : F8;
37948 : F4;
37949 : F4;
37950 : F4;
37951 : F4;
37952 : F4;
37953 : F4;
37954 : F4;
37955 : F4;
37956 : F8;
37957 : F8;
37958 : F8;
37959 : F8;
37960 : F8;
37961 : F4;
37962 : F4;
37963 : F4;
37964 : F4;
37965 : F8;
37966 : F8;
37967 : F8;
37968 : F8;
37969 : F8;
37970 : F4;
37971 : F4;
37972 : F4;
37973 : F4;
37974 : F4;
37975 : F0;
37976 : F0;
37977 : F0;
37978 : F4;
37979 : F4;
37980 : F4;
37981 : F0;
37982 : F0;
37983 : EC;
37984 : EC;
37985 : EC;
37986 : EC;
37987 : EC;
37988 : EC;
37989 : F0;
37990 : F4;
37991 : F4;
37992 : F0;
37993 : F0;
37994 : F0;
37995 : F0;
37996 : F0;
37997 : F0;
37998 : F4;
37999 : F4;
38000 : F4;
38001 : F4;
38002 : F4;
38003 : F8;
38004 : F4;
38005 : F4;
38006 : F4;
38007 : F4;
38008 : F4;
38009 : F4;
38010 : F4;
38011 : F4;
38012 : F4;
38013 : F8;
38014 : F8;
38015 : F8;
38016 : F8;
38017 : F8;
38018 : F8;
38019 : F8;
38020 : F4;
38021 : F4;
38022 : F4;
38023 : F4;
38024 : F4;
38025 : F4;
38026 : F4;
38027 : F4;
38028 : F4;
38029 : F4;
38030 : F4;
38031 : F4;
38032 : F0;
38033 : F0;
38034 : F0;
38035 : F0;
38036 : F0;
38037 : F0;
38038 : F0;
38039 : F0;
38040 : F0;
38041 : F0;
38042 : F0;
38043 : F0;
38044 : F4;
38045 : F4;
38046 : F4;
38047 : F4;
38048 : F4;
38049 : F0;
38050 : F0;
38051 : F0;
38052 : F4;
38053 : F8;
38054 : F8;
38055 : F4;
38056 : F4;
38057 : F4;
38058 : F8;
38059 : F8;
38060 : F8;
38061 : F4;
38062 : F4;
38063 : F8;
38064 : F8;
38065 : F8;
38066 : F8;
38067 : F8;
38068 : F8;
38069 : F4;
38070 : F4;
38071 : F4;
38072 : F4;
38073 : F4;
38074 : F4;
38075 : F4;
38076 : F0;
38077 : F0;
38078 : F0;
38079 : F0;
38080 : F4;
38081 : F4;
38082 : F8;
38083 : F4;
38084 : F4;
38085 : F4;
38086 : F4;
38087 : F4;
38088 : F4;
38089 : F4;
38090 : F4;
38091 : F4;
38092 : F0;
38093 : F0;
38094 : F0;
38095 : F0;
38096 : F0;
38097 : F4;
38098 : F4;
38099 : F4;
38100 : F4;
38101 : F4;
38102 : F0;
38103 : F4;
38104 : F4;
38105 : F4;
38106 : F0;
38107 : F0;
38108 : F0;
38109 : F0;
38110 : F0;
38111 : F4;
38112 : F4;
38113 : F0;
38114 : F0;
38115 : F0;
38116 : F4;
38117 : F8;
38118 : F4;
38119 : F8;
38120 : F8;
38121 : F8;
38122 : F4;
38123 : F4;
38124 : F4;
38125 : F4;
38126 : F4;
38127 : F8;
38128 : F8;
38129 : F4;
38130 : F8;
38131 : F8;
38132 : F8;
38133 : F8;
38134 : F4;
38135 : F4;
38136 : F4;
38137 : F4;
38138 : F4;
38139 : F4;
38140 : F8;
38141 : F8;
38142 : F8;
38143 : F4;
38144 : F4;
38145 : F4;
38146 : F4;
38147 : F4;
38148 : F4;
38149 : F4;
38150 : F4;
38151 : F0;
38152 : F0;
38153 : F0;
38154 : F0;
38155 : EC;
38156 : EC;
38157 : EC;
38158 : EC;
38159 : EC;
38160 : F0;
38161 : F0;
38162 : F4;
38163 : F4;
38164 : F4;
38165 : F4;
38166 : F4;
38167 : F0;
38168 : F0;
38169 : F0;
38170 : F0;
38171 : F0;
38172 : F0;
38173 : F0;
38174 : F0;
38175 : F0;
38176 : F0;
38177 : F0;
38178 : F0;
38179 : F4;
38180 : F4;
38181 : F4;
38182 : F4;
38183 : F4;
38184 : F8;
38185 : F8;
38186 : F8;
38187 : F8;
38188 : F8;
38189 : F4;
38190 : F4;
38191 : F4;
38192 : F4;
38193 : F4;
38194 : F4;
38195 : F4;
38196 : F8;
38197 : F8;
38198 : F8;
38199 : F8;
38200 : F8;
38201 : F8;
38202 : F4;
38203 : F4;
38204 : F4;
38205 : F8;
38206 : F8;
38207 : F8;
38208 : F8;
38209 : F4;
38210 : F4;
38211 : F4;
38212 : F4;
38213 : F4;
38214 : F4;
38215 : F4;
38216 : F0;
38217 : F0;
38218 : F0;
38219 : F4;
38220 : F4;
38221 : F0;
38222 : F0;
38223 : F0;
38224 : EC;
38225 : EC;
38226 : EC;
38227 : EC;
38228 : EC;
38229 : F0;
38230 : F4;
38231 : F4;
38232 : F0;
38233 : F0;
38234 : F0;
38235 : F0;
38236 : F0;
38237 : F0;
38238 : F4;
38239 : F4;
38240 : F4;
38241 : F4;
38242 : F8;
38243 : F8;
38244 : F4;
38245 : F4;
38246 : F4;
38247 : F4;
38248 : F4;
38249 : F4;
38250 : F4;
38251 : F4;
38252 : F4;
38253 : F8;
38254 : F8;
38255 : F8;
38256 : F8;
38257 : F8;
38258 : F8;
38259 : F8;
38260 : F4;
38261 : F4;
38262 : F4;
38263 : F0;
38264 : F4;
38265 : F4;
38266 : F4;
38267 : F4;
38268 : F4;
38269 : F4;
38270 : F4;
38271 : F4;
38272 : F4;
38273 : F0;
38274 : F0;
38275 : F0;
38276 : F0;
38277 : F0;
38278 : F4;
38279 : F4;
38280 : F4;
38281 : F0;
38282 : F0;
38283 : F4;
38284 : F4;
38285 : F4;
38286 : F4;
38287 : F4;
38288 : F4;
38289 : F4;
38290 : F0;
38291 : F0;
38292 : F4;
38293 : F8;
38294 : F8;
38295 : F4;
38296 : F4;
38297 : F4;
38298 : F8;
38299 : F8;
38300 : F4;
38301 : F4;
38302 : F4;
38303 : F8;
38304 : F8;
38305 : F8;
38306 : F8;
38307 : F8;
38308 : F8;
38309 : F8;
38310 : F8;
38311 : F4;
38312 : F4;
38313 : F4;
38314 : F4;
38315 : F4;
38316 : F0;
38317 : F0;
38318 : F0;
38319 : F0;
38320 : F4;
38321 : F4;
38322 : F8;
38323 : F4;
38324 : F4;
38325 : F4;
38326 : F4;
38327 : F4;
38328 : F4;
38329 : F4;
38330 : F4;
38331 : F4;
38332 : F0;
38333 : F0;
38334 : F0;
38335 : F0;
38336 : F0;
38337 : F4;
38338 : F4;
38339 : F4;
38340 : F4;
38341 : F4;
38342 : F0;
38343 : F0;
38344 : F4;
38345 : F4;
38346 : F4;
38347 : F0;
38348 : F0;
38349 : F0;
38350 : F4;
38351 : F4;
38352 : F0;
38353 : F4;
38354 : F4;
38355 : F4;
38356 : F4;
38357 : F8;
38358 : F8;
38359 : F8;
38360 : F8;
38361 : F8;
38362 : F4;
38363 : F4;
38364 : F4;
38365 : F4;
38366 : F8;
38367 : F8;
38368 : F8;
38369 : F8;
38370 : F8;
38371 : F8;
38372 : F8;
38373 : F4;
38374 : F4;
38375 : F4;
38376 : F4;
38377 : F4;
38378 : F4;
38379 : F8;
38380 : F8;
38381 : F8;
38382 : F8;
38383 : F4;
38384 : F4;
38385 : F4;
38386 : F4;
38387 : F4;
38388 : F4;
38389 : F4;
38390 : F4;
38391 : F0;
38392 : F0;
38393 : F0;
38394 : F0;
38395 : EC;
38396 : EC;
38397 : EC;
38398 : F0;
38399 : F0;
END;
