WIDTH=8;
DEPTH=38400;
ADDRESS_RADIX=UNS;
DATA_RADIX=HEX;

CONTENT BEGIN
0 : 00;
1 : 00;
2 : 00;
3 : 00;
4 : 00;
5 : 00;
6 : 00;
7 : 00;
8 : 00;
9 : 00;
10 : 00;
11 : 00;
12 : 00;
13 : 00;
14 : 00;
15 : 00;
16 : 00;
17 : 00;
18 : 00;
19 : 00;
20 : 00;
21 : 00;
22 : 00;
23 : 00;
24 : 00;
25 : 00;
26 : 00;
27 : 00;
28 : 00;
29 : 00;
30 : 00;
31 : 00;
32 : 00;
33 : 00;
34 : 00;
35 : 00;
36 : 00;
37 : 00;
38 : 00;
39 : 00;
40 : 00;
41 : 00;
42 : 00;
43 : 00;
44 : 00;
45 : 00;
46 : 00;
47 : 00;
48 : 00;
49 : 00;
50 : 00;
51 : 00;
52 : 00;
53 : 00;
54 : 00;
55 : 00;
56 : 00;
57 : 00;
58 : 00;
59 : 00;
60 : 00;
61 : 00;
62 : 00;
63 : 00;
64 : 00;
65 : 00;
66 : 00;
67 : 00;
68 : 00;
69 : 00;
70 : 00;
71 : 00;
72 : 00;
73 : 00;
74 : 00;
75 : 00;
76 : 00;
77 : 00;
78 : 00;
79 : 00;
80 : 00;
81 : 00;
82 : 00;
83 : 00;
84 : 00;
85 : 00;
86 : 00;
87 : 00;
88 : 00;
89 : 00;
90 : 00;
91 : 00;
92 : 00;
93 : 00;
94 : 00;
95 : 00;
96 : 00;
97 : 00;
98 : 00;
99 : 00;
100 : 00;
101 : 00;
102 : 00;
103 : 00;
104 : 00;
105 : 00;
106 : 00;
107 : 00;
108 : 00;
109 : 00;
110 : 00;
111 : 00;
112 : 00;
113 : 00;
114 : 00;
115 : 00;
116 : 00;
117 : 00;
118 : 00;
119 : 00;
120 : 00;
121 : 00;
122 : 00;
123 : 00;
124 : 00;
125 : 00;
126 : 00;
127 : 00;
128 : 00;
129 : 00;
130 : 00;
131 : 00;
132 : 00;
133 : 00;
134 : 00;
135 : 00;
136 : 00;
137 : 00;
138 : 00;
139 : 00;
140 : 00;
141 : 00;
142 : 00;
143 : 00;
144 : 00;
145 : 00;
146 : 00;
147 : 00;
148 : 00;
149 : 00;
150 : 00;
151 : 00;
152 : 00;
153 : 00;
154 : 00;
155 : 00;
156 : 00;
157 : 00;
158 : 00;
159 : 00;
160 : 00;
161 : 00;
162 : 00;
163 : 00;
164 : 00;
165 : 00;
166 : 00;
167 : 00;
168 : 00;
169 : 00;
170 : 00;
171 : 00;
172 : 00;
173 : 00;
174 : 00;
175 : 00;
176 : 00;
177 : 00;
178 : 00;
179 : 00;
180 : 00;
181 : 00;
182 : 00;
183 : 00;
184 : 00;
185 : 00;
186 : 00;
187 : 00;
188 : 00;
189 : 00;
190 : 00;
191 : 00;
192 : 00;
193 : 00;
194 : 00;
195 : 00;
196 : 00;
197 : 00;
198 : 00;
199 : 00;
200 : 00;
201 : 00;
202 : 00;
203 : 00;
204 : 00;
205 : 00;
206 : 00;
207 : 00;
208 : 00;
209 : 00;
210 : 00;
211 : 00;
212 : 00;
213 : 00;
214 : 00;
215 : 00;
216 : 00;
217 : 00;
218 : 00;
219 : 00;
220 : 00;
221 : 00;
222 : 00;
223 : 00;
224 : 00;
225 : 00;
226 : 00;
227 : 00;
228 : 00;
229 : 00;
230 : 00;
231 : 00;
232 : 00;
233 : 00;
234 : 00;
235 : 00;
236 : 00;
237 : 00;
238 : 00;
239 : 00;
240 : 00;
241 : 00;
242 : 00;
243 : 00;
244 : 00;
245 : 00;
246 : 00;
247 : 00;
248 : 00;
249 : 00;
250 : 00;
251 : 00;
252 : 00;
253 : 00;
254 : 00;
255 : 00;
256 : 00;
257 : 00;
258 : 00;
259 : 00;
260 : 00;
261 : 00;
262 : 00;
263 : 00;
264 : 00;
265 : 00;
266 : 00;
267 : 00;
268 : 00;
269 : 00;
270 : 00;
271 : 00;
272 : 00;
273 : 00;
274 : 00;
275 : 00;
276 : 00;
277 : 00;
278 : 00;
279 : 00;
280 : 00;
281 : 00;
282 : 00;
283 : 00;
284 : 00;
285 : 00;
286 : 00;
287 : 00;
288 : 00;
289 : 00;
290 : 00;
291 : 00;
292 : 00;
293 : 00;
294 : 00;
295 : 00;
296 : 00;
297 : 00;
298 : 00;
299 : 00;
300 : 00;
301 : 00;
302 : 00;
303 : 00;
304 : 00;
305 : 00;
306 : 00;
307 : 00;
308 : 00;
309 : 00;
310 : 00;
311 : 00;
312 : 00;
313 : 00;
314 : 00;
315 : 00;
316 : 00;
317 : 00;
318 : 00;
319 : 00;
320 : 00;
321 : 00;
322 : 00;
323 : 00;
324 : 00;
325 : 00;
326 : 00;
327 : 00;
328 : 00;
329 : 00;
330 : 00;
331 : 00;
332 : 00;
333 : 00;
334 : 00;
335 : 00;
336 : 00;
337 : 00;
338 : 00;
339 : 00;
340 : 00;
341 : 00;
342 : 00;
343 : 00;
344 : 00;
345 : 00;
346 : 00;
347 : 00;
348 : 00;
349 : 00;
350 : 00;
351 : 00;
352 : 00;
353 : 00;
354 : 00;
355 : 00;
356 : 00;
357 : 00;
358 : 00;
359 : 00;
360 : 00;
361 : 00;
362 : 00;
363 : 00;
364 : 00;
365 : 00;
366 : 00;
367 : 00;
368 : 00;
369 : 00;
370 : 00;
371 : 00;
372 : 00;
373 : 00;
374 : 00;
375 : 00;
376 : 00;
377 : 00;
378 : 00;
379 : 00;
380 : 00;
381 : 00;
382 : 00;
383 : 00;
384 : 00;
385 : 00;
386 : 00;
387 : 00;
388 : 00;
389 : 00;
390 : 00;
391 : 00;
392 : 00;
393 : 00;
394 : 00;
395 : 00;
396 : 00;
397 : 00;
398 : 00;
399 : 00;
400 : 00;
401 : 00;
402 : 00;
403 : 00;
404 : 00;
405 : 00;
406 : 00;
407 : 00;
408 : 00;
409 : 00;
410 : 00;
411 : 00;
412 : 00;
413 : 00;
414 : 00;
415 : 00;
416 : 00;
417 : 00;
418 : 00;
419 : 00;
420 : 00;
421 : 00;
422 : 00;
423 : 00;
424 : 00;
425 : 00;
426 : 00;
427 : 00;
428 : 00;
429 : 00;
430 : 00;
431 : 00;
432 : 00;
433 : 00;
434 : 00;
435 : 00;
436 : 00;
437 : 00;
438 : 00;
439 : 00;
440 : 00;
441 : 00;
442 : 00;
443 : 00;
444 : 00;
445 : 00;
446 : 00;
447 : 00;
448 : 00;
449 : 00;
450 : 00;
451 : 00;
452 : 00;
453 : 00;
454 : 00;
455 : 00;
456 : 00;
457 : 00;
458 : 00;
459 : 00;
460 : 00;
461 : 00;
462 : 00;
463 : 00;
464 : 00;
465 : 00;
466 : 00;
467 : 00;
468 : 00;
469 : 00;
470 : 00;
471 : 00;
472 : 00;
473 : 00;
474 : 00;
475 : 00;
476 : 00;
477 : 00;
478 : 00;
479 : 00;
480 : 00;
481 : 00;
482 : 00;
483 : 00;
484 : 00;
485 : 00;
486 : 00;
487 : 00;
488 : 00;
489 : 00;
490 : 00;
491 : 00;
492 : 00;
493 : 00;
494 : 00;
495 : 00;
496 : 00;
497 : 00;
498 : 00;
499 : 00;
500 : 00;
501 : 00;
502 : 00;
503 : 00;
504 : 00;
505 : 00;
506 : 00;
507 : 00;
508 : 00;
509 : 00;
510 : 00;
511 : 00;
512 : 00;
513 : 00;
514 : 00;
515 : 00;
516 : 00;
517 : 00;
518 : 00;
519 : 00;
520 : 00;
521 : 00;
522 : 00;
523 : 00;
524 : 00;
525 : 00;
526 : 00;
527 : 00;
528 : 00;
529 : 00;
530 : 00;
531 : 00;
532 : 00;
533 : 00;
534 : 00;
535 : 00;
536 : 00;
537 : 00;
538 : 00;
539 : 00;
540 : 00;
541 : 00;
542 : 00;
543 : 00;
544 : 00;
545 : 00;
546 : 00;
547 : 00;
548 : 00;
549 : 00;
550 : 00;
551 : 00;
552 : 00;
553 : 00;
554 : 00;
555 : 00;
556 : 00;
557 : 00;
558 : 00;
559 : 00;
560 : 00;
561 : 00;
562 : 00;
563 : 00;
564 : 00;
565 : 00;
566 : 00;
567 : 00;
568 : 00;
569 : 00;
570 : 00;
571 : 00;
572 : 00;
573 : 00;
574 : 00;
575 : 00;
576 : 00;
577 : 00;
578 : 00;
579 : 00;
580 : 00;
581 : 00;
582 : 00;
583 : 00;
584 : 00;
585 : 00;
586 : 00;
587 : 00;
588 : 00;
589 : 00;
590 : 00;
591 : 00;
592 : 00;
593 : 00;
594 : 00;
595 : 00;
596 : 00;
597 : 00;
598 : 00;
599 : 00;
600 : 00;
601 : 00;
602 : 00;
603 : 00;
604 : 00;
605 : 00;
606 : 00;
607 : 00;
608 : 00;
609 : 00;
610 : 00;
611 : 00;
612 : 00;
613 : 00;
614 : 00;
615 : 00;
616 : 00;
617 : 00;
618 : 00;
619 : 00;
620 : 00;
621 : 00;
622 : 00;
623 : 00;
624 : 00;
625 : 00;
626 : 00;
627 : 00;
628 : 00;
629 : 00;
630 : 00;
631 : 00;
632 : 00;
633 : 00;
634 : 00;
635 : 00;
636 : 00;
637 : 00;
638 : 00;
639 : 00;
640 : 00;
641 : 00;
642 : 00;
643 : 00;
644 : 00;
645 : 00;
646 : 00;
647 : 00;
648 : 00;
649 : 00;
650 : 00;
651 : 00;
652 : 00;
653 : 00;
654 : 00;
655 : 00;
656 : 00;
657 : 00;
658 : 00;
659 : 00;
660 : 00;
661 : 00;
662 : 00;
663 : 00;
664 : 00;
665 : 00;
666 : 00;
667 : 00;
668 : 00;
669 : 00;
670 : 00;
671 : 00;
672 : 00;
673 : 00;
674 : 00;
675 : 00;
676 : 00;
677 : 00;
678 : 00;
679 : 00;
680 : 00;
681 : 00;
682 : 00;
683 : 00;
684 : 00;
685 : 00;
686 : 00;
687 : 00;
688 : 00;
689 : 00;
690 : 00;
691 : 00;
692 : 00;
693 : 00;
694 : 00;
695 : 00;
696 : 00;
697 : 00;
698 : 00;
699 : 00;
700 : 00;
701 : 00;
702 : 00;
703 : 00;
704 : 00;
705 : 00;
706 : 00;
707 : 00;
708 : 00;
709 : 00;
710 : 00;
711 : 00;
712 : 00;
713 : 00;
714 : 00;
715 : 00;
716 : 00;
717 : 00;
718 : 00;
719 : 00;
720 : 00;
721 : 00;
722 : 00;
723 : 00;
724 : 00;
725 : 00;
726 : 00;
727 : 00;
728 : 00;
729 : 00;
730 : 00;
731 : 00;
732 : 00;
733 : 00;
734 : 00;
735 : 00;
736 : 00;
737 : 00;
738 : 00;
739 : 00;
740 : 00;
741 : 00;
742 : 00;
743 : 00;
744 : 00;
745 : 00;
746 : 00;
747 : 00;
748 : 00;
749 : 00;
750 : 00;
751 : 00;
752 : 00;
753 : 00;
754 : 00;
755 : 00;
756 : 00;
757 : 00;
758 : 00;
759 : 00;
760 : 00;
761 : 00;
762 : 00;
763 : 00;
764 : 00;
765 : 00;
766 : 00;
767 : 00;
768 : 00;
769 : 00;
770 : 00;
771 : 00;
772 : 00;
773 : 00;
774 : 00;
775 : 00;
776 : 00;
777 : 00;
778 : 00;
779 : 00;
780 : 00;
781 : 00;
782 : 00;
783 : 00;
784 : 00;
785 : 00;
786 : 00;
787 : 00;
788 : 00;
789 : 00;
790 : 00;
791 : 00;
792 : 00;
793 : 00;
794 : 00;
795 : 00;
796 : 00;
797 : 00;
798 : 00;
799 : 00;
800 : 00;
801 : 00;
802 : 00;
803 : 00;
804 : 00;
805 : 00;
806 : 00;
807 : 00;
808 : 00;
809 : 00;
810 : 00;
811 : 00;
812 : 00;
813 : 00;
814 : 00;
815 : 00;
816 : 00;
817 : 00;
818 : 00;
819 : 00;
820 : 00;
821 : 00;
822 : 00;
823 : 00;
824 : 00;
825 : 00;
826 : 00;
827 : 00;
828 : 00;
829 : 00;
830 : 00;
831 : 00;
832 : 00;
833 : 00;
834 : 00;
835 : 00;
836 : 00;
837 : 00;
838 : 00;
839 : 00;
840 : 00;
841 : 00;
842 : 00;
843 : 00;
844 : 00;
845 : 00;
846 : 00;
847 : 00;
848 : 00;
849 : 00;
850 : 00;
851 : 00;
852 : 00;
853 : 00;
854 : 00;
855 : 00;
856 : 00;
857 : 00;
858 : 00;
859 : 00;
860 : 00;
861 : 00;
862 : 00;
863 : 00;
864 : 00;
865 : 00;
866 : 00;
867 : 00;
868 : 00;
869 : 00;
870 : 00;
871 : 00;
872 : 00;
873 : 00;
874 : 00;
875 : 00;
876 : 00;
877 : 00;
878 : 00;
879 : 00;
880 : 00;
881 : 00;
882 : 00;
883 : 00;
884 : 00;
885 : 00;
886 : 00;
887 : 00;
888 : 00;
889 : 00;
890 : 00;
891 : 00;
892 : 00;
893 : 00;
894 : 00;
895 : 00;
896 : 00;
897 : 00;
898 : 00;
899 : 00;
900 : 00;
901 : 00;
902 : 00;
903 : 00;
904 : 00;
905 : 00;
906 : 00;
907 : 00;
908 : 00;
909 : 00;
910 : 00;
911 : 00;
912 : 00;
913 : 00;
914 : 00;
915 : 00;
916 : 00;
917 : 00;
918 : 00;
919 : 00;
920 : 00;
921 : 00;
922 : 00;
923 : 00;
924 : 00;
925 : 00;
926 : 00;
927 : 00;
928 : 00;
929 : 00;
930 : 00;
931 : 00;
932 : 00;
933 : 00;
934 : 00;
935 : 00;
936 : 00;
937 : 00;
938 : 00;
939 : 00;
940 : 00;
941 : 00;
942 : 00;
943 : 00;
944 : 00;
945 : 00;
946 : 00;
947 : 00;
948 : 00;
949 : 00;
950 : 00;
951 : 00;
952 : 00;
953 : 00;
954 : 00;
955 : 00;
956 : 00;
957 : 00;
958 : 00;
959 : 00;
960 : 00;
961 : 00;
962 : 00;
963 : 00;
964 : 00;
965 : 00;
966 : 00;
967 : 00;
968 : 00;
969 : 00;
970 : 00;
971 : 00;
972 : 00;
973 : 00;
974 : 00;
975 : 00;
976 : 00;
977 : 00;
978 : 00;
979 : 00;
980 : 00;
981 : 00;
982 : 00;
983 : 00;
984 : 00;
985 : 00;
986 : 00;
987 : 00;
988 : 00;
989 : 00;
990 : 00;
991 : 00;
992 : 00;
993 : 00;
994 : 00;
995 : 00;
996 : 00;
997 : 00;
998 : 00;
999 : 00;
1000 : 00;
1001 : 00;
1002 : 00;
1003 : 00;
1004 : 00;
1005 : 00;
1006 : 00;
1007 : 00;
1008 : 00;
1009 : 00;
1010 : 00;
1011 : 00;
1012 : 00;
1013 : 00;
1014 : 00;
1015 : 00;
1016 : 00;
1017 : 00;
1018 : 00;
1019 : 00;
1020 : 00;
1021 : 00;
1022 : 00;
1023 : 00;
1024 : 00;
1025 : 00;
1026 : 00;
1027 : 00;
1028 : 00;
1029 : 00;
1030 : 00;
1031 : 00;
1032 : 00;
1033 : 00;
1034 : 00;
1035 : 00;
1036 : 00;
1037 : 00;
1038 : 00;
1039 : 00;
1040 : 00;
1041 : 00;
1042 : 00;
1043 : 00;
1044 : 00;
1045 : 00;
1046 : 00;
1047 : 00;
1048 : 00;
1049 : 00;
1050 : 00;
1051 : 00;
1052 : 00;
1053 : 00;
1054 : 00;
1055 : 00;
1056 : 00;
1057 : 00;
1058 : 00;
1059 : 00;
1060 : 00;
1061 : 00;
1062 : 00;
1063 : 00;
1064 : 00;
1065 : 00;
1066 : 00;
1067 : 00;
1068 : 00;
1069 : 00;
1070 : 00;
1071 : 00;
1072 : 00;
1073 : 00;
1074 : 00;
1075 : 00;
1076 : 00;
1077 : 00;
1078 : 00;
1079 : 00;
1080 : 00;
1081 : 00;
1082 : 00;
1083 : 00;
1084 : 00;
1085 : 00;
1086 : 00;
1087 : 00;
1088 : 00;
1089 : 00;
1090 : 00;
1091 : 00;
1092 : 00;
1093 : 00;
1094 : 00;
1095 : 00;
1096 : 00;
1097 : 00;
1098 : 00;
1099 : 00;
1100 : 00;
1101 : 00;
1102 : 00;
1103 : 00;
1104 : 00;
1105 : 00;
1106 : 00;
1107 : 00;
1108 : 00;
1109 : 00;
1110 : 00;
1111 : 00;
1112 : 00;
1113 : 00;
1114 : 00;
1115 : 00;
1116 : 00;
1117 : 00;
1118 : 00;
1119 : 00;
1120 : 00;
1121 : 00;
1122 : 00;
1123 : 00;
1124 : 00;
1125 : 00;
1126 : 00;
1127 : 00;
1128 : 00;
1129 : 00;
1130 : 00;
1131 : 00;
1132 : 00;
1133 : 00;
1134 : 00;
1135 : 00;
1136 : 00;
1137 : 00;
1138 : 00;
1139 : 00;
1140 : 00;
1141 : 00;
1142 : 00;
1143 : 00;
1144 : 00;
1145 : 00;
1146 : 00;
1147 : 00;
1148 : 00;
1149 : 00;
1150 : 00;
1151 : 00;
1152 : 00;
1153 : 00;
1154 : 00;
1155 : 00;
1156 : 00;
1157 : 00;
1158 : 00;
1159 : 00;
1160 : 00;
1161 : 00;
1162 : 00;
1163 : 00;
1164 : 00;
1165 : 00;
1166 : 00;
1167 : 00;
1168 : 00;
1169 : 00;
1170 : 00;
1171 : 00;
1172 : 00;
1173 : 00;
1174 : 00;
1175 : 00;
1176 : 00;
1177 : 00;
1178 : 00;
1179 : 00;
1180 : 00;
1181 : 00;
1182 : 00;
1183 : 00;
1184 : 00;
1185 : 00;
1186 : 00;
1187 : 00;
1188 : 00;
1189 : 00;
1190 : 00;
1191 : 00;
1192 : 00;
1193 : 00;
1194 : 00;
1195 : 00;
1196 : 00;
1197 : 00;
1198 : 00;
1199 : 00;
1200 : 00;
1201 : 00;
1202 : 00;
1203 : 00;
1204 : 00;
1205 : 00;
1206 : 00;
1207 : 00;
1208 : 00;
1209 : 00;
1210 : 00;
1211 : 00;
1212 : 00;
1213 : 00;
1214 : 00;
1215 : 00;
1216 : 00;
1217 : 00;
1218 : 00;
1219 : 00;
1220 : 00;
1221 : 00;
1222 : 00;
1223 : 00;
1224 : 00;
1225 : 00;
1226 : 00;
1227 : 00;
1228 : 00;
1229 : 00;
1230 : 00;
1231 : 00;
1232 : 00;
1233 : 00;
1234 : 00;
1235 : 00;
1236 : 00;
1237 : 00;
1238 : 00;
1239 : 00;
1240 : 00;
1241 : 00;
1242 : 00;
1243 : 00;
1244 : 00;
1245 : 00;
1246 : 00;
1247 : 00;
1248 : 00;
1249 : 00;
1250 : 00;
1251 : 00;
1252 : 00;
1253 : 00;
1254 : 00;
1255 : 00;
1256 : 00;
1257 : 00;
1258 : 00;
1259 : 00;
1260 : 00;
1261 : 00;
1262 : 00;
1263 : 00;
1264 : 00;
1265 : 00;
1266 : 00;
1267 : 00;
1268 : 00;
1269 : 00;
1270 : 00;
1271 : 00;
1272 : 00;
1273 : 00;
1274 : 00;
1275 : 00;
1276 : 00;
1277 : 00;
1278 : 00;
1279 : 00;
1280 : 00;
1281 : 00;
1282 : 00;
1283 : 00;
1284 : 00;
1285 : 00;
1286 : 00;
1287 : 00;
1288 : 00;
1289 : 00;
1290 : 00;
1291 : 00;
1292 : 00;
1293 : 00;
1294 : 00;
1295 : 00;
1296 : 00;
1297 : 00;
1298 : 00;
1299 : 00;
1300 : 00;
1301 : 00;
1302 : 00;
1303 : 00;
1304 : 00;
1305 : 00;
1306 : 00;
1307 : 00;
1308 : 00;
1309 : 00;
1310 : 00;
1311 : 00;
1312 : 00;
1313 : 00;
1314 : 00;
1315 : 00;
1316 : 00;
1317 : 00;
1318 : 00;
1319 : 00;
1320 : 00;
1321 : 00;
1322 : 00;
1323 : 00;
1324 : 00;
1325 : 00;
1326 : 00;
1327 : 00;
1328 : 00;
1329 : 00;
1330 : 00;
1331 : 00;
1332 : 00;
1333 : 00;
1334 : 00;
1335 : 00;
1336 : 00;
1337 : 00;
1338 : 00;
1339 : 00;
1340 : 00;
1341 : 00;
1342 : 00;
1343 : 00;
1344 : 00;
1345 : 00;
1346 : 00;
1347 : 00;
1348 : 00;
1349 : 00;
1350 : 00;
1351 : 00;
1352 : 00;
1353 : 00;
1354 : 00;
1355 : 00;
1356 : 00;
1357 : 00;
1358 : 00;
1359 : 00;
1360 : 00;
1361 : 00;
1362 : 00;
1363 : 00;
1364 : 00;
1365 : 00;
1366 : 00;
1367 : 00;
1368 : 00;
1369 : 00;
1370 : 00;
1371 : 00;
1372 : 00;
1373 : 00;
1374 : 00;
1375 : 00;
1376 : 00;
1377 : 00;
1378 : 00;
1379 : 00;
1380 : 00;
1381 : 00;
1382 : 00;
1383 : 00;
1384 : 00;
1385 : 00;
1386 : 00;
1387 : 00;
1388 : 00;
1389 : 00;
1390 : 00;
1391 : 00;
1392 : 00;
1393 : 00;
1394 : 00;
1395 : 00;
1396 : 00;
1397 : 00;
1398 : 00;
1399 : 00;
1400 : 00;
1401 : 00;
1402 : 00;
1403 : 00;
1404 : 00;
1405 : 00;
1406 : 00;
1407 : 00;
1408 : 00;
1409 : 00;
1410 : 00;
1411 : 00;
1412 : 00;
1413 : 00;
1414 : 00;
1415 : 00;
1416 : 00;
1417 : 00;
1418 : 00;
1419 : 00;
1420 : 00;
1421 : 00;
1422 : 00;
1423 : 00;
1424 : 00;
1425 : 00;
1426 : 00;
1427 : 00;
1428 : 00;
1429 : 00;
1430 : 00;
1431 : 00;
1432 : 00;
1433 : 00;
1434 : 00;
1435 : 00;
1436 : 00;
1437 : 00;
1438 : 00;
1439 : 00;
1440 : 00;
1441 : 00;
1442 : 00;
1443 : 00;
1444 : 00;
1445 : 00;
1446 : 00;
1447 : 00;
1448 : 00;
1449 : 00;
1450 : 00;
1451 : 00;
1452 : 00;
1453 : 00;
1454 : 00;
1455 : 00;
1456 : 00;
1457 : 00;
1458 : 00;
1459 : 00;
1460 : 00;
1461 : 00;
1462 : 00;
1463 : 00;
1464 : 00;
1465 : 00;
1466 : 00;
1467 : 00;
1468 : 00;
1469 : 00;
1470 : 00;
1471 : 00;
1472 : 00;
1473 : 00;
1474 : 00;
1475 : 00;
1476 : 00;
1477 : 00;
1478 : 00;
1479 : 00;
1480 : 00;
1481 : 00;
1482 : 00;
1483 : 00;
1484 : 00;
1485 : 00;
1486 : 00;
1487 : 00;
1488 : 00;
1489 : 00;
1490 : 00;
1491 : 00;
1492 : 00;
1493 : 00;
1494 : 00;
1495 : 00;
1496 : 00;
1497 : 00;
1498 : 00;
1499 : 00;
1500 : 00;
1501 : 00;
1502 : 00;
1503 : 00;
1504 : 00;
1505 : 00;
1506 : 00;
1507 : 00;
1508 : 00;
1509 : 00;
1510 : 00;
1511 : 00;
1512 : 00;
1513 : 00;
1514 : 00;
1515 : 00;
1516 : 00;
1517 : 00;
1518 : 00;
1519 : 00;
1520 : 00;
1521 : 00;
1522 : 00;
1523 : 00;
1524 : 00;
1525 : 00;
1526 : 00;
1527 : 00;
1528 : 00;
1529 : 00;
1530 : 00;
1531 : 00;
1532 : 00;
1533 : 00;
1534 : 00;
1535 : 00;
1536 : 00;
1537 : 00;
1538 : 00;
1539 : 00;
1540 : 00;
1541 : 00;
1542 : 00;
1543 : 00;
1544 : 00;
1545 : 00;
1546 : 00;
1547 : 00;
1548 : 00;
1549 : 00;
1550 : 00;
1551 : 00;
1552 : 00;
1553 : 00;
1554 : 00;
1555 : 00;
1556 : 00;
1557 : 00;
1558 : 00;
1559 : 00;
1560 : 00;
1561 : 00;
1562 : 00;
1563 : 00;
1564 : 00;
1565 : 00;
1566 : 00;
1567 : 00;
1568 : 00;
1569 : 00;
1570 : 00;
1571 : 00;
1572 : 00;
1573 : 00;
1574 : 00;
1575 : 00;
1576 : 00;
1577 : 00;
1578 : 00;
1579 : 00;
1580 : 00;
1581 : 00;
1582 : 00;
1583 : 00;
1584 : 00;
1585 : 00;
1586 : 00;
1587 : 00;
1588 : 00;
1589 : 00;
1590 : 00;
1591 : 00;
1592 : 00;
1593 : 00;
1594 : 00;
1595 : 00;
1596 : 00;
1597 : 00;
1598 : 00;
1599 : 00;
1600 : 00;
1601 : 00;
1602 : 00;
1603 : 00;
1604 : 00;
1605 : 00;
1606 : 00;
1607 : 00;
1608 : 00;
1609 : 00;
1610 : 00;
1611 : 00;
1612 : 00;
1613 : 00;
1614 : 00;
1615 : 00;
1616 : 00;
1617 : 00;
1618 : 00;
1619 : 00;
1620 : 00;
1621 : 00;
1622 : 00;
1623 : 00;
1624 : 00;
1625 : 00;
1626 : 00;
1627 : 00;
1628 : 00;
1629 : 00;
1630 : 00;
1631 : 00;
1632 : 00;
1633 : 00;
1634 : 00;
1635 : 00;
1636 : 00;
1637 : 00;
1638 : 00;
1639 : 00;
1640 : 00;
1641 : 00;
1642 : 00;
1643 : 00;
1644 : 00;
1645 : 00;
1646 : 00;
1647 : 00;
1648 : 00;
1649 : 00;
1650 : 00;
1651 : 00;
1652 : 00;
1653 : 00;
1654 : 00;
1655 : 00;
1656 : 00;
1657 : 00;
1658 : 00;
1659 : 00;
1660 : 00;
1661 : 00;
1662 : 00;
1663 : 00;
1664 : 00;
1665 : 00;
1666 : 00;
1667 : 00;
1668 : 00;
1669 : 00;
1670 : 00;
1671 : 00;
1672 : 00;
1673 : 00;
1674 : 00;
1675 : 00;
1676 : 00;
1677 : 00;
1678 : 00;
1679 : 00;
1680 : 00;
1681 : 00;
1682 : 00;
1683 : 00;
1684 : 00;
1685 : 00;
1686 : 00;
1687 : 00;
1688 : 00;
1689 : 00;
1690 : 00;
1691 : 00;
1692 : 00;
1693 : 00;
1694 : 00;
1695 : 00;
1696 : 00;
1697 : 00;
1698 : 00;
1699 : 00;
1700 : 00;
1701 : 00;
1702 : 00;
1703 : 00;
1704 : 00;
1705 : 00;
1706 : 00;
1707 : 00;
1708 : 00;
1709 : 00;
1710 : 00;
1711 : 00;
1712 : 00;
1713 : 00;
1714 : 00;
1715 : 00;
1716 : 00;
1717 : 00;
1718 : 00;
1719 : 00;
1720 : 00;
1721 : 00;
1722 : 00;
1723 : 00;
1724 : 00;
1725 : 00;
1726 : 00;
1727 : 00;
1728 : 00;
1729 : 00;
1730 : 00;
1731 : 00;
1732 : 00;
1733 : 00;
1734 : 00;
1735 : 00;
1736 : 00;
1737 : 00;
1738 : 00;
1739 : 00;
1740 : 00;
1741 : 00;
1742 : 00;
1743 : 00;
1744 : 00;
1745 : 00;
1746 : 00;
1747 : 00;
1748 : 00;
1749 : 00;
1750 : 00;
1751 : 00;
1752 : 00;
1753 : 00;
1754 : 00;
1755 : 00;
1756 : 00;
1757 : 00;
1758 : 00;
1759 : 00;
1760 : 00;
1761 : 00;
1762 : 00;
1763 : 00;
1764 : 00;
1765 : 00;
1766 : 00;
1767 : 00;
1768 : 00;
1769 : 00;
1770 : 00;
1771 : 00;
1772 : 00;
1773 : 00;
1774 : 00;
1775 : 00;
1776 : 00;
1777 : 00;
1778 : 00;
1779 : 00;
1780 : 00;
1781 : 00;
1782 : 00;
1783 : 00;
1784 : 00;
1785 : 00;
1786 : 00;
1787 : 00;
1788 : 00;
1789 : 00;
1790 : 00;
1791 : 00;
1792 : 00;
1793 : 00;
1794 : 00;
1795 : 00;
1796 : 00;
1797 : 00;
1798 : 00;
1799 : 00;
1800 : 00;
1801 : 00;
1802 : 00;
1803 : 00;
1804 : 00;
1805 : 00;
1806 : 00;
1807 : 00;
1808 : 00;
1809 : 00;
1810 : 00;
1811 : 00;
1812 : 00;
1813 : 00;
1814 : 00;
1815 : 00;
1816 : 00;
1817 : 00;
1818 : 00;
1819 : 00;
1820 : 00;
1821 : 00;
1822 : 00;
1823 : 00;
1824 : 00;
1825 : 00;
1826 : 00;
1827 : 00;
1828 : 00;
1829 : 00;
1830 : 00;
1831 : 00;
1832 : 00;
1833 : 00;
1834 : 00;
1835 : 00;
1836 : 00;
1837 : 00;
1838 : 00;
1839 : 00;
1840 : 00;
1841 : 00;
1842 : 00;
1843 : 00;
1844 : 00;
1845 : 00;
1846 : 00;
1847 : 00;
1848 : 00;
1849 : 00;
1850 : 00;
1851 : 00;
1852 : 00;
1853 : 00;
1854 : 00;
1855 : 00;
1856 : 00;
1857 : 00;
1858 : 00;
1859 : 00;
1860 : 00;
1861 : 00;
1862 : 00;
1863 : 00;
1864 : 00;
1865 : 00;
1866 : 00;
1867 : 00;
1868 : 00;
1869 : 00;
1870 : 00;
1871 : 00;
1872 : 00;
1873 : 00;
1874 : 00;
1875 : 00;
1876 : 00;
1877 : 00;
1878 : 00;
1879 : 00;
1880 : 00;
1881 : 00;
1882 : 00;
1883 : 00;
1884 : 00;
1885 : 00;
1886 : 00;
1887 : 00;
1888 : 00;
1889 : 00;
1890 : 00;
1891 : 00;
1892 : 00;
1893 : 00;
1894 : 00;
1895 : 00;
1896 : 00;
1897 : 00;
1898 : 00;
1899 : 00;
1900 : 00;
1901 : 00;
1902 : 00;
1903 : 00;
1904 : 00;
1905 : 00;
1906 : 00;
1907 : 00;
1908 : 00;
1909 : 00;
1910 : 00;
1911 : 00;
1912 : 00;
1913 : 00;
1914 : 00;
1915 : 00;
1916 : 00;
1917 : 00;
1918 : 00;
1919 : 00;
1920 : 00;
1921 : 00;
1922 : 00;
1923 : 00;
1924 : 00;
1925 : 00;
1926 : 00;
1927 : 00;
1928 : 00;
1929 : 00;
1930 : 00;
1931 : 00;
1932 : 00;
1933 : 00;
1934 : 00;
1935 : 00;
1936 : 00;
1937 : 00;
1938 : 00;
1939 : 00;
1940 : 00;
1941 : 00;
1942 : 00;
1943 : 00;
1944 : 00;
1945 : 00;
1946 : 00;
1947 : 00;
1948 : 00;
1949 : 00;
1950 : 00;
1951 : 00;
1952 : 00;
1953 : 00;
1954 : 00;
1955 : 00;
1956 : 00;
1957 : 00;
1958 : 00;
1959 : 00;
1960 : 00;
1961 : 00;
1962 : 00;
1963 : 00;
1964 : 00;
1965 : 00;
1966 : 00;
1967 : 00;
1968 : 00;
1969 : 00;
1970 : 00;
1971 : 00;
1972 : 00;
1973 : 00;
1974 : 00;
1975 : 00;
1976 : 00;
1977 : 00;
1978 : 00;
1979 : 00;
1980 : 00;
1981 : 00;
1982 : 00;
1983 : 00;
1984 : 00;
1985 : 00;
1986 : 00;
1987 : 00;
1988 : 00;
1989 : 00;
1990 : 00;
1991 : 00;
1992 : 00;
1993 : 00;
1994 : 00;
1995 : 00;
1996 : 00;
1997 : 00;
1998 : 00;
1999 : 00;
2000 : 00;
2001 : 00;
2002 : 00;
2003 : 00;
2004 : 00;
2005 : 00;
2006 : 00;
2007 : 00;
2008 : 00;
2009 : 00;
2010 : 00;
2011 : 00;
2012 : 00;
2013 : 00;
2014 : 00;
2015 : 00;
2016 : 00;
2017 : 00;
2018 : 00;
2019 : 00;
2020 : 00;
2021 : 00;
2022 : 00;
2023 : 00;
2024 : 00;
2025 : 00;
2026 : 00;
2027 : 00;
2028 : 00;
2029 : 00;
2030 : 00;
2031 : 00;
2032 : 00;
2033 : 00;
2034 : 00;
2035 : 00;
2036 : 00;
2037 : 00;
2038 : 00;
2039 : 00;
2040 : 00;
2041 : 00;
2042 : 00;
2043 : 00;
2044 : 00;
2045 : 00;
2046 : 00;
2047 : 00;
2048 : 00;
2049 : 00;
2050 : 00;
2051 : 00;
2052 : 00;
2053 : 00;
2054 : 00;
2055 : 00;
2056 : 00;
2057 : 00;
2058 : 00;
2059 : 00;
2060 : 00;
2061 : 00;
2062 : 00;
2063 : 00;
2064 : 00;
2065 : 00;
2066 : 00;
2067 : 00;
2068 : 00;
2069 : 00;
2070 : 00;
2071 : 00;
2072 : 00;
2073 : 00;
2074 : 00;
2075 : 00;
2076 : 00;
2077 : 00;
2078 : 00;
2079 : 00;
2080 : 00;
2081 : 00;
2082 : 00;
2083 : 00;
2084 : 00;
2085 : 00;
2086 : 00;
2087 : 00;
2088 : 00;
2089 : 00;
2090 : 00;
2091 : 00;
2092 : 00;
2093 : 00;
2094 : 00;
2095 : 00;
2096 : 00;
2097 : 00;
2098 : 00;
2099 : 00;
2100 : 00;
2101 : 00;
2102 : 00;
2103 : 00;
2104 : 00;
2105 : 00;
2106 : 00;
2107 : 00;
2108 : 00;
2109 : 00;
2110 : 00;
2111 : 00;
2112 : 00;
2113 : 00;
2114 : 00;
2115 : 00;
2116 : 00;
2117 : 00;
2118 : 00;
2119 : 00;
2120 : 00;
2121 : 00;
2122 : 00;
2123 : 00;
2124 : 00;
2125 : 00;
2126 : 00;
2127 : 00;
2128 : 00;
2129 : 00;
2130 : 00;
2131 : 00;
2132 : 00;
2133 : 00;
2134 : 00;
2135 : 00;
2136 : 00;
2137 : 00;
2138 : 00;
2139 : 00;
2140 : 00;
2141 : 00;
2142 : 00;
2143 : 00;
2144 : 00;
2145 : 00;
2146 : 00;
2147 : 00;
2148 : 00;
2149 : 00;
2150 : 00;
2151 : 00;
2152 : 00;
2153 : 00;
2154 : 00;
2155 : 00;
2156 : 00;
2157 : 00;
2158 : 00;
2159 : 00;
2160 : 00;
2161 : 00;
2162 : 00;
2163 : 00;
2164 : 00;
2165 : 00;
2166 : 00;
2167 : 00;
2168 : 00;
2169 : 00;
2170 : 00;
2171 : 00;
2172 : 00;
2173 : 00;
2174 : 00;
2175 : 00;
2176 : 00;
2177 : 00;
2178 : 00;
2179 : 00;
2180 : 00;
2181 : 00;
2182 : 00;
2183 : 00;
2184 : 00;
2185 : 00;
2186 : 00;
2187 : 00;
2188 : 00;
2189 : 00;
2190 : 00;
2191 : 00;
2192 : 00;
2193 : 00;
2194 : 00;
2195 : 00;
2196 : 00;
2197 : 00;
2198 : 00;
2199 : 00;
2200 : 00;
2201 : 00;
2202 : 00;
2203 : 00;
2204 : 00;
2205 : 00;
2206 : 00;
2207 : 00;
2208 : 00;
2209 : 00;
2210 : 00;
2211 : 00;
2212 : 00;
2213 : 00;
2214 : 00;
2215 : 00;
2216 : 00;
2217 : 00;
2218 : 00;
2219 : 00;
2220 : 00;
2221 : 00;
2222 : 00;
2223 : 00;
2224 : 00;
2225 : 00;
2226 : 00;
2227 : 00;
2228 : 00;
2229 : 00;
2230 : 00;
2231 : 00;
2232 : 00;
2233 : 00;
2234 : 00;
2235 : 00;
2236 : 00;
2237 : 00;
2238 : 00;
2239 : 00;
2240 : 00;
2241 : 00;
2242 : 00;
2243 : 00;
2244 : 00;
2245 : 00;
2246 : 00;
2247 : 00;
2248 : 00;
2249 : 00;
2250 : 00;
2251 : 00;
2252 : 00;
2253 : 00;
2254 : 00;
2255 : 00;
2256 : 00;
2257 : 00;
2258 : 00;
2259 : 00;
2260 : 00;
2261 : 00;
2262 : 00;
2263 : 00;
2264 : 00;
2265 : 00;
2266 : 00;
2267 : 00;
2268 : 00;
2269 : 00;
2270 : 00;
2271 : 00;
2272 : 00;
2273 : 00;
2274 : 00;
2275 : 00;
2276 : 00;
2277 : 00;
2278 : 00;
2279 : 00;
2280 : 00;
2281 : 00;
2282 : 00;
2283 : 00;
2284 : 00;
2285 : 00;
2286 : 00;
2287 : 00;
2288 : 00;
2289 : 00;
2290 : 00;
2291 : 00;
2292 : 00;
2293 : 00;
2294 : 00;
2295 : 00;
2296 : 00;
2297 : 00;
2298 : 00;
2299 : 00;
2300 : 00;
2301 : 00;
2302 : 00;
2303 : 00;
2304 : 00;
2305 : 00;
2306 : 00;
2307 : 00;
2308 : 00;
2309 : 00;
2310 : 00;
2311 : 00;
2312 : 00;
2313 : 00;
2314 : 00;
2315 : 00;
2316 : 00;
2317 : 00;
2318 : 00;
2319 : 00;
2320 : 00;
2321 : 00;
2322 : 00;
2323 : 00;
2324 : 00;
2325 : 00;
2326 : 00;
2327 : 00;
2328 : 00;
2329 : 00;
2330 : 00;
2331 : 00;
2332 : 00;
2333 : 00;
2334 : 00;
2335 : 00;
2336 : 00;
2337 : 00;
2338 : 00;
2339 : 00;
2340 : 00;
2341 : 00;
2342 : 00;
2343 : 00;
2344 : 00;
2345 : 00;
2346 : 00;
2347 : 00;
2348 : 00;
2349 : 00;
2350 : 00;
2351 : 00;
2352 : 00;
2353 : 00;
2354 : 00;
2355 : 00;
2356 : 00;
2357 : 00;
2358 : 00;
2359 : 00;
2360 : 00;
2361 : 00;
2362 : 00;
2363 : 00;
2364 : 00;
2365 : 00;
2366 : 00;
2367 : 00;
2368 : 00;
2369 : 00;
2370 : 00;
2371 : 00;
2372 : 00;
2373 : 00;
2374 : 00;
2375 : 00;
2376 : 00;
2377 : 00;
2378 : 00;
2379 : 00;
2380 : 00;
2381 : 00;
2382 : 00;
2383 : 00;
2384 : 00;
2385 : 00;
2386 : 00;
2387 : 00;
2388 : 00;
2389 : 00;
2390 : 00;
2391 : 00;
2392 : 00;
2393 : 00;
2394 : 00;
2395 : 00;
2396 : 00;
2397 : 00;
2398 : 00;
2399 : 00;
2400 : 00;
2401 : 00;
2402 : 00;
2403 : 00;
2404 : 00;
2405 : 00;
2406 : 00;
2407 : 00;
2408 : 00;
2409 : 00;
2410 : 00;
2411 : 00;
2412 : 00;
2413 : 00;
2414 : 00;
2415 : 00;
2416 : 00;
2417 : 00;
2418 : 00;
2419 : 00;
2420 : 00;
2421 : 00;
2422 : 00;
2423 : 00;
2424 : 00;
2425 : 00;
2426 : 00;
2427 : 00;
2428 : 00;
2429 : 00;
2430 : 00;
2431 : 00;
2432 : 00;
2433 : 00;
2434 : 00;
2435 : 00;
2436 : 00;
2437 : 00;
2438 : 00;
2439 : 00;
2440 : 00;
2441 : 00;
2442 : 00;
2443 : 00;
2444 : 00;
2445 : 00;
2446 : 00;
2447 : 00;
2448 : 00;
2449 : 00;
2450 : 00;
2451 : 00;
2452 : 00;
2453 : 00;
2454 : 00;
2455 : 00;
2456 : 00;
2457 : 00;
2458 : 00;
2459 : 00;
2460 : 00;
2461 : 00;
2462 : 00;
2463 : 00;
2464 : 00;
2465 : 00;
2466 : 00;
2467 : 00;
2468 : 00;
2469 : 00;
2470 : 00;
2471 : 00;
2472 : 00;
2473 : 00;
2474 : 00;
2475 : 00;
2476 : 00;
2477 : 00;
2478 : 00;
2479 : 00;
2480 : 00;
2481 : 00;
2482 : 00;
2483 : 00;
2484 : 00;
2485 : 00;
2486 : 00;
2487 : 00;
2488 : 00;
2489 : 00;
2490 : 00;
2491 : 00;
2492 : 00;
2493 : 00;
2494 : 00;
2495 : 00;
2496 : 00;
2497 : 00;
2498 : 00;
2499 : 00;
2500 : 00;
2501 : 00;
2502 : 00;
2503 : 00;
2504 : 00;
2505 : 00;
2506 : 00;
2507 : 00;
2508 : 00;
2509 : 00;
2510 : 00;
2511 : 00;
2512 : 00;
2513 : 00;
2514 : 00;
2515 : 00;
2516 : 00;
2517 : 00;
2518 : 00;
2519 : 00;
2520 : 00;
2521 : 00;
2522 : 00;
2523 : 00;
2524 : 00;
2525 : 00;
2526 : 00;
2527 : 00;
2528 : 00;
2529 : 00;
2530 : 00;
2531 : 00;
2532 : 00;
2533 : 00;
2534 : 00;
2535 : 00;
2536 : 00;
2537 : 00;
2538 : 00;
2539 : 00;
2540 : 00;
2541 : 00;
2542 : 00;
2543 : 00;
2544 : 00;
2545 : 00;
2546 : 00;
2547 : 00;
2548 : 00;
2549 : 00;
2550 : 00;
2551 : 00;
2552 : 00;
2553 : 00;
2554 : 00;
2555 : 00;
2556 : 00;
2557 : 00;
2558 : 00;
2559 : 00;
2560 : 00;
2561 : 00;
2562 : 00;
2563 : 00;
2564 : 00;
2565 : 00;
2566 : 00;
2567 : 00;
2568 : 00;
2569 : 00;
2570 : 00;
2571 : 00;
2572 : 00;
2573 : 00;
2574 : 00;
2575 : 00;
2576 : 00;
2577 : 00;
2578 : 00;
2579 : 00;
2580 : 00;
2581 : 00;
2582 : 00;
2583 : 00;
2584 : 00;
2585 : 00;
2586 : 00;
2587 : 00;
2588 : 00;
2589 : 00;
2590 : 00;
2591 : 00;
2592 : 00;
2593 : 00;
2594 : 00;
2595 : 00;
2596 : 00;
2597 : 00;
2598 : 00;
2599 : 00;
2600 : 00;
2601 : 00;
2602 : 00;
2603 : 00;
2604 : 00;
2605 : 00;
2606 : 00;
2607 : 00;
2608 : 00;
2609 : 00;
2610 : 00;
2611 : 00;
2612 : 00;
2613 : 00;
2614 : 00;
2615 : 00;
2616 : 00;
2617 : 00;
2618 : 00;
2619 : 00;
2620 : 00;
2621 : 00;
2622 : 00;
2623 : 00;
2624 : 00;
2625 : 00;
2626 : 00;
2627 : 00;
2628 : 00;
2629 : 00;
2630 : 00;
2631 : 00;
2632 : 00;
2633 : 00;
2634 : 00;
2635 : 00;
2636 : 00;
2637 : 00;
2638 : 00;
2639 : 00;
2640 : 00;
2641 : 00;
2642 : 00;
2643 : 00;
2644 : 00;
2645 : 00;
2646 : 00;
2647 : 00;
2648 : 00;
2649 : 00;
2650 : 00;
2651 : 00;
2652 : 00;
2653 : 00;
2654 : 00;
2655 : 00;
2656 : 00;
2657 : 00;
2658 : 00;
2659 : 00;
2660 : 00;
2661 : 00;
2662 : 00;
2663 : 00;
2664 : 00;
2665 : 00;
2666 : 00;
2667 : 00;
2668 : 00;
2669 : 00;
2670 : 00;
2671 : 00;
2672 : 00;
2673 : 00;
2674 : 00;
2675 : 00;
2676 : 00;
2677 : 00;
2678 : 00;
2679 : 00;
2680 : 00;
2681 : 00;
2682 : 00;
2683 : 00;
2684 : 00;
2685 : 00;
2686 : 00;
2687 : 00;
2688 : 00;
2689 : 00;
2690 : 00;
2691 : 00;
2692 : 00;
2693 : 00;
2694 : 00;
2695 : 00;
2696 : 00;
2697 : 00;
2698 : 00;
2699 : 00;
2700 : 00;
2701 : 00;
2702 : 00;
2703 : 00;
2704 : 00;
2705 : 00;
2706 : 00;
2707 : 00;
2708 : 00;
2709 : 00;
2710 : 00;
2711 : 00;
2712 : 00;
2713 : 00;
2714 : 00;
2715 : 00;
2716 : 00;
2717 : 00;
2718 : 00;
2719 : 00;
2720 : 00;
2721 : 00;
2722 : 00;
2723 : 00;
2724 : 00;
2725 : 00;
2726 : 00;
2727 : 00;
2728 : 00;
2729 : 00;
2730 : 00;
2731 : 00;
2732 : 00;
2733 : 00;
2734 : 00;
2735 : 00;
2736 : 00;
2737 : 00;
2738 : 00;
2739 : 00;
2740 : 00;
2741 : 00;
2742 : 00;
2743 : 00;
2744 : 00;
2745 : 00;
2746 : 00;
2747 : 00;
2748 : 00;
2749 : 00;
2750 : 00;
2751 : 00;
2752 : 00;
2753 : 00;
2754 : 00;
2755 : 00;
2756 : 00;
2757 : 00;
2758 : 00;
2759 : 00;
2760 : 00;
2761 : 00;
2762 : 00;
2763 : 00;
2764 : 00;
2765 : 00;
2766 : 00;
2767 : 00;
2768 : 00;
2769 : 00;
2770 : 00;
2771 : 00;
2772 : 00;
2773 : 00;
2774 : 00;
2775 : 00;
2776 : 00;
2777 : 00;
2778 : 00;
2779 : 00;
2780 : 00;
2781 : 00;
2782 : 00;
2783 : 00;
2784 : 00;
2785 : 00;
2786 : 00;
2787 : 00;
2788 : 00;
2789 : 00;
2790 : 00;
2791 : 00;
2792 : 00;
2793 : 00;
2794 : 00;
2795 : 00;
2796 : 00;
2797 : 00;
2798 : 00;
2799 : 00;
2800 : 00;
2801 : 00;
2802 : 00;
2803 : 00;
2804 : 00;
2805 : 00;
2806 : 00;
2807 : 00;
2808 : 00;
2809 : 00;
2810 : 00;
2811 : 00;
2812 : 00;
2813 : 00;
2814 : 00;
2815 : 00;
2816 : 00;
2817 : 00;
2818 : 00;
2819 : 00;
2820 : 00;
2821 : 00;
2822 : 00;
2823 : 00;
2824 : 00;
2825 : 00;
2826 : 00;
2827 : 00;
2828 : 00;
2829 : 00;
2830 : 00;
2831 : 00;
2832 : 00;
2833 : 00;
2834 : 00;
2835 : 00;
2836 : 00;
2837 : 00;
2838 : 00;
2839 : 00;
2840 : 00;
2841 : 00;
2842 : 00;
2843 : 00;
2844 : 00;
2845 : 00;
2846 : 00;
2847 : 00;
2848 : 00;
2849 : 00;
2850 : 00;
2851 : 00;
2852 : 00;
2853 : 00;
2854 : 00;
2855 : 00;
2856 : 00;
2857 : 00;
2858 : 00;
2859 : 00;
2860 : 00;
2861 : 00;
2862 : 00;
2863 : 00;
2864 : 00;
2865 : 00;
2866 : 00;
2867 : 00;
2868 : 00;
2869 : 00;
2870 : 00;
2871 : 00;
2872 : 00;
2873 : 00;
2874 : 00;
2875 : 00;
2876 : 00;
2877 : 00;
2878 : 00;
2879 : 00;
2880 : 00;
2881 : 00;
2882 : 00;
2883 : 00;
2884 : 00;
2885 : 00;
2886 : 00;
2887 : 00;
2888 : 00;
2889 : 00;
2890 : 00;
2891 : 00;
2892 : 00;
2893 : 00;
2894 : 00;
2895 : 00;
2896 : 00;
2897 : 00;
2898 : 00;
2899 : 00;
2900 : 00;
2901 : 00;
2902 : 00;
2903 : 00;
2904 : 00;
2905 : 00;
2906 : 00;
2907 : 00;
2908 : 00;
2909 : 00;
2910 : 00;
2911 : 00;
2912 : 00;
2913 : 00;
2914 : 00;
2915 : 00;
2916 : 00;
2917 : 00;
2918 : 00;
2919 : 00;
2920 : 00;
2921 : 00;
2922 : 00;
2923 : 00;
2924 : 00;
2925 : 00;
2926 : 00;
2927 : 00;
2928 : 00;
2929 : 00;
2930 : 00;
2931 : 00;
2932 : 00;
2933 : 00;
2934 : 00;
2935 : 00;
2936 : 00;
2937 : 00;
2938 : 00;
2939 : 00;
2940 : 00;
2941 : 00;
2942 : 00;
2943 : 00;
2944 : 00;
2945 : 00;
2946 : 00;
2947 : 00;
2948 : 00;
2949 : 00;
2950 : 00;
2951 : 00;
2952 : 00;
2953 : 00;
2954 : 00;
2955 : 00;
2956 : 00;
2957 : 00;
2958 : 00;
2959 : 00;
2960 : 00;
2961 : 00;
2962 : 00;
2963 : 00;
2964 : 00;
2965 : 00;
2966 : 00;
2967 : 00;
2968 : 00;
2969 : 00;
2970 : 00;
2971 : 00;
2972 : 00;
2973 : 00;
2974 : 00;
2975 : 00;
2976 : 00;
2977 : 00;
2978 : 00;
2979 : 00;
2980 : 00;
2981 : 00;
2982 : 00;
2983 : 00;
2984 : 00;
2985 : 00;
2986 : 00;
2987 : 00;
2988 : 00;
2989 : 00;
2990 : 00;
2991 : 00;
2992 : 00;
2993 : 00;
2994 : 00;
2995 : 00;
2996 : 00;
2997 : 00;
2998 : 00;
2999 : 00;
3000 : 00;
3001 : 00;
3002 : 00;
3003 : 00;
3004 : 00;
3005 : 00;
3006 : 00;
3007 : 00;
3008 : 00;
3009 : 00;
3010 : 00;
3011 : 00;
3012 : 00;
3013 : 00;
3014 : 00;
3015 : 00;
3016 : 00;
3017 : 00;
3018 : 00;
3019 : 00;
3020 : 00;
3021 : 00;
3022 : 00;
3023 : 00;
3024 : 00;
3025 : 00;
3026 : 00;
3027 : 00;
3028 : 00;
3029 : 00;
3030 : 00;
3031 : 00;
3032 : 00;
3033 : 00;
3034 : 00;
3035 : 00;
3036 : 00;
3037 : 00;
3038 : 00;
3039 : 00;
3040 : 00;
3041 : 00;
3042 : 00;
3043 : 00;
3044 : 00;
3045 : 00;
3046 : 00;
3047 : 00;
3048 : 00;
3049 : 00;
3050 : 00;
3051 : 00;
3052 : 00;
3053 : 00;
3054 : 00;
3055 : 00;
3056 : 00;
3057 : 00;
3058 : 00;
3059 : 00;
3060 : 00;
3061 : 00;
3062 : 00;
3063 : 00;
3064 : 00;
3065 : 00;
3066 : 00;
3067 : 00;
3068 : 00;
3069 : 00;
3070 : 00;
3071 : 00;
3072 : 00;
3073 : 00;
3074 : 00;
3075 : 00;
3076 : 00;
3077 : 00;
3078 : 00;
3079 : 00;
3080 : 00;
3081 : 00;
3082 : 00;
3083 : 00;
3084 : 00;
3085 : 00;
3086 : 00;
3087 : 00;
3088 : 00;
3089 : 00;
3090 : 00;
3091 : 00;
3092 : 00;
3093 : 00;
3094 : 00;
3095 : 00;
3096 : 00;
3097 : 00;
3098 : 00;
3099 : 00;
3100 : 00;
3101 : 00;
3102 : 00;
3103 : 00;
3104 : 00;
3105 : 00;
3106 : 00;
3107 : 00;
3108 : 00;
3109 : 00;
3110 : 00;
3111 : 00;
3112 : 00;
3113 : 00;
3114 : 00;
3115 : 00;
3116 : 00;
3117 : 00;
3118 : 00;
3119 : 00;
3120 : 00;
3121 : 00;
3122 : 00;
3123 : 00;
3124 : 00;
3125 : 00;
3126 : 00;
3127 : 00;
3128 : 00;
3129 : 00;
3130 : 00;
3131 : 00;
3132 : 00;
3133 : 00;
3134 : 00;
3135 : 00;
3136 : 00;
3137 : 00;
3138 : 00;
3139 : 00;
3140 : 00;
3141 : 00;
3142 : 00;
3143 : 00;
3144 : 00;
3145 : 00;
3146 : 00;
3147 : 00;
3148 : 00;
3149 : 00;
3150 : 00;
3151 : 00;
3152 : 00;
3153 : 00;
3154 : 00;
3155 : 00;
3156 : 00;
3157 : 00;
3158 : 00;
3159 : 00;
3160 : 00;
3161 : 00;
3162 : 00;
3163 : 00;
3164 : 00;
3165 : 00;
3166 : 00;
3167 : 00;
3168 : 00;
3169 : 00;
3170 : 00;
3171 : 00;
3172 : 00;
3173 : 00;
3174 : 00;
3175 : 00;
3176 : 00;
3177 : 00;
3178 : 00;
3179 : 00;
3180 : 00;
3181 : 00;
3182 : 00;
3183 : 00;
3184 : 00;
3185 : 00;
3186 : 00;
3187 : 00;
3188 : 00;
3189 : 00;
3190 : 00;
3191 : 00;
3192 : 00;
3193 : 00;
3194 : 00;
3195 : 00;
3196 : 00;
3197 : 00;
3198 : 00;
3199 : 00;
3200 : 00;
3201 : 00;
3202 : 00;
3203 : 00;
3204 : 00;
3205 : 00;
3206 : 00;
3207 : 00;
3208 : 00;
3209 : 00;
3210 : 00;
3211 : 00;
3212 : 00;
3213 : 00;
3214 : 00;
3215 : 00;
3216 : 00;
3217 : 00;
3218 : 00;
3219 : 00;
3220 : 00;
3221 : 00;
3222 : 00;
3223 : 00;
3224 : 00;
3225 : 00;
3226 : 00;
3227 : 00;
3228 : 00;
3229 : 00;
3230 : 00;
3231 : 00;
3232 : 00;
3233 : 00;
3234 : 00;
3235 : 00;
3236 : 00;
3237 : 00;
3238 : 00;
3239 : 00;
3240 : 00;
3241 : 00;
3242 : 00;
3243 : 00;
3244 : 00;
3245 : 00;
3246 : 00;
3247 : 00;
3248 : 00;
3249 : 00;
3250 : 00;
3251 : 00;
3252 : 00;
3253 : 00;
3254 : 00;
3255 : 00;
3256 : 00;
3257 : 00;
3258 : 00;
3259 : 00;
3260 : 00;
3261 : 00;
3262 : 00;
3263 : 00;
3264 : 00;
3265 : 00;
3266 : 00;
3267 : 00;
3268 : 00;
3269 : 00;
3270 : 00;
3271 : 00;
3272 : 00;
3273 : 00;
3274 : 00;
3275 : 00;
3276 : 00;
3277 : 00;
3278 : 00;
3279 : 00;
3280 : 00;
3281 : 00;
3282 : 00;
3283 : 00;
3284 : 00;
3285 : 00;
3286 : 00;
3287 : 00;
3288 : 00;
3289 : 00;
3290 : 00;
3291 : 00;
3292 : 00;
3293 : 00;
3294 : 00;
3295 : 00;
3296 : 00;
3297 : 00;
3298 : 00;
3299 : 00;
3300 : 00;
3301 : 00;
3302 : 00;
3303 : 00;
3304 : 00;
3305 : 00;
3306 : 00;
3307 : 00;
3308 : 00;
3309 : 00;
3310 : 00;
3311 : 00;
3312 : 00;
3313 : 00;
3314 : 00;
3315 : 00;
3316 : 00;
3317 : 00;
3318 : 00;
3319 : 00;
3320 : 00;
3321 : 00;
3322 : 00;
3323 : 00;
3324 : 00;
3325 : 00;
3326 : 00;
3327 : 00;
3328 : 00;
3329 : 00;
3330 : 00;
3331 : 00;
3332 : 00;
3333 : 00;
3334 : 00;
3335 : 00;
3336 : 00;
3337 : 00;
3338 : 00;
3339 : 00;
3340 : 00;
3341 : 00;
3342 : 00;
3343 : 00;
3344 : 00;
3345 : 00;
3346 : 00;
3347 : 00;
3348 : 00;
3349 : 00;
3350 : 00;
3351 : 00;
3352 : 00;
3353 : 00;
3354 : 00;
3355 : 00;
3356 : 00;
3357 : 00;
3358 : 00;
3359 : 00;
3360 : 00;
3361 : 00;
3362 : 00;
3363 : 00;
3364 : 00;
3365 : 00;
3366 : 00;
3367 : 00;
3368 : 00;
3369 : 00;
3370 : 00;
3371 : 00;
3372 : 00;
3373 : 00;
3374 : 00;
3375 : 00;
3376 : 00;
3377 : 00;
3378 : 00;
3379 : 00;
3380 : 00;
3381 : 00;
3382 : 00;
3383 : 00;
3384 : 00;
3385 : 00;
3386 : 00;
3387 : 00;
3388 : 00;
3389 : 00;
3390 : 00;
3391 : 00;
3392 : 00;
3393 : 00;
3394 : 00;
3395 : 00;
3396 : 00;
3397 : 00;
3398 : 00;
3399 : 00;
3400 : 00;
3401 : 00;
3402 : 00;
3403 : 00;
3404 : 00;
3405 : 00;
3406 : 00;
3407 : 00;
3408 : 00;
3409 : 00;
3410 : 00;
3411 : 00;
3412 : 00;
3413 : 00;
3414 : 00;
3415 : 00;
3416 : 00;
3417 : 00;
3418 : 00;
3419 : 00;
3420 : 00;
3421 : 00;
3422 : 00;
3423 : 00;
3424 : 00;
3425 : 00;
3426 : 00;
3427 : 00;
3428 : 00;
3429 : 00;
3430 : 00;
3431 : 00;
3432 : 00;
3433 : 00;
3434 : 00;
3435 : 00;
3436 : 00;
3437 : 00;
3438 : 00;
3439 : 00;
3440 : 00;
3441 : 00;
3442 : 00;
3443 : 00;
3444 : 00;
3445 : 00;
3446 : 00;
3447 : 00;
3448 : 00;
3449 : 00;
3450 : 00;
3451 : 00;
3452 : 00;
3453 : 00;
3454 : 00;
3455 : 00;
3456 : 00;
3457 : 00;
3458 : 00;
3459 : 00;
3460 : 00;
3461 : 00;
3462 : 00;
3463 : 00;
3464 : 00;
3465 : 00;
3466 : 00;
3467 : 00;
3468 : 00;
3469 : 00;
3470 : 00;
3471 : 00;
3472 : 00;
3473 : 00;
3474 : 00;
3475 : 00;
3476 : 00;
3477 : 00;
3478 : 00;
3479 : 00;
3480 : 00;
3481 : 00;
3482 : 00;
3483 : 00;
3484 : 00;
3485 : 00;
3486 : 00;
3487 : 00;
3488 : 00;
3489 : 00;
3490 : 00;
3491 : 00;
3492 : 00;
3493 : 00;
3494 : 00;
3495 : 00;
3496 : 00;
3497 : 00;
3498 : 00;
3499 : 00;
3500 : 00;
3501 : 00;
3502 : 00;
3503 : 00;
3504 : 00;
3505 : 00;
3506 : 00;
3507 : 00;
3508 : 00;
3509 : 00;
3510 : 00;
3511 : 00;
3512 : 00;
3513 : 00;
3514 : 00;
3515 : 00;
3516 : 00;
3517 : 00;
3518 : 00;
3519 : 00;
3520 : 00;
3521 : 00;
3522 : 00;
3523 : 00;
3524 : 00;
3525 : 00;
3526 : 00;
3527 : 00;
3528 : 00;
3529 : 00;
3530 : 00;
3531 : 00;
3532 : 00;
3533 : 00;
3534 : 00;
3535 : 00;
3536 : 00;
3537 : 00;
3538 : 00;
3539 : 00;
3540 : 00;
3541 : 00;
3542 : 00;
3543 : 00;
3544 : 00;
3545 : 00;
3546 : 00;
3547 : 00;
3548 : 00;
3549 : 00;
3550 : 00;
3551 : 00;
3552 : 00;
3553 : 00;
3554 : 00;
3555 : 00;
3556 : 00;
3557 : 00;
3558 : 00;
3559 : 00;
3560 : 00;
3561 : 00;
3562 : 00;
3563 : 00;
3564 : 00;
3565 : 00;
3566 : 00;
3567 : 00;
3568 : 00;
3569 : 00;
3570 : 00;
3571 : 00;
3572 : 00;
3573 : 00;
3574 : 00;
3575 : 00;
3576 : 00;
3577 : 00;
3578 : 00;
3579 : 00;
3580 : 00;
3581 : 00;
3582 : 00;
3583 : 00;
3584 : 00;
3585 : 00;
3586 : 00;
3587 : 00;
3588 : 00;
3589 : 00;
3590 : 00;
3591 : 00;
3592 : 00;
3593 : 00;
3594 : 00;
3595 : 00;
3596 : 00;
3597 : 00;
3598 : 00;
3599 : 00;
3600 : 00;
3601 : 00;
3602 : 00;
3603 : 00;
3604 : 00;
3605 : 00;
3606 : 00;
3607 : 00;
3608 : 00;
3609 : 00;
3610 : 00;
3611 : 00;
3612 : 00;
3613 : 00;
3614 : 00;
3615 : 00;
3616 : 00;
3617 : 00;
3618 : 00;
3619 : 00;
3620 : 00;
3621 : 00;
3622 : 00;
3623 : 00;
3624 : 00;
3625 : 00;
3626 : 00;
3627 : 00;
3628 : 00;
3629 : 00;
3630 : 00;
3631 : 00;
3632 : 00;
3633 : 00;
3634 : 00;
3635 : 00;
3636 : 00;
3637 : 00;
3638 : 00;
3639 : 00;
3640 : 00;
3641 : 00;
3642 : 00;
3643 : 00;
3644 : 00;
3645 : 00;
3646 : 00;
3647 : 00;
3648 : 00;
3649 : 00;
3650 : 00;
3651 : 00;
3652 : 00;
3653 : 00;
3654 : 00;
3655 : 00;
3656 : 00;
3657 : 00;
3658 : 00;
3659 : 00;
3660 : 00;
3661 : 00;
3662 : 00;
3663 : 00;
3664 : 00;
3665 : 00;
3666 : 00;
3667 : 00;
3668 : 00;
3669 : 00;
3670 : 00;
3671 : 00;
3672 : 00;
3673 : 00;
3674 : 00;
3675 : 00;
3676 : 00;
3677 : 00;
3678 : 00;
3679 : 00;
3680 : 00;
3681 : 00;
3682 : 00;
3683 : 00;
3684 : 00;
3685 : 00;
3686 : 00;
3687 : 00;
3688 : 00;
3689 : 00;
3690 : 00;
3691 : 00;
3692 : 00;
3693 : 00;
3694 : 00;
3695 : 00;
3696 : 00;
3697 : 00;
3698 : 00;
3699 : 00;
3700 : 00;
3701 : 00;
3702 : 00;
3703 : 00;
3704 : 00;
3705 : 00;
3706 : 00;
3707 : 00;
3708 : 00;
3709 : 00;
3710 : 00;
3711 : 00;
3712 : 00;
3713 : 00;
3714 : 00;
3715 : 00;
3716 : 00;
3717 : 00;
3718 : 00;
3719 : 00;
3720 : 00;
3721 : 00;
3722 : 00;
3723 : 00;
3724 : 00;
3725 : 00;
3726 : 00;
3727 : 00;
3728 : 00;
3729 : 00;
3730 : 00;
3731 : 00;
3732 : 00;
3733 : 00;
3734 : 00;
3735 : 00;
3736 : 00;
3737 : 00;
3738 : 00;
3739 : 00;
3740 : 00;
3741 : 00;
3742 : 00;
3743 : 00;
3744 : 00;
3745 : 00;
3746 : 00;
3747 : 00;
3748 : 00;
3749 : 00;
3750 : 00;
3751 : 00;
3752 : 00;
3753 : 00;
3754 : 00;
3755 : 00;
3756 : 00;
3757 : 00;
3758 : 00;
3759 : 00;
3760 : 00;
3761 : 00;
3762 : 00;
3763 : 00;
3764 : 00;
3765 : 00;
3766 : 00;
3767 : 00;
3768 : 00;
3769 : 00;
3770 : 00;
3771 : 00;
3772 : 00;
3773 : 00;
3774 : 00;
3775 : 00;
3776 : 00;
3777 : 00;
3778 : 00;
3779 : 00;
3780 : 00;
3781 : 00;
3782 : 00;
3783 : 00;
3784 : 00;
3785 : 00;
3786 : 00;
3787 : 00;
3788 : 00;
3789 : 00;
3790 : 00;
3791 : 00;
3792 : 00;
3793 : 00;
3794 : 00;
3795 : 00;
3796 : 00;
3797 : 00;
3798 : 00;
3799 : 00;
3800 : 00;
3801 : 00;
3802 : 00;
3803 : 00;
3804 : 00;
3805 : 00;
3806 : 00;
3807 : 00;
3808 : 00;
3809 : 00;
3810 : 00;
3811 : 00;
3812 : 00;
3813 : 00;
3814 : 00;
3815 : 00;
3816 : 00;
3817 : 00;
3818 : 00;
3819 : 00;
3820 : 00;
3821 : 00;
3822 : 00;
3823 : 00;
3824 : 00;
3825 : 00;
3826 : 00;
3827 : 00;
3828 : 00;
3829 : 00;
3830 : 00;
3831 : 00;
3832 : 00;
3833 : 00;
3834 : 00;
3835 : 00;
3836 : 00;
3837 : 00;
3838 : 00;
3839 : 00;
3840 : 00;
3841 : 00;
3842 : 00;
3843 : 00;
3844 : 00;
3845 : 00;
3846 : 00;
3847 : 00;
3848 : 00;
3849 : 00;
3850 : 00;
3851 : 00;
3852 : 00;
3853 : 00;
3854 : 00;
3855 : 00;
3856 : 00;
3857 : 00;
3858 : 00;
3859 : 00;
3860 : 00;
3861 : 00;
3862 : 00;
3863 : 00;
3864 : 00;
3865 : 00;
3866 : 00;
3867 : 00;
3868 : 00;
3869 : 00;
3870 : 00;
3871 : 00;
3872 : 00;
3873 : 00;
3874 : 00;
3875 : 00;
3876 : 00;
3877 : 00;
3878 : 00;
3879 : 00;
3880 : 00;
3881 : 00;
3882 : 00;
3883 : 00;
3884 : 00;
3885 : 00;
3886 : 00;
3887 : 00;
3888 : 00;
3889 : 00;
3890 : 00;
3891 : 00;
3892 : 00;
3893 : 00;
3894 : 00;
3895 : 00;
3896 : 00;
3897 : 00;
3898 : 00;
3899 : 00;
3900 : 00;
3901 : 00;
3902 : 20;
3903 : 20;
3904 : 20;
3905 : 20;
3906 : 20;
3907 : 20;
3908 : 40;
3909 : 20;
3910 : 20;
3911 : 00;
3912 : 00;
3913 : 00;
3914 : 00;
3915 : 00;
3916 : 00;
3917 : 00;
3918 : 00;
3919 : 00;
3920 : 00;
3921 : 00;
3922 : 00;
3923 : 00;
3924 : 00;
3925 : 00;
3926 : 00;
3927 : 00;
3928 : 00;
3929 : 00;
3930 : 00;
3931 : 00;
3932 : 00;
3933 : 00;
3934 : 00;
3935 : 00;
3936 : 00;
3937 : 00;
3938 : 00;
3939 : 00;
3940 : 00;
3941 : 00;
3942 : 00;
3943 : 00;
3944 : 00;
3945 : 00;
3946 : 00;
3947 : 00;
3948 : 00;
3949 : 00;
3950 : 00;
3951 : 00;
3952 : 00;
3953 : 00;
3954 : 00;
3955 : 00;
3956 : 00;
3957 : 00;
3958 : 00;
3959 : 00;
3960 : 00;
3961 : 00;
3962 : 00;
3963 : 00;
3964 : 00;
3965 : 00;
3966 : 00;
3967 : 00;
3968 : 00;
3969 : 00;
3970 : 00;
3971 : 00;
3972 : 00;
3973 : 00;
3974 : 00;
3975 : 00;
3976 : 00;
3977 : 00;
3978 : 00;
3979 : 00;
3980 : 00;
3981 : 00;
3982 : 00;
3983 : 00;
3984 : 00;
3985 : 00;
3986 : 00;
3987 : 00;
3988 : 00;
3989 : 00;
3990 : 00;
3991 : 00;
3992 : 00;
3993 : 00;
3994 : 00;
3995 : 00;
3996 : 00;
3997 : 00;
3998 : 00;
3999 : 00;
4000 : 00;
4001 : 00;
4002 : 00;
4003 : 00;
4004 : 00;
4005 : 00;
4006 : 00;
4007 : 00;
4008 : 00;
4009 : 00;
4010 : 00;
4011 : 00;
4012 : 00;
4013 : 00;
4014 : 00;
4015 : 00;
4016 : 00;
4017 : 00;
4018 : 00;
4019 : 00;
4020 : 00;
4021 : 00;
4022 : 00;
4023 : 00;
4024 : 00;
4025 : 00;
4026 : 00;
4027 : 00;
4028 : 00;
4029 : 00;
4030 : 00;
4031 : 00;
4032 : 00;
4033 : 00;
4034 : 00;
4035 : 00;
4036 : 00;
4037 : 00;
4038 : 00;
4039 : 00;
4040 : 00;
4041 : 00;
4042 : 00;
4043 : 00;
4044 : 00;
4045 : 00;
4046 : 00;
4047 : 00;
4048 : 00;
4049 : 00;
4050 : 00;
4051 : 00;
4052 : 00;
4053 : 00;
4054 : 00;
4055 : 00;
4056 : 00;
4057 : 00;
4058 : 00;
4059 : 00;
4060 : 00;
4061 : 00;
4062 : 00;
4063 : 00;
4064 : 00;
4065 : 00;
4066 : 00;
4067 : 00;
4068 : 00;
4069 : 00;
4070 : 00;
4071 : 00;
4072 : 00;
4073 : 00;
4074 : 00;
4075 : 00;
4076 : 00;
4077 : 00;
4078 : 00;
4079 : 00;
4080 : 00;
4081 : 00;
4082 : 00;
4083 : 00;
4084 : 00;
4085 : 00;
4086 : 00;
4087 : 00;
4088 : 00;
4089 : 00;
4090 : 00;
4091 : 00;
4092 : 00;
4093 : 00;
4094 : 00;
4095 : 00;
4096 : 00;
4097 : 00;
4098 : 00;
4099 : 00;
4100 : 00;
4101 : 00;
4102 : 00;
4103 : 00;
4104 : 00;
4105 : 00;
4106 : 00;
4107 : 00;
4108 : 00;
4109 : 00;
4110 : 00;
4111 : 00;
4112 : 00;
4113 : 00;
4114 : 00;
4115 : 00;
4116 : 00;
4117 : 00;
4118 : 00;
4119 : 00;
4120 : 00;
4121 : 00;
4122 : 00;
4123 : 00;
4124 : 00;
4125 : 00;
4126 : 00;
4127 : 00;
4128 : 00;
4129 : 00;
4130 : 00;
4131 : 00;
4132 : 00;
4133 : 00;
4134 : 00;
4135 : 00;
4136 : 00;
4137 : 00;
4138 : 00;
4139 : 00;
4140 : 00;
4141 : 60;
4142 : C0;
4143 : E0;
4144 : E4;
4145 : E4;
4146 : E4;
4147 : E4;
4148 : E4;
4149 : E4;
4150 : E4;
4151 : A0;
4152 : 40;
4153 : 00;
4154 : 00;
4155 : 00;
4156 : 00;
4157 : 00;
4158 : 00;
4159 : 00;
4160 : 00;
4161 : 00;
4162 : 00;
4163 : 00;
4164 : 00;
4165 : 00;
4166 : 00;
4167 : 00;
4168 : 00;
4169 : 00;
4170 : 00;
4171 : 00;
4172 : 00;
4173 : 00;
4174 : 00;
4175 : 00;
4176 : 00;
4177 : 00;
4178 : 00;
4179 : 00;
4180 : 00;
4181 : 00;
4182 : 00;
4183 : 00;
4184 : 00;
4185 : 00;
4186 : 00;
4187 : 00;
4188 : 00;
4189 : 00;
4190 : 00;
4191 : 00;
4192 : 00;
4193 : 00;
4194 : 00;
4195 : 00;
4196 : 00;
4197 : 00;
4198 : 00;
4199 : 00;
4200 : 00;
4201 : 00;
4202 : 00;
4203 : 00;
4204 : 00;
4205 : 00;
4206 : 00;
4207 : 00;
4208 : 00;
4209 : 00;
4210 : 00;
4211 : 00;
4212 : 00;
4213 : 00;
4214 : 00;
4215 : 00;
4216 : 00;
4217 : 00;
4218 : 00;
4219 : 00;
4220 : 00;
4221 : 00;
4222 : 00;
4223 : 00;
4224 : 00;
4225 : 00;
4226 : 00;
4227 : 00;
4228 : 00;
4229 : 00;
4230 : 00;
4231 : 00;
4232 : 00;
4233 : 00;
4234 : 00;
4235 : 00;
4236 : 00;
4237 : 00;
4238 : 00;
4239 : 00;
4240 : 00;
4241 : 00;
4242 : 00;
4243 : 00;
4244 : 00;
4245 : 00;
4246 : 00;
4247 : 00;
4248 : 00;
4249 : 00;
4250 : 00;
4251 : 00;
4252 : 00;
4253 : 00;
4254 : 00;
4255 : 00;
4256 : 00;
4257 : 00;
4258 : 00;
4259 : 00;
4260 : 00;
4261 : 00;
4262 : 00;
4263 : 00;
4264 : 00;
4265 : 00;
4266 : 00;
4267 : 00;
4268 : 00;
4269 : 00;
4270 : 00;
4271 : 00;
4272 : 00;
4273 : 00;
4274 : 00;
4275 : 00;
4276 : 00;
4277 : 00;
4278 : 00;
4279 : 00;
4280 : 00;
4281 : 00;
4282 : 00;
4283 : 00;
4284 : 00;
4285 : 00;
4286 : 00;
4287 : 00;
4288 : 00;
4289 : 00;
4290 : 00;
4291 : 00;
4292 : 00;
4293 : 00;
4294 : 00;
4295 : 00;
4296 : 00;
4297 : 00;
4298 : 00;
4299 : 00;
4300 : 00;
4301 : 00;
4302 : 00;
4303 : 00;
4304 : 00;
4305 : 00;
4306 : 00;
4307 : 00;
4308 : 00;
4309 : 00;
4310 : 00;
4311 : 00;
4312 : 00;
4313 : 00;
4314 : 00;
4315 : 00;
4316 : 00;
4317 : 00;
4318 : 00;
4319 : 00;
4320 : 00;
4321 : 00;
4322 : 00;
4323 : 00;
4324 : 00;
4325 : 00;
4326 : 00;
4327 : 00;
4328 : 00;
4329 : 00;
4330 : 00;
4331 : 00;
4332 : 00;
4333 : 00;
4334 : 00;
4335 : 00;
4336 : 00;
4337 : 00;
4338 : 00;
4339 : 00;
4340 : 00;
4341 : 00;
4342 : 00;
4343 : 00;
4344 : 00;
4345 : 00;
4346 : 00;
4347 : 00;
4348 : 00;
4349 : 00;
4350 : 00;
4351 : 00;
4352 : 00;
4353 : 00;
4354 : 00;
4355 : 00;
4356 : 00;
4357 : 00;
4358 : 00;
4359 : 00;
4360 : 00;
4361 : 00;
4362 : 00;
4363 : 00;
4364 : 00;
4365 : 00;
4366 : 00;
4367 : 00;
4368 : 00;
4369 : 00;
4370 : 00;
4371 : 00;
4372 : 00;
4373 : 00;
4374 : 00;
4375 : 00;
4376 : 00;
4377 : 00;
4378 : 00;
4379 : 00;
4380 : 80;
4381 : E0;
4382 : E0;
4383 : E0;
4384 : E0;
4385 : E4;
4386 : E4;
4387 : E4;
4388 : E4;
4389 : E4;
4390 : E4;
4391 : E4;
4392 : E0;
4393 : 40;
4394 : 00;
4395 : 00;
4396 : 00;
4397 : 00;
4398 : 00;
4399 : 00;
4400 : 00;
4401 : 00;
4402 : 24;
4403 : 24;
4404 : 24;
4405 : 24;
4406 : 24;
4407 : 24;
4408 : 24;
4409 : 24;
4410 : 24;
4411 : 00;
4412 : 00;
4413 : 24;
4414 : 24;
4415 : 00;
4416 : 00;
4417 : 00;
4418 : 00;
4419 : 00;
4420 : 24;
4421 : 24;
4422 : 00;
4423 : 00;
4424 : 00;
4425 : 00;
4426 : 00;
4427 : 24;
4428 : 24;
4429 : 24;
4430 : 00;
4431 : 00;
4432 : 00;
4433 : 00;
4434 : 00;
4435 : 00;
4436 : 00;
4437 : 24;
4438 : 48;
4439 : 44;
4440 : 24;
4441 : 24;
4442 : 24;
4443 : 00;
4444 : 00;
4445 : 00;
4446 : 00;
4447 : 24;
4448 : 24;
4449 : 00;
4450 : 00;
4451 : 00;
4452 : 00;
4453 : 00;
4454 : 20;
4455 : 20;
4456 : 00;
4457 : 00;
4458 : 00;
4459 : 00;
4460 : 00;
4461 : 20;
4462 : 24;
4463 : 24;
4464 : 00;
4465 : 00;
4466 : 00;
4467 : 00;
4468 : 00;
4469 : 24;
4470 : 24;
4471 : 24;
4472 : 24;
4473 : 24;
4474 : 24;
4475 : 24;
4476 : 24;
4477 : 24;
4478 : 24;
4479 : 00;
4480 : 00;
4481 : 24;
4482 : 44;
4483 : 44;
4484 : 24;
4485 : 24;
4486 : 24;
4487 : 24;
4488 : 24;
4489 : 24;
4490 : 00;
4491 : 00;
4492 : 00;
4493 : 00;
4494 : 00;
4495 : 00;
4496 : 00;
4497 : 00;
4498 : 00;
4499 : 00;
4500 : 00;
4501 : 00;
4502 : 00;
4503 : 00;
4504 : 00;
4505 : 00;
4506 : 00;
4507 : 00;
4508 : 00;
4509 : 00;
4510 : 00;
4511 : 00;
4512 : 00;
4513 : 00;
4514 : 00;
4515 : 00;
4516 : 00;
4517 : 00;
4518 : 00;
4519 : 00;
4520 : 00;
4521 : 00;
4522 : 00;
4523 : 00;
4524 : 00;
4525 : 00;
4526 : 00;
4527 : 00;
4528 : 00;
4529 : 00;
4530 : 00;
4531 : 00;
4532 : 00;
4533 : 00;
4534 : 00;
4535 : 00;
4536 : 00;
4537 : 00;
4538 : 00;
4539 : 00;
4540 : 00;
4541 : 00;
4542 : 00;
4543 : 00;
4544 : 00;
4545 : 00;
4546 : 00;
4547 : 00;
4548 : 00;
4549 : 00;
4550 : 00;
4551 : 00;
4552 : 00;
4553 : 00;
4554 : 00;
4555 : 00;
4556 : 00;
4557 : 00;
4558 : 00;
4559 : 00;
4560 : 00;
4561 : 00;
4562 : 00;
4563 : 00;
4564 : 00;
4565 : 00;
4566 : 00;
4567 : 00;
4568 : 00;
4569 : 00;
4570 : 00;
4571 : 00;
4572 : 00;
4573 : 00;
4574 : 00;
4575 : 00;
4576 : 00;
4577 : 00;
4578 : 00;
4579 : 00;
4580 : 00;
4581 : 00;
4582 : 00;
4583 : 00;
4584 : 00;
4585 : 00;
4586 : 00;
4587 : 00;
4588 : 00;
4589 : 00;
4590 : 00;
4591 : 00;
4592 : 00;
4593 : 00;
4594 : 00;
4595 : 00;
4596 : 00;
4597 : 00;
4598 : 00;
4599 : 00;
4600 : 00;
4601 : 00;
4602 : 00;
4603 : 00;
4604 : 00;
4605 : 00;
4606 : 00;
4607 : 00;
4608 : 00;
4609 : 00;
4610 : 00;
4611 : 00;
4612 : 00;
4613 : 00;
4614 : 00;
4615 : 00;
4616 : 00;
4617 : 00;
4618 : 00;
4619 : 20;
4620 : E0;
4621 : E0;
4622 : E4;
4623 : E4;
4624 : E0;
4625 : E0;
4626 : E0;
4627 : E0;
4628 : E0;
4629 : E0;
4630 : E0;
4631 : E4;
4632 : E4;
4633 : 80;
4634 : 00;
4635 : 00;
4636 : 00;
4637 : 00;
4638 : 00;
4639 : 00;
4640 : 00;
4641 : 00;
4642 : B4;
4643 : FC;
4644 : D8;
4645 : FC;
4646 : FC;
4647 : F8;
4648 : F8;
4649 : FC;
4650 : B4;
4651 : 00;
4652 : 6C;
4653 : FC;
4654 : B4;
4655 : 00;
4656 : 00;
4657 : 00;
4658 : 00;
4659 : 24;
4660 : D8;
4661 : D8;
4662 : 24;
4663 : 00;
4664 : 00;
4665 : 00;
4666 : 6C;
4667 : D8;
4668 : F8;
4669 : F8;
4670 : B4;
4671 : 00;
4672 : 00;
4673 : 00;
4674 : 00;
4675 : 00;
4676 : 48;
4677 : D8;
4678 : FC;
4679 : FC;
4680 : FC;
4681 : FC;
4682 : FC;
4683 : 6C;
4684 : 00;
4685 : 00;
4686 : 48;
4687 : FC;
4688 : D8;
4689 : 24;
4690 : 00;
4691 : 00;
4692 : 00;
4693 : 24;
4694 : D8;
4695 : D8;
4696 : 48;
4697 : 00;
4698 : 00;
4699 : 00;
4700 : 48;
4701 : D8;
4702 : D8;
4703 : D8;
4704 : B4;
4705 : 00;
4706 : 00;
4707 : 00;
4708 : 00;
4709 : B0;
4710 : FC;
4711 : FC;
4712 : FC;
4713 : D8;
4714 : D8;
4715 : D8;
4716 : FC;
4717 : FC;
4718 : D8;
4719 : 00;
4720 : 24;
4721 : FC;
4722 : D8;
4723 : FC;
4724 : FC;
4725 : FC;
4726 : FC;
4727 : FC;
4728 : FC;
4729 : 90;
4730 : 00;
4731 : 00;
4732 : 00;
4733 : 00;
4734 : 00;
4735 : 00;
4736 : 00;
4737 : 00;
4738 : 00;
4739 : 00;
4740 : 00;
4741 : 00;
4742 : 00;
4743 : 00;
4744 : 00;
4745 : 00;
4746 : 00;
4747 : 00;
4748 : 00;
4749 : 00;
4750 : 00;
4751 : 00;
4752 : 00;
4753 : 00;
4754 : 00;
4755 : 00;
4756 : 00;
4757 : 00;
4758 : 00;
4759 : 00;
4760 : 00;
4761 : 00;
4762 : 00;
4763 : 00;
4764 : 00;
4765 : 00;
4766 : 00;
4767 : 00;
4768 : 00;
4769 : 00;
4770 : 00;
4771 : 00;
4772 : 00;
4773 : 00;
4774 : 00;
4775 : 00;
4776 : 00;
4777 : 00;
4778 : 00;
4779 : 00;
4780 : 00;
4781 : 00;
4782 : 00;
4783 : 00;
4784 : 00;
4785 : 00;
4786 : 00;
4787 : 00;
4788 : 00;
4789 : 00;
4790 : 00;
4791 : 00;
4792 : 00;
4793 : 00;
4794 : 00;
4795 : 00;
4796 : 00;
4797 : 00;
4798 : 00;
4799 : 00;
4800 : 00;
4801 : 00;
4802 : 00;
4803 : 00;
4804 : 00;
4805 : 00;
4806 : 00;
4807 : 00;
4808 : 00;
4809 : 00;
4810 : 00;
4811 : 00;
4812 : 00;
4813 : 00;
4814 : 00;
4815 : 00;
4816 : 00;
4817 : 00;
4818 : 00;
4819 : 00;
4820 : 00;
4821 : 00;
4822 : 00;
4823 : 00;
4824 : 00;
4825 : 00;
4826 : 00;
4827 : 00;
4828 : 00;
4829 : 00;
4830 : 00;
4831 : 00;
4832 : 00;
4833 : 00;
4834 : 00;
4835 : 00;
4836 : 00;
4837 : 00;
4838 : 00;
4839 : 00;
4840 : 00;
4841 : 00;
4842 : 00;
4843 : 00;
4844 : 00;
4845 : 00;
4846 : 00;
4847 : 00;
4848 : 00;
4849 : 00;
4850 : 00;
4851 : 00;
4852 : 00;
4853 : 00;
4854 : 00;
4855 : 00;
4856 : 00;
4857 : 00;
4858 : 00;
4859 : 20;
4860 : E0;
4861 : E0;
4862 : E0;
4863 : E4;
4864 : E4;
4865 : E9;
4866 : ED;
4867 : ED;
4868 : E9;
4869 : E4;
4870 : E4;
4871 : E4;
4872 : E4;
4873 : 80;
4874 : 00;
4875 : 00;
4876 : 00;
4877 : 00;
4878 : 00;
4879 : 00;
4880 : 00;
4881 : 00;
4882 : B4;
4883 : FC;
4884 : D8;
4885 : D8;
4886 : D8;
4887 : D8;
4888 : B8;
4889 : D8;
4890 : 90;
4891 : 00;
4892 : 6C;
4893 : FC;
4894 : B4;
4895 : 00;
4896 : 00;
4897 : 00;
4898 : 00;
4899 : 24;
4900 : D8;
4901 : DC;
4902 : 24;
4903 : 00;
4904 : 00;
4905 : 44;
4906 : FC;
4907 : D8;
4908 : D8;
4909 : D8;
4910 : D8;
4911 : 6C;
4912 : 00;
4913 : 00;
4914 : 00;
4915 : 6C;
4916 : D8;
4917 : FC;
4918 : D8;
4919 : B8;
4920 : D8;
4921 : D8;
4922 : D8;
4923 : FC;
4924 : 6C;
4925 : 00;
4926 : 48;
4927 : FC;
4928 : D8;
4929 : 24;
4930 : 00;
4931 : 00;
4932 : 00;
4933 : 48;
4934 : FC;
4935 : FC;
4936 : 48;
4937 : 00;
4938 : 00;
4939 : 44;
4940 : B4;
4941 : FC;
4942 : D8;
4943 : D8;
4944 : D8;
4945 : 6C;
4946 : 00;
4947 : 00;
4948 : 00;
4949 : 90;
4950 : D8;
4951 : D8;
4952 : D8;
4953 : FC;
4954 : FC;
4955 : D8;
4956 : D8;
4957 : D8;
4958 : B4;
4959 : 00;
4960 : 48;
4961 : FC;
4962 : D8;
4963 : D8;
4964 : D8;
4965 : D8;
4966 : D8;
4967 : B4;
4968 : D8;
4969 : 6C;
4970 : 00;
4971 : 00;
4972 : 00;
4973 : 00;
4974 : 00;
4975 : 00;
4976 : 00;
4977 : 00;
4978 : 00;
4979 : 00;
4980 : 00;
4981 : 00;
4982 : 00;
4983 : 00;
4984 : 00;
4985 : 00;
4986 : 00;
4987 : 00;
4988 : 00;
4989 : 00;
4990 : 00;
4991 : 00;
4992 : 00;
4993 : 00;
4994 : 00;
4995 : 00;
4996 : 00;
4997 : 00;
4998 : 00;
4999 : 00;
5000 : 00;
5001 : 00;
5002 : 00;
5003 : 00;
5004 : 00;
5005 : 00;
5006 : 00;
5007 : 00;
5008 : 00;
5009 : 00;
5010 : 00;
5011 : 00;
5012 : 00;
5013 : 00;
5014 : 00;
5015 : 00;
5016 : 00;
5017 : 00;
5018 : 00;
5019 : 00;
5020 : 00;
5021 : 00;
5022 : 00;
5023 : 00;
5024 : 00;
5025 : 00;
5026 : 00;
5027 : 00;
5028 : 00;
5029 : 00;
5030 : 00;
5031 : 00;
5032 : 00;
5033 : 00;
5034 : 00;
5035 : 00;
5036 : 00;
5037 : 00;
5038 : 00;
5039 : 00;
5040 : 00;
5041 : 00;
5042 : 00;
5043 : 00;
5044 : 00;
5045 : 00;
5046 : 00;
5047 : 00;
5048 : 00;
5049 : 00;
5050 : 00;
5051 : 00;
5052 : 00;
5053 : 00;
5054 : 00;
5055 : 00;
5056 : 00;
5057 : 00;
5058 : 00;
5059 : 00;
5060 : 00;
5061 : 00;
5062 : 00;
5063 : 00;
5064 : 00;
5065 : 00;
5066 : 00;
5067 : 00;
5068 : 00;
5069 : 00;
5070 : 00;
5071 : 00;
5072 : 00;
5073 : 00;
5074 : 00;
5075 : 00;
5076 : 00;
5077 : 00;
5078 : 00;
5079 : 00;
5080 : 00;
5081 : 00;
5082 : 00;
5083 : 00;
5084 : 00;
5085 : 00;
5086 : 00;
5087 : 00;
5088 : 00;
5089 : 00;
5090 : 00;
5091 : 00;
5092 : 00;
5093 : 00;
5094 : 00;
5095 : 00;
5096 : 00;
5097 : 00;
5098 : 00;
5099 : 20;
5100 : E0;
5101 : E0;
5102 : E0;
5103 : E4;
5104 : E8;
5105 : F1;
5106 : F6;
5107 : F6;
5108 : F6;
5109 : ED;
5110 : E4;
5111 : E4;
5112 : E4;
5113 : 80;
5114 : 00;
5115 : 00;
5116 : 00;
5117 : 00;
5118 : 00;
5119 : 00;
5120 : 00;
5121 : 00;
5122 : B4;
5123 : FC;
5124 : 6C;
5125 : 00;
5126 : 04;
5127 : 00;
5128 : 00;
5129 : 00;
5130 : 00;
5131 : 00;
5132 : 6C;
5133 : FC;
5134 : B4;
5135 : 00;
5136 : 00;
5137 : 00;
5138 : 00;
5139 : 24;
5140 : D8;
5141 : D8;
5142 : 24;
5143 : 00;
5144 : 24;
5145 : D8;
5146 : FC;
5147 : 6C;
5148 : 00;
5149 : 6C;
5150 : FC;
5151 : FC;
5152 : 90;
5153 : 00;
5154 : 00;
5155 : B4;
5156 : FC;
5157 : FC;
5158 : 6C;
5159 : 00;
5160 : 00;
5161 : 00;
5162 : 90;
5163 : FC;
5164 : B4;
5165 : 00;
5166 : 48;
5167 : FC;
5168 : D8;
5169 : 24;
5170 : 00;
5171 : 00;
5172 : 00;
5173 : 48;
5174 : FC;
5175 : FC;
5176 : 48;
5177 : 00;
5178 : 48;
5179 : D8;
5180 : FC;
5181 : FC;
5182 : 48;
5183 : 90;
5184 : FC;
5185 : FC;
5186 : 8C;
5187 : 00;
5188 : 00;
5189 : 00;
5190 : 00;
5191 : 00;
5192 : 24;
5193 : D8;
5194 : FC;
5195 : 6C;
5196 : 00;
5197 : 00;
5198 : 00;
5199 : 00;
5200 : 48;
5201 : FC;
5202 : D8;
5203 : 48;
5204 : 00;
5205 : 00;
5206 : 00;
5207 : 00;
5208 : 00;
5209 : 00;
5210 : 00;
5211 : 00;
5212 : 00;
5213 : 00;
5214 : 00;
5215 : 00;
5216 : 00;
5217 : 00;
5218 : 00;
5219 : 00;
5220 : 00;
5221 : 00;
5222 : 00;
5223 : 00;
5224 : 00;
5225 : 00;
5226 : 00;
5227 : 00;
5228 : 00;
5229 : 00;
5230 : 00;
5231 : 00;
5232 : 00;
5233 : 00;
5234 : 00;
5235 : 00;
5236 : 00;
5237 : 00;
5238 : 00;
5239 : 00;
5240 : 00;
5241 : 00;
5242 : 00;
5243 : 00;
5244 : 00;
5245 : 00;
5246 : 00;
5247 : 00;
5248 : 00;
5249 : 00;
5250 : 00;
5251 : 00;
5252 : 00;
5253 : 00;
5254 : 00;
5255 : 00;
5256 : 00;
5257 : 00;
5258 : 00;
5259 : 00;
5260 : 00;
5261 : 00;
5262 : 00;
5263 : 00;
5264 : 00;
5265 : 00;
5266 : 00;
5267 : 00;
5268 : 00;
5269 : 00;
5270 : 00;
5271 : 00;
5272 : 00;
5273 : 00;
5274 : 00;
5275 : 00;
5276 : 00;
5277 : 00;
5278 : 00;
5279 : 00;
5280 : 00;
5281 : 00;
5282 : 00;
5283 : 00;
5284 : 00;
5285 : 00;
5286 : 00;
5287 : 00;
5288 : 00;
5289 : 00;
5290 : 00;
5291 : 00;
5292 : 00;
5293 : 00;
5294 : 00;
5295 : 00;
5296 : 00;
5297 : 00;
5298 : 00;
5299 : 00;
5300 : 00;
5301 : 00;
5302 : 00;
5303 : 00;
5304 : 00;
5305 : 00;
5306 : 00;
5307 : 00;
5308 : 00;
5309 : 00;
5310 : 00;
5311 : 00;
5312 : 00;
5313 : 00;
5314 : 00;
5315 : 00;
5316 : 00;
5317 : 00;
5318 : 00;
5319 : 00;
5320 : 00;
5321 : 00;
5322 : 00;
5323 : 00;
5324 : 00;
5325 : 00;
5326 : 00;
5327 : 00;
5328 : 00;
5329 : 00;
5330 : 00;
5331 : 00;
5332 : 00;
5333 : 00;
5334 : 00;
5335 : 00;
5336 : 00;
5337 : 00;
5338 : 00;
5339 : 20;
5340 : C0;
5341 : E0;
5342 : E0;
5343 : E4;
5344 : F1;
5345 : F6;
5346 : FA;
5347 : F6;
5348 : F6;
5349 : ED;
5350 : E4;
5351 : E4;
5352 : E4;
5353 : A0;
5354 : 00;
5355 : 00;
5356 : 00;
5357 : 00;
5358 : 00;
5359 : 00;
5360 : 00;
5361 : 00;
5362 : B4;
5363 : FC;
5364 : 6C;
5365 : 00;
5366 : 00;
5367 : 00;
5368 : 00;
5369 : 00;
5370 : 00;
5371 : 00;
5372 : 6C;
5373 : FC;
5374 : B4;
5375 : 00;
5376 : 00;
5377 : 00;
5378 : 00;
5379 : 24;
5380 : FC;
5381 : D8;
5382 : 24;
5383 : 00;
5384 : B4;
5385 : FC;
5386 : 90;
5387 : 24;
5388 : 00;
5389 : 00;
5390 : 6C;
5391 : D8;
5392 : FC;
5393 : 6C;
5394 : 00;
5395 : B4;
5396 : FC;
5397 : B4;
5398 : 24;
5399 : 00;
5400 : 00;
5401 : 00;
5402 : 24;
5403 : 6C;
5404 : 48;
5405 : 00;
5406 : 48;
5407 : FC;
5408 : D8;
5409 : 24;
5410 : 00;
5411 : 00;
5412 : 00;
5413 : 48;
5414 : FC;
5415 : D8;
5416 : 24;
5417 : 20;
5418 : D8;
5419 : FC;
5420 : B4;
5421 : 6C;
5422 : 00;
5423 : 48;
5424 : 90;
5425 : D8;
5426 : FC;
5427 : 6C;
5428 : 00;
5429 : 00;
5430 : 00;
5431 : 00;
5432 : 20;
5433 : D8;
5434 : FC;
5435 : 4C;
5436 : 00;
5437 : 00;
5438 : 00;
5439 : 00;
5440 : 48;
5441 : FC;
5442 : D8;
5443 : 24;
5444 : 00;
5445 : 00;
5446 : 00;
5447 : 00;
5448 : 00;
5449 : 00;
5450 : 00;
5451 : 00;
5452 : 00;
5453 : 00;
5454 : 00;
5455 : 00;
5456 : 00;
5457 : 00;
5458 : 00;
5459 : 00;
5460 : 00;
5461 : 00;
5462 : 00;
5463 : 00;
5464 : 00;
5465 : 00;
5466 : 00;
5467 : 00;
5468 : 00;
5469 : 00;
5470 : 00;
5471 : 00;
5472 : 00;
5473 : 00;
5474 : 00;
5475 : 00;
5476 : 00;
5477 : 00;
5478 : 00;
5479 : 00;
5480 : 00;
5481 : 00;
5482 : 00;
5483 : 00;
5484 : 00;
5485 : 00;
5486 : 00;
5487 : 00;
5488 : 00;
5489 : 00;
5490 : 00;
5491 : 00;
5492 : 00;
5493 : 00;
5494 : 00;
5495 : 00;
5496 : 00;
5497 : 00;
5498 : 00;
5499 : 00;
5500 : 00;
5501 : 00;
5502 : 00;
5503 : 00;
5504 : 00;
5505 : 00;
5506 : 00;
5507 : 00;
5508 : 00;
5509 : 00;
5510 : 00;
5511 : 00;
5512 : 00;
5513 : 00;
5514 : 00;
5515 : 00;
5516 : 00;
5517 : 00;
5518 : 00;
5519 : 00;
5520 : 00;
5521 : 00;
5522 : 00;
5523 : 00;
5524 : 00;
5525 : 00;
5526 : 00;
5527 : 00;
5528 : 00;
5529 : 00;
5530 : 00;
5531 : 00;
5532 : 00;
5533 : 00;
5534 : 00;
5535 : 00;
5536 : 00;
5537 : 00;
5538 : 00;
5539 : 00;
5540 : 00;
5541 : 00;
5542 : 00;
5543 : 00;
5544 : 00;
5545 : 00;
5546 : 00;
5547 : 00;
5548 : 00;
5549 : 00;
5550 : 00;
5551 : 00;
5552 : 00;
5553 : 00;
5554 : 00;
5555 : 00;
5556 : 00;
5557 : 00;
5558 : 00;
5559 : 00;
5560 : 00;
5561 : 00;
5562 : 00;
5563 : 00;
5564 : 00;
5565 : 00;
5566 : 00;
5567 : 00;
5568 : 00;
5569 : 00;
5570 : 00;
5571 : 00;
5572 : 00;
5573 : 00;
5574 : 00;
5575 : 00;
5576 : 00;
5577 : 00;
5578 : 00;
5579 : 20;
5580 : C0;
5581 : E0;
5582 : E0;
5583 : E8;
5584 : F6;
5585 : FA;
5586 : FA;
5587 : FA;
5588 : F6;
5589 : ED;
5590 : E4;
5591 : E4;
5592 : E4;
5593 : 80;
5594 : 00;
5595 : 00;
5596 : 00;
5597 : 00;
5598 : 00;
5599 : 00;
5600 : 00;
5601 : 00;
5602 : D4;
5603 : FC;
5604 : 70;
5605 : 00;
5606 : 24;
5607 : 20;
5608 : 00;
5609 : 00;
5610 : 00;
5611 : 00;
5612 : 6C;
5613 : FC;
5614 : B4;
5615 : 00;
5616 : 00;
5617 : 00;
5618 : 00;
5619 : 48;
5620 : FC;
5621 : D8;
5622 : 24;
5623 : 20;
5624 : D8;
5625 : FC;
5626 : 48;
5627 : 00;
5628 : 00;
5629 : 00;
5630 : 00;
5631 : B4;
5632 : FC;
5633 : 90;
5634 : 00;
5635 : B4;
5636 : FC;
5637 : 90;
5638 : 00;
5639 : 00;
5640 : 00;
5641 : 00;
5642 : 00;
5643 : 00;
5644 : 00;
5645 : 00;
5646 : 48;
5647 : FC;
5648 : D8;
5649 : 24;
5650 : 00;
5651 : 00;
5652 : 00;
5653 : 48;
5654 : FC;
5655 : D8;
5656 : 24;
5657 : 24;
5658 : D8;
5659 : FC;
5660 : 6C;
5661 : 00;
5662 : 00;
5663 : 00;
5664 : 00;
5665 : D8;
5666 : FC;
5667 : 6C;
5668 : 00;
5669 : 00;
5670 : 00;
5671 : 00;
5672 : 20;
5673 : D8;
5674 : FC;
5675 : 48;
5676 : 00;
5677 : 00;
5678 : 00;
5679 : 00;
5680 : 48;
5681 : FC;
5682 : D8;
5683 : 48;
5684 : 00;
5685 : 00;
5686 : 00;
5687 : 00;
5688 : 00;
5689 : 00;
5690 : 00;
5691 : 00;
5692 : 00;
5693 : 00;
5694 : 00;
5695 : 00;
5696 : 00;
5697 : 00;
5698 : 00;
5699 : 00;
5700 : 00;
5701 : 00;
5702 : 00;
5703 : 00;
5704 : 00;
5705 : 00;
5706 : 00;
5707 : 00;
5708 : 00;
5709 : 00;
5710 : 00;
5711 : 00;
5712 : 00;
5713 : 00;
5714 : 00;
5715 : 00;
5716 : 00;
5717 : 00;
5718 : 00;
5719 : 00;
5720 : 00;
5721 : 00;
5722 : 00;
5723 : 00;
5724 : 00;
5725 : 00;
5726 : 00;
5727 : 00;
5728 : 00;
5729 : 00;
5730 : 00;
5731 : 00;
5732 : 00;
5733 : 00;
5734 : 00;
5735 : 00;
5736 : 00;
5737 : 00;
5738 : 00;
5739 : 00;
5740 : 00;
5741 : 00;
5742 : 00;
5743 : 00;
5744 : 00;
5745 : 00;
5746 : 00;
5747 : 00;
5748 : 00;
5749 : 00;
5750 : 00;
5751 : 00;
5752 : 00;
5753 : 00;
5754 : 00;
5755 : 00;
5756 : 00;
5757 : 00;
5758 : 00;
5759 : 00;
5760 : 00;
5761 : 00;
5762 : 00;
5763 : 00;
5764 : 00;
5765 : 00;
5766 : 00;
5767 : 00;
5768 : 00;
5769 : 00;
5770 : 00;
5771 : 00;
5772 : 00;
5773 : 00;
5774 : 00;
5775 : 00;
5776 : 00;
5777 : 00;
5778 : 00;
5779 : 00;
5780 : 00;
5781 : 00;
5782 : 00;
5783 : 00;
5784 : 00;
5785 : 00;
5786 : 00;
5787 : 00;
5788 : 00;
5789 : 00;
5790 : 00;
5791 : 00;
5792 : 00;
5793 : 00;
5794 : 00;
5795 : 00;
5796 : 00;
5797 : 00;
5798 : 00;
5799 : 00;
5800 : 00;
5801 : 00;
5802 : 00;
5803 : 00;
5804 : 00;
5805 : 00;
5806 : 00;
5807 : 00;
5808 : 00;
5809 : 00;
5810 : 00;
5811 : 00;
5812 : 00;
5813 : 00;
5814 : 00;
5815 : 00;
5816 : 00;
5817 : 00;
5818 : 00;
5819 : 20;
5820 : E0;
5821 : E0;
5822 : E0;
5823 : E4;
5824 : F5;
5825 : FA;
5826 : FA;
5827 : FA;
5828 : F6;
5829 : ED;
5830 : E4;
5831 : E4;
5832 : E4;
5833 : 80;
5834 : 00;
5835 : 00;
5836 : 00;
5837 : 00;
5838 : 00;
5839 : 00;
5840 : 00;
5841 : 00;
5842 : D8;
5843 : FC;
5844 : D8;
5845 : D8;
5846 : D8;
5847 : D8;
5848 : B4;
5849 : 00;
5850 : 00;
5851 : 00;
5852 : 6C;
5853 : FC;
5854 : B4;
5855 : 00;
5856 : 00;
5857 : 00;
5858 : 00;
5859 : 24;
5860 : FC;
5861 : D8;
5862 : 24;
5863 : 00;
5864 : D8;
5865 : FC;
5866 : 48;
5867 : 00;
5868 : 00;
5869 : 00;
5870 : 00;
5871 : B4;
5872 : FC;
5873 : 70;
5874 : 00;
5875 : B4;
5876 : FC;
5877 : 90;
5878 : 00;
5879 : 00;
5880 : 00;
5881 : 00;
5882 : 00;
5883 : 00;
5884 : 00;
5885 : 00;
5886 : 48;
5887 : FC;
5888 : D8;
5889 : 24;
5890 : 00;
5891 : 00;
5892 : 00;
5893 : 48;
5894 : FC;
5895 : D8;
5896 : 24;
5897 : 24;
5898 : D8;
5899 : FC;
5900 : 6C;
5901 : 00;
5902 : 00;
5903 : 00;
5904 : 00;
5905 : D8;
5906 : FC;
5907 : 6C;
5908 : 00;
5909 : 00;
5910 : 00;
5911 : 00;
5912 : 00;
5913 : D8;
5914 : FC;
5915 : 48;
5916 : 00;
5917 : 00;
5918 : 00;
5919 : 00;
5920 : 48;
5921 : FC;
5922 : D8;
5923 : D8;
5924 : D8;
5925 : D8;
5926 : D8;
5927 : B4;
5928 : 00;
5929 : 00;
5930 : 00;
5931 : 00;
5932 : 00;
5933 : 00;
5934 : 00;
5935 : 00;
5936 : 00;
5937 : 00;
5938 : 00;
5939 : 00;
5940 : 00;
5941 : 00;
5942 : 00;
5943 : 00;
5944 : 00;
5945 : 00;
5946 : 00;
5947 : 00;
5948 : 00;
5949 : 00;
5950 : 00;
5951 : 00;
5952 : 00;
5953 : 00;
5954 : 00;
5955 : 00;
5956 : 00;
5957 : 00;
5958 : 00;
5959 : 00;
5960 : 00;
5961 : 00;
5962 : 00;
5963 : 00;
5964 : 00;
5965 : 00;
5966 : 00;
5967 : 00;
5968 : 00;
5969 : 00;
5970 : 00;
5971 : 00;
5972 : 00;
5973 : 00;
5974 : 00;
5975 : 00;
5976 : 00;
5977 : 00;
5978 : 00;
5979 : 00;
5980 : 00;
5981 : 00;
5982 : 00;
5983 : 00;
5984 : 00;
5985 : 00;
5986 : 00;
5987 : 00;
5988 : 00;
5989 : 00;
5990 : 00;
5991 : 00;
5992 : 00;
5993 : 00;
5994 : 00;
5995 : 00;
5996 : 00;
5997 : 00;
5998 : 00;
5999 : 00;
6000 : 00;
6001 : 00;
6002 : 00;
6003 : 00;
6004 : 00;
6005 : 00;
6006 : 00;
6007 : 00;
6008 : 00;
6009 : 00;
6010 : 00;
6011 : 00;
6012 : 00;
6013 : 00;
6014 : 00;
6015 : 00;
6016 : 00;
6017 : 00;
6018 : 00;
6019 : 00;
6020 : 00;
6021 : 00;
6022 : 00;
6023 : 00;
6024 : 00;
6025 : 00;
6026 : 00;
6027 : 00;
6028 : 00;
6029 : 00;
6030 : 00;
6031 : 00;
6032 : 00;
6033 : 00;
6034 : 00;
6035 : 00;
6036 : 00;
6037 : 00;
6038 : 00;
6039 : 00;
6040 : 00;
6041 : 00;
6042 : 00;
6043 : 00;
6044 : 00;
6045 : 00;
6046 : 00;
6047 : 00;
6048 : 00;
6049 : 00;
6050 : 00;
6051 : 00;
6052 : 00;
6053 : 00;
6054 : 00;
6055 : 00;
6056 : 00;
6057 : 00;
6058 : 00;
6059 : 20;
6060 : E0;
6061 : E0;
6062 : E0;
6063 : E4;
6064 : F1;
6065 : FA;
6066 : FA;
6067 : FA;
6068 : F6;
6069 : ED;
6070 : E4;
6071 : E4;
6072 : E4;
6073 : 80;
6074 : 00;
6075 : 00;
6076 : 00;
6077 : 00;
6078 : 00;
6079 : 00;
6080 : 00;
6081 : 00;
6082 : D8;
6083 : FC;
6084 : D8;
6085 : D8;
6086 : D8;
6087 : D8;
6088 : B4;
6089 : 00;
6090 : 00;
6091 : 00;
6092 : 6C;
6093 : FC;
6094 : D8;
6095 : 48;
6096 : 00;
6097 : 00;
6098 : 24;
6099 : 90;
6100 : D8;
6101 : D8;
6102 : 24;
6103 : 00;
6104 : D8;
6105 : FC;
6106 : 6C;
6107 : 44;
6108 : 48;
6109 : 24;
6110 : 24;
6111 : D8;
6112 : FC;
6113 : 6C;
6114 : 00;
6115 : B4;
6116 : FC;
6117 : 90;
6118 : 00;
6119 : 00;
6120 : 00;
6121 : 00;
6122 : 00;
6123 : 00;
6124 : 00;
6125 : 00;
6126 : 6C;
6127 : FC;
6128 : D8;
6129 : 24;
6130 : 00;
6131 : 00;
6132 : 00;
6133 : 48;
6134 : FC;
6135 : D8;
6136 : 24;
6137 : 24;
6138 : F8;
6139 : FC;
6140 : 90;
6141 : 24;
6142 : 44;
6143 : 24;
6144 : 48;
6145 : D8;
6146 : FC;
6147 : 6C;
6148 : 00;
6149 : 00;
6150 : 00;
6151 : 00;
6152 : 24;
6153 : D8;
6154 : FC;
6155 : 48;
6156 : 00;
6157 : 00;
6158 : 00;
6159 : 00;
6160 : 48;
6161 : FC;
6162 : D8;
6163 : D8;
6164 : D8;
6165 : D8;
6166 : D8;
6167 : B4;
6168 : 00;
6169 : 00;
6170 : 00;
6171 : 00;
6172 : 00;
6173 : 00;
6174 : 00;
6175 : 00;
6176 : 00;
6177 : 00;
6178 : 00;
6179 : 00;
6180 : 00;
6181 : 00;
6182 : 00;
6183 : 00;
6184 : 00;
6185 : 00;
6186 : 00;
6187 : 00;
6188 : 00;
6189 : 00;
6190 : 00;
6191 : 00;
6192 : 00;
6193 : 00;
6194 : 00;
6195 : 00;
6196 : 00;
6197 : 00;
6198 : 00;
6199 : 00;
6200 : 00;
6201 : 00;
6202 : 00;
6203 : 00;
6204 : 00;
6205 : 00;
6206 : 00;
6207 : 00;
6208 : 00;
6209 : 00;
6210 : 00;
6211 : 00;
6212 : 00;
6213 : 00;
6214 : 00;
6215 : 00;
6216 : 00;
6217 : 00;
6218 : 00;
6219 : 00;
6220 : 00;
6221 : 00;
6222 : 00;
6223 : 00;
6224 : 00;
6225 : 00;
6226 : 00;
6227 : 00;
6228 : 00;
6229 : 00;
6230 : 00;
6231 : 00;
6232 : 00;
6233 : 00;
6234 : 00;
6235 : 00;
6236 : 00;
6237 : 00;
6238 : 00;
6239 : 00;
6240 : 00;
6241 : 00;
6242 : 00;
6243 : 00;
6244 : 00;
6245 : 00;
6246 : 00;
6247 : 00;
6248 : 00;
6249 : 00;
6250 : 00;
6251 : 00;
6252 : 00;
6253 : 00;
6254 : 00;
6255 : 00;
6256 : 00;
6257 : 00;
6258 : 00;
6259 : 00;
6260 : 00;
6261 : 00;
6262 : 00;
6263 : 00;
6264 : 00;
6265 : 00;
6266 : 00;
6267 : 00;
6268 : 00;
6269 : 00;
6270 : 00;
6271 : 00;
6272 : 00;
6273 : 00;
6274 : 00;
6275 : 00;
6276 : 00;
6277 : 00;
6278 : 00;
6279 : 00;
6280 : 00;
6281 : 00;
6282 : 00;
6283 : 00;
6284 : 00;
6285 : 00;
6286 : 00;
6287 : 00;
6288 : 00;
6289 : 00;
6290 : 00;
6291 : 00;
6292 : 00;
6293 : 00;
6294 : 00;
6295 : 00;
6296 : 00;
6297 : 00;
6298 : 00;
6299 : 20;
6300 : E0;
6301 : E0;
6302 : E0;
6303 : E4;
6304 : E8;
6305 : ED;
6306 : F1;
6307 : F1;
6308 : ED;
6309 : E4;
6310 : E4;
6311 : E4;
6312 : E4;
6313 : 80;
6314 : 00;
6315 : 00;
6316 : 00;
6317 : 00;
6318 : 00;
6319 : 00;
6320 : 00;
6321 : 00;
6322 : B4;
6323 : FC;
6324 : 90;
6325 : 00;
6326 : 00;
6327 : 00;
6328 : 00;
6329 : 00;
6330 : 00;
6331 : 00;
6332 : 00;
6333 : 90;
6334 : FC;
6335 : B4;
6336 : 00;
6337 : 00;
6338 : 48;
6339 : FC;
6340 : FC;
6341 : 4C;
6342 : 00;
6343 : 24;
6344 : D8;
6345 : FC;
6346 : FC;
6347 : FC;
6348 : FC;
6349 : FC;
6350 : FC;
6351 : FC;
6352 : FC;
6353 : 6C;
6354 : 00;
6355 : 90;
6356 : FC;
6357 : 90;
6358 : 00;
6359 : 00;
6360 : 00;
6361 : 00;
6362 : 00;
6363 : 00;
6364 : 00;
6365 : 00;
6366 : 6C;
6367 : FC;
6368 : D8;
6369 : 24;
6370 : 00;
6371 : 00;
6372 : 00;
6373 : 48;
6374 : FC;
6375 : DC;
6376 : 24;
6377 : 24;
6378 : FC;
6379 : FC;
6380 : FC;
6381 : FC;
6382 : FC;
6383 : FC;
6384 : FC;
6385 : D8;
6386 : FC;
6387 : 6C;
6388 : 00;
6389 : 00;
6390 : 00;
6391 : 00;
6392 : 24;
6393 : D8;
6394 : FC;
6395 : 48;
6396 : 00;
6397 : 00;
6398 : 00;
6399 : 00;
6400 : 48;
6401 : FC;
6402 : D8;
6403 : 48;
6404 : 04;
6405 : 24;
6406 : 00;
6407 : 00;
6408 : 00;
6409 : 00;
6410 : 00;
6411 : 00;
6412 : 00;
6413 : 00;
6414 : 00;
6415 : 00;
6416 : 00;
6417 : 00;
6418 : 00;
6419 : 00;
6420 : 00;
6421 : 00;
6422 : 00;
6423 : 00;
6424 : 00;
6425 : 00;
6426 : 00;
6427 : 00;
6428 : 00;
6429 : 00;
6430 : 00;
6431 : 00;
6432 : 00;
6433 : 00;
6434 : 00;
6435 : 00;
6436 : 00;
6437 : 00;
6438 : 00;
6439 : 00;
6440 : 00;
6441 : 00;
6442 : 00;
6443 : 00;
6444 : 00;
6445 : 00;
6446 : 00;
6447 : 00;
6448 : 00;
6449 : 00;
6450 : 00;
6451 : 00;
6452 : 00;
6453 : 00;
6454 : 00;
6455 : 00;
6456 : 00;
6457 : 00;
6458 : 00;
6459 : 00;
6460 : 00;
6461 : 00;
6462 : 00;
6463 : 00;
6464 : 00;
6465 : 00;
6466 : 00;
6467 : 00;
6468 : 00;
6469 : 00;
6470 : 00;
6471 : 00;
6472 : 00;
6473 : 00;
6474 : 00;
6475 : 00;
6476 : 00;
6477 : 00;
6478 : 00;
6479 : 00;
6480 : 00;
6481 : 00;
6482 : 00;
6483 : 00;
6484 : 00;
6485 : 00;
6486 : 00;
6487 : 00;
6488 : 00;
6489 : 00;
6490 : 00;
6491 : 00;
6492 : 00;
6493 : 00;
6494 : 00;
6495 : 00;
6496 : 00;
6497 : 00;
6498 : 00;
6499 : 00;
6500 : 00;
6501 : 00;
6502 : 00;
6503 : 00;
6504 : 00;
6505 : 00;
6506 : 00;
6507 : 00;
6508 : 00;
6509 : 00;
6510 : 00;
6511 : 00;
6512 : 00;
6513 : 00;
6514 : 00;
6515 : 00;
6516 : 00;
6517 : 00;
6518 : 00;
6519 : 00;
6520 : 00;
6521 : 00;
6522 : 00;
6523 : 00;
6524 : 00;
6525 : 00;
6526 : 00;
6527 : 00;
6528 : 00;
6529 : 00;
6530 : 00;
6531 : 00;
6532 : 00;
6533 : 00;
6534 : 00;
6535 : 00;
6536 : 00;
6537 : 00;
6538 : 00;
6539 : 20;
6540 : E0;
6541 : E0;
6542 : E0;
6543 : E4;
6544 : E4;
6545 : E4;
6546 : E4;
6547 : E4;
6548 : E4;
6549 : E0;
6550 : E0;
6551 : E4;
6552 : E4;
6553 : 80;
6554 : 00;
6555 : 00;
6556 : 00;
6557 : 00;
6558 : 00;
6559 : 00;
6560 : 00;
6561 : 00;
6562 : B4;
6563 : FC;
6564 : 6C;
6565 : 00;
6566 : 00;
6567 : 00;
6568 : 00;
6569 : 00;
6570 : 00;
6571 : 00;
6572 : 00;
6573 : 00;
6574 : D8;
6575 : B4;
6576 : 24;
6577 : 00;
6578 : 6C;
6579 : FC;
6580 : FC;
6581 : 28;
6582 : 00;
6583 : 24;
6584 : D8;
6585 : FC;
6586 : B4;
6587 : 90;
6588 : 90;
6589 : 90;
6590 : B4;
6591 : D8;
6592 : FC;
6593 : 6C;
6594 : 00;
6595 : 90;
6596 : FC;
6597 : 6C;
6598 : 00;
6599 : 00;
6600 : 00;
6601 : 00;
6602 : 24;
6603 : 24;
6604 : 20;
6605 : 00;
6606 : 6C;
6607 : FC;
6608 : D8;
6609 : 00;
6610 : 00;
6611 : 00;
6612 : 00;
6613 : 44;
6614 : FC;
6615 : FC;
6616 : 24;
6617 : 24;
6618 : D8;
6619 : FC;
6620 : B4;
6621 : 90;
6622 : 90;
6623 : 90;
6624 : B4;
6625 : D8;
6626 : FC;
6627 : 48;
6628 : 00;
6629 : 00;
6630 : 00;
6631 : 00;
6632 : 24;
6633 : D8;
6634 : FC;
6635 : 48;
6636 : 00;
6637 : 00;
6638 : 00;
6639 : 00;
6640 : 48;
6641 : FC;
6642 : D8;
6643 : 24;
6644 : 00;
6645 : 00;
6646 : 00;
6647 : 00;
6648 : 00;
6649 : 00;
6650 : 00;
6651 : 00;
6652 : 00;
6653 : 00;
6654 : 00;
6655 : 00;
6656 : 00;
6657 : 00;
6658 : 00;
6659 : 00;
6660 : 00;
6661 : 00;
6662 : 00;
6663 : 00;
6664 : 00;
6665 : 00;
6666 : 00;
6667 : 00;
6668 : 00;
6669 : 00;
6670 : 00;
6671 : 00;
6672 : 00;
6673 : 00;
6674 : 00;
6675 : 00;
6676 : 00;
6677 : 00;
6678 : 00;
6679 : 00;
6680 : 00;
6681 : 00;
6682 : 00;
6683 : 00;
6684 : 00;
6685 : 00;
6686 : 00;
6687 : 00;
6688 : 00;
6689 : 00;
6690 : 00;
6691 : 00;
6692 : 00;
6693 : 00;
6694 : 00;
6695 : 00;
6696 : 00;
6697 : 00;
6698 : 00;
6699 : 00;
6700 : 00;
6701 : 00;
6702 : 00;
6703 : 00;
6704 : 00;
6705 : 00;
6706 : 00;
6707 : 00;
6708 : 00;
6709 : 00;
6710 : 00;
6711 : 00;
6712 : 00;
6713 : 00;
6714 : 00;
6715 : 00;
6716 : 00;
6717 : 00;
6718 : 00;
6719 : 00;
6720 : 00;
6721 : 00;
6722 : 00;
6723 : 00;
6724 : 00;
6725 : 00;
6726 : 00;
6727 : 00;
6728 : 00;
6729 : 00;
6730 : 00;
6731 : 00;
6732 : 00;
6733 : 00;
6734 : 00;
6735 : 00;
6736 : 00;
6737 : 00;
6738 : 00;
6739 : 00;
6740 : 00;
6741 : 00;
6742 : 00;
6743 : 00;
6744 : 00;
6745 : 00;
6746 : 00;
6747 : 00;
6748 : 00;
6749 : 00;
6750 : 00;
6751 : 00;
6752 : 00;
6753 : 00;
6754 : 00;
6755 : 00;
6756 : 00;
6757 : 00;
6758 : 00;
6759 : 00;
6760 : 00;
6761 : 00;
6762 : 00;
6763 : 00;
6764 : 00;
6765 : 00;
6766 : 00;
6767 : 00;
6768 : 00;
6769 : 00;
6770 : 00;
6771 : 00;
6772 : 00;
6773 : 00;
6774 : 00;
6775 : 00;
6776 : 00;
6777 : 00;
6778 : 00;
6779 : 20;
6780 : C0;
6781 : E0;
6782 : E0;
6783 : E0;
6784 : E0;
6785 : E0;
6786 : E0;
6787 : E0;
6788 : E0;
6789 : E0;
6790 : E0;
6791 : E0;
6792 : E0;
6793 : A0;
6794 : 00;
6795 : 00;
6796 : 00;
6797 : 00;
6798 : 00;
6799 : 00;
6800 : 00;
6801 : 00;
6802 : B4;
6803 : FC;
6804 : 6C;
6805 : 00;
6806 : 00;
6807 : 00;
6808 : 00;
6809 : 00;
6810 : 00;
6811 : 00;
6812 : 00;
6813 : 00;
6814 : 6C;
6815 : FC;
6816 : 6C;
6817 : 00;
6818 : D8;
6819 : FC;
6820 : 90;
6821 : 00;
6822 : 00;
6823 : 24;
6824 : D8;
6825 : FC;
6826 : 48;
6827 : 00;
6828 : 00;
6829 : 00;
6830 : 00;
6831 : D4;
6832 : FC;
6833 : 6C;
6834 : 00;
6835 : B4;
6836 : FC;
6837 : B4;
6838 : 24;
6839 : 00;
6840 : 00;
6841 : 00;
6842 : 90;
6843 : FC;
6844 : 90;
6845 : 00;
6846 : 6C;
6847 : FC;
6848 : D8;
6849 : 48;
6850 : 00;
6851 : 00;
6852 : 00;
6853 : 90;
6854 : F8;
6855 : FC;
6856 : 24;
6857 : 24;
6858 : D8;
6859 : FC;
6860 : 6C;
6861 : 00;
6862 : 00;
6863 : 00;
6864 : 20;
6865 : D8;
6866 : FC;
6867 : 6C;
6868 : 00;
6869 : 00;
6870 : 00;
6871 : 00;
6872 : 24;
6873 : D8;
6874 : FC;
6875 : 48;
6876 : 00;
6877 : 00;
6878 : 00;
6879 : 00;
6880 : 48;
6881 : FC;
6882 : D8;
6883 : 24;
6884 : 00;
6885 : 00;
6886 : 00;
6887 : 00;
6888 : 00;
6889 : 00;
6890 : 00;
6891 : 00;
6892 : 00;
6893 : 00;
6894 : 00;
6895 : 00;
6896 : 00;
6897 : 00;
6898 : 00;
6899 : 00;
6900 : 00;
6901 : 00;
6902 : 00;
6903 : 00;
6904 : 00;
6905 : 00;
6906 : 00;
6907 : 00;
6908 : 00;
6909 : 00;
6910 : 00;
6911 : 00;
6912 : 00;
6913 : 00;
6914 : 00;
6915 : 00;
6916 : 00;
6917 : 00;
6918 : 00;
6919 : 00;
6920 : 00;
6921 : 00;
6922 : 00;
6923 : 00;
6924 : 00;
6925 : 00;
6926 : 00;
6927 : 00;
6928 : 00;
6929 : 00;
6930 : 00;
6931 : 00;
6932 : 00;
6933 : 00;
6934 : 00;
6935 : 00;
6936 : 00;
6937 : 00;
6938 : 00;
6939 : 00;
6940 : 00;
6941 : 00;
6942 : 00;
6943 : 00;
6944 : 00;
6945 : 00;
6946 : 00;
6947 : 00;
6948 : 00;
6949 : 00;
6950 : 00;
6951 : 00;
6952 : 00;
6953 : 00;
6954 : 00;
6955 : 00;
6956 : 00;
6957 : 00;
6958 : 00;
6959 : 00;
6960 : 00;
6961 : 00;
6962 : 00;
6963 : 00;
6964 : 00;
6965 : 00;
6966 : 00;
6967 : 00;
6968 : 00;
6969 : 00;
6970 : 00;
6971 : 00;
6972 : 00;
6973 : 00;
6974 : 00;
6975 : 00;
6976 : 00;
6977 : 00;
6978 : 00;
6979 : 00;
6980 : 00;
6981 : 00;
6982 : 00;
6983 : 00;
6984 : 00;
6985 : 00;
6986 : 00;
6987 : 00;
6988 : 00;
6989 : 00;
6990 : 00;
6991 : 00;
6992 : 00;
6993 : 00;
6994 : 00;
6995 : 00;
6996 : 00;
6997 : 00;
6998 : 00;
6999 : 00;
7000 : 00;
7001 : 00;
7002 : 00;
7003 : 00;
7004 : 00;
7005 : 00;
7006 : 00;
7007 : 00;
7008 : 00;
7009 : 00;
7010 : 00;
7011 : 00;
7012 : 00;
7013 : 00;
7014 : 00;
7015 : 00;
7016 : 00;
7017 : 00;
7018 : 00;
7019 : 00;
7020 : 8D;
7021 : AD;
7022 : B1;
7023 : B1;
7024 : B1;
7025 : AD;
7026 : AD;
7027 : AD;
7028 : AD;
7029 : AD;
7030 : AD;
7031 : AD;
7032 : AD;
7033 : 89;
7034 : 04;
7035 : 00;
7036 : 00;
7037 : 00;
7038 : 00;
7039 : 00;
7040 : 00;
7041 : 00;
7042 : B4;
7043 : FC;
7044 : D8;
7045 : B4;
7046 : B4;
7047 : B4;
7048 : B4;
7049 : B4;
7050 : B4;
7051 : 00;
7052 : 00;
7053 : 00;
7054 : 8C;
7055 : FC;
7056 : B4;
7057 : B4;
7058 : D8;
7059 : D8;
7060 : 24;
7061 : 00;
7062 : 00;
7063 : 24;
7064 : D8;
7065 : FC;
7066 : 48;
7067 : 00;
7068 : 00;
7069 : 00;
7070 : 00;
7071 : D8;
7072 : FC;
7073 : 6C;
7074 : 00;
7075 : 24;
7076 : D8;
7077 : FC;
7078 : B4;
7079 : 90;
7080 : 90;
7081 : 90;
7082 : D8;
7083 : FC;
7084 : 6C;
7085 : 00;
7086 : 24;
7087 : D8;
7088 : FC;
7089 : D8;
7090 : B4;
7091 : B4;
7092 : B4;
7093 : FC;
7094 : D8;
7095 : 6C;
7096 : 00;
7097 : 24;
7098 : D8;
7099 : FC;
7100 : 48;
7101 : 00;
7102 : 00;
7103 : 00;
7104 : 24;
7105 : D8;
7106 : FC;
7107 : 6C;
7108 : 00;
7109 : 00;
7110 : 00;
7111 : 00;
7112 : 00;
7113 : D8;
7114 : FC;
7115 : 48;
7116 : 00;
7117 : 00;
7118 : 00;
7119 : 00;
7120 : 48;
7121 : FC;
7122 : D8;
7123 : B4;
7124 : B4;
7125 : B4;
7126 : B4;
7127 : B4;
7128 : D8;
7129 : 6C;
7130 : 00;
7131 : 00;
7132 : 00;
7133 : 00;
7134 : 00;
7135 : 00;
7136 : 00;
7137 : 00;
7138 : 00;
7139 : 00;
7140 : 00;
7141 : 00;
7142 : 00;
7143 : 00;
7144 : 00;
7145 : 00;
7146 : 00;
7147 : 00;
7148 : 00;
7149 : 00;
7150 : 00;
7151 : 00;
7152 : 00;
7153 : 00;
7154 : 00;
7155 : 00;
7156 : 00;
7157 : 00;
7158 : 00;
7159 : 00;
7160 : 00;
7161 : 00;
7162 : 00;
7163 : 00;
7164 : 00;
7165 : 00;
7166 : 00;
7167 : 00;
7168 : 00;
7169 : 00;
7170 : 00;
7171 : 00;
7172 : 00;
7173 : 00;
7174 : 00;
7175 : 00;
7176 : 00;
7177 : 00;
7178 : 00;
7179 : 00;
7180 : 00;
7181 : 00;
7182 : 00;
7183 : 00;
7184 : 00;
7185 : 00;
7186 : 00;
7187 : 00;
7188 : 00;
7189 : 00;
7190 : 00;
7191 : 00;
7192 : 00;
7193 : 00;
7194 : 00;
7195 : 00;
7196 : 00;
7197 : 00;
7198 : 00;
7199 : 00;
7200 : 00;
7201 : 00;
7202 : 00;
7203 : 00;
7204 : 00;
7205 : 00;
7206 : 00;
7207 : 00;
7208 : 00;
7209 : 00;
7210 : 00;
7211 : 00;
7212 : 00;
7213 : 00;
7214 : 00;
7215 : 00;
7216 : 00;
7217 : 00;
7218 : 00;
7219 : 00;
7220 : 00;
7221 : 00;
7222 : 00;
7223 : 00;
7224 : 00;
7225 : 00;
7226 : 00;
7227 : 00;
7228 : 00;
7229 : 00;
7230 : 00;
7231 : 00;
7232 : 00;
7233 : 00;
7234 : 00;
7235 : 00;
7236 : 00;
7237 : 00;
7238 : 00;
7239 : 00;
7240 : 00;
7241 : 00;
7242 : 00;
7243 : 00;
7244 : 00;
7245 : 00;
7246 : 00;
7247 : 00;
7248 : 00;
7249 : 00;
7250 : 00;
7251 : 00;
7252 : 00;
7253 : 00;
7254 : 00;
7255 : 00;
7256 : 00;
7257 : 00;
7258 : 00;
7259 : 24;
7260 : 92;
7261 : B6;
7262 : B6;
7263 : B6;
7264 : B6;
7265 : B6;
7266 : B6;
7267 : B6;
7268 : B6;
7269 : B6;
7270 : B6;
7271 : B6;
7272 : 96;
7273 : 72;
7274 : 24;
7275 : 00;
7276 : 00;
7277 : 00;
7278 : 00;
7279 : 00;
7280 : 00;
7281 : 00;
7282 : B4;
7283 : FC;
7284 : FC;
7285 : FC;
7286 : FC;
7287 : FC;
7288 : FC;
7289 : FC;
7290 : DC;
7291 : 00;
7292 : 00;
7293 : 00;
7294 : 24;
7295 : 90;
7296 : FC;
7297 : FC;
7298 : FC;
7299 : 48;
7300 : 00;
7301 : 00;
7302 : 00;
7303 : 24;
7304 : D8;
7305 : FC;
7306 : 48;
7307 : 00;
7308 : 00;
7309 : 00;
7310 : 00;
7311 : D8;
7312 : FC;
7313 : 90;
7314 : 00;
7315 : 00;
7316 : 90;
7317 : FC;
7318 : FC;
7319 : FC;
7320 : FC;
7321 : FC;
7322 : D8;
7323 : 6C;
7324 : 00;
7325 : 00;
7326 : 00;
7327 : 48;
7328 : D8;
7329 : FC;
7330 : FC;
7331 : FC;
7332 : FC;
7333 : FC;
7334 : 6C;
7335 : 00;
7336 : 00;
7337 : 24;
7338 : FC;
7339 : FC;
7340 : 4C;
7341 : 00;
7342 : 00;
7343 : 00;
7344 : 24;
7345 : FC;
7346 : FC;
7347 : 6C;
7348 : 00;
7349 : 00;
7350 : 00;
7351 : 00;
7352 : 24;
7353 : D8;
7354 : FC;
7355 : 48;
7356 : 00;
7357 : 00;
7358 : 00;
7359 : 00;
7360 : 48;
7361 : FC;
7362 : FC;
7363 : FC;
7364 : FC;
7365 : FC;
7366 : FC;
7367 : FC;
7368 : FC;
7369 : 90;
7370 : 00;
7371 : 00;
7372 : 00;
7373 : 00;
7374 : 00;
7375 : 00;
7376 : 00;
7377 : 00;
7378 : 00;
7379 : 00;
7380 : 00;
7381 : 00;
7382 : 00;
7383 : 00;
7384 : 00;
7385 : 00;
7386 : 00;
7387 : 00;
7388 : 00;
7389 : 00;
7390 : 00;
7391 : 00;
7392 : 00;
7393 : 00;
7394 : 00;
7395 : 00;
7396 : 00;
7397 : 00;
7398 : 00;
7399 : 00;
7400 : 00;
7401 : 00;
7402 : 00;
7403 : 00;
7404 : 00;
7405 : 00;
7406 : 00;
7407 : 00;
7408 : 00;
7409 : 00;
7410 : 00;
7411 : 00;
7412 : 00;
7413 : 00;
7414 : 00;
7415 : 00;
7416 : 00;
7417 : 00;
7418 : 00;
7419 : 00;
7420 : 00;
7421 : 00;
7422 : 00;
7423 : 00;
7424 : 00;
7425 : 00;
7426 : 00;
7427 : 00;
7428 : 00;
7429 : 00;
7430 : 00;
7431 : 00;
7432 : 00;
7433 : 00;
7434 : 00;
7435 : 00;
7436 : 00;
7437 : 00;
7438 : 00;
7439 : 00;
7440 : 00;
7441 : 00;
7442 : 00;
7443 : 00;
7444 : 00;
7445 : 00;
7446 : 00;
7447 : 00;
7448 : 00;
7449 : 00;
7450 : 00;
7451 : 00;
7452 : 00;
7453 : 00;
7454 : 00;
7455 : 00;
7456 : 00;
7457 : 00;
7458 : 00;
7459 : 00;
7460 : 00;
7461 : 00;
7462 : 00;
7463 : 00;
7464 : 00;
7465 : 00;
7466 : 00;
7467 : 00;
7468 : 00;
7469 : 00;
7470 : 00;
7471 : 00;
7472 : 00;
7473 : 00;
7474 : 00;
7475 : 00;
7476 : 00;
7477 : 00;
7478 : 00;
7479 : 00;
7480 : 00;
7481 : 00;
7482 : 00;
7483 : 00;
7484 : 00;
7485 : 00;
7486 : 00;
7487 : 00;
7488 : 00;
7489 : 00;
7490 : 00;
7491 : 00;
7492 : 00;
7493 : 00;
7494 : 00;
7495 : 00;
7496 : 00;
7497 : 00;
7498 : 00;
7499 : 00;
7500 : 24;
7501 : 48;
7502 : 49;
7503 : 49;
7504 : 49;
7505 : 49;
7506 : 49;
7507 : 49;
7508 : 49;
7509 : 49;
7510 : 49;
7511 : 49;
7512 : 49;
7513 : 49;
7514 : 00;
7515 : 00;
7516 : 00;
7517 : 00;
7518 : 00;
7519 : 00;
7520 : 00;
7521 : 00;
7522 : 48;
7523 : 4C;
7524 : 48;
7525 : 48;
7526 : 48;
7527 : 48;
7528 : 48;
7529 : 48;
7530 : 48;
7531 : 00;
7532 : 00;
7533 : 00;
7534 : 00;
7535 : 00;
7536 : 6C;
7537 : 6C;
7538 : 48;
7539 : 00;
7540 : 00;
7541 : 00;
7542 : 00;
7543 : 00;
7544 : 48;
7545 : 48;
7546 : 24;
7547 : 00;
7548 : 00;
7549 : 00;
7550 : 00;
7551 : 48;
7552 : 4C;
7553 : 24;
7554 : 00;
7555 : 00;
7556 : 00;
7557 : 48;
7558 : 48;
7559 : 48;
7560 : 48;
7561 : 48;
7562 : 28;
7563 : 00;
7564 : 00;
7565 : 00;
7566 : 00;
7567 : 00;
7568 : 24;
7569 : 4C;
7570 : 48;
7571 : 4C;
7572 : 48;
7573 : 48;
7574 : 00;
7575 : 00;
7576 : 00;
7577 : 00;
7578 : 48;
7579 : 48;
7580 : 24;
7581 : 00;
7582 : 00;
7583 : 00;
7584 : 00;
7585 : 48;
7586 : 48;
7587 : 24;
7588 : 00;
7589 : 00;
7590 : 00;
7591 : 00;
7592 : 00;
7593 : 48;
7594 : 48;
7595 : 00;
7596 : 00;
7597 : 00;
7598 : 00;
7599 : 00;
7600 : 04;
7601 : 48;
7602 : 48;
7603 : 48;
7604 : 48;
7605 : 48;
7606 : 48;
7607 : 48;
7608 : 48;
7609 : 24;
7610 : 00;
7611 : 00;
7612 : 00;
7613 : 00;
7614 : 00;
7615 : 00;
7616 : 00;
7617 : 00;
7618 : 00;
7619 : 00;
7620 : 00;
7621 : 00;
7622 : 00;
7623 : 00;
7624 : 00;
7625 : 00;
7626 : 00;
7627 : 00;
7628 : 00;
7629 : 00;
7630 : 00;
7631 : 00;
7632 : 00;
7633 : 00;
7634 : 00;
7635 : 00;
7636 : 00;
7637 : 00;
7638 : 00;
7639 : 00;
7640 : 00;
7641 : 00;
7642 : 00;
7643 : 00;
7644 : 00;
7645 : 00;
7646 : 00;
7647 : 00;
7648 : 00;
7649 : 00;
7650 : 00;
7651 : 00;
7652 : 00;
7653 : 00;
7654 : 00;
7655 : 00;
7656 : 00;
7657 : 00;
7658 : 00;
7659 : 00;
7660 : 00;
7661 : 00;
7662 : 00;
7663 : 00;
7664 : 00;
7665 : 00;
7666 : 00;
7667 : 00;
7668 : 00;
7669 : 00;
7670 : 00;
7671 : 00;
7672 : 00;
7673 : 00;
7674 : 00;
7675 : 00;
7676 : 00;
7677 : 00;
7678 : 00;
7679 : 00;
7680 : 00;
7681 : 00;
7682 : 00;
7683 : 00;
7684 : 00;
7685 : 00;
7686 : 00;
7687 : 00;
7688 : 00;
7689 : 00;
7690 : 00;
7691 : 00;
7692 : 00;
7693 : 00;
7694 : 00;
7695 : 00;
7696 : 00;
7697 : 00;
7698 : 00;
7699 : 00;
7700 : 00;
7701 : 00;
7702 : 00;
7703 : 00;
7704 : 00;
7705 : 00;
7706 : 00;
7707 : 00;
7708 : 00;
7709 : 00;
7710 : 00;
7711 : 00;
7712 : 00;
7713 : 00;
7714 : 00;
7715 : 00;
7716 : 00;
7717 : 00;
7718 : 00;
7719 : 00;
7720 : 00;
7721 : 00;
7722 : 00;
7723 : 00;
7724 : 00;
7725 : 00;
7726 : 00;
7727 : 00;
7728 : 00;
7729 : 00;
7730 : 00;
7731 : 00;
7732 : 00;
7733 : 00;
7734 : 00;
7735 : 00;
7736 : 00;
7737 : 00;
7738 : 00;
7739 : 00;
7740 : 00;
7741 : 00;
7742 : 00;
7743 : 00;
7744 : 00;
7745 : 00;
7746 : 00;
7747 : 00;
7748 : 00;
7749 : 00;
7750 : 00;
7751 : 00;
7752 : 00;
7753 : 00;
7754 : 00;
7755 : 00;
7756 : 00;
7757 : 00;
7758 : 00;
7759 : 00;
7760 : 00;
7761 : 00;
7762 : 00;
7763 : 00;
7764 : 00;
7765 : 00;
7766 : 00;
7767 : 00;
7768 : 00;
7769 : 00;
7770 : 00;
7771 : 00;
7772 : 00;
7773 : 00;
7774 : 00;
7775 : 00;
7776 : 00;
7777 : 00;
7778 : 00;
7779 : 00;
7780 : 00;
7781 : 00;
7782 : 00;
7783 : 00;
7784 : 00;
7785 : 00;
7786 : 00;
7787 : 00;
7788 : 00;
7789 : 00;
7790 : 00;
7791 : 00;
7792 : 00;
7793 : 00;
7794 : 00;
7795 : 00;
7796 : 00;
7797 : 00;
7798 : 00;
7799 : 00;
7800 : 00;
7801 : 00;
7802 : 00;
7803 : 00;
7804 : 00;
7805 : 00;
7806 : 00;
7807 : 00;
7808 : 00;
7809 : 00;
7810 : 00;
7811 : 00;
7812 : 00;
7813 : 00;
7814 : 00;
7815 : 00;
7816 : 00;
7817 : 00;
7818 : 00;
7819 : 00;
7820 : 00;
7821 : 00;
7822 : 00;
7823 : 00;
7824 : 00;
7825 : 00;
7826 : 00;
7827 : 00;
7828 : 00;
7829 : 00;
7830 : 00;
7831 : 00;
7832 : 00;
7833 : 00;
7834 : 00;
7835 : 00;
7836 : 00;
7837 : 00;
7838 : 00;
7839 : 00;
7840 : 00;
7841 : 00;
7842 : 00;
7843 : 00;
7844 : 00;
7845 : 00;
7846 : 00;
7847 : 00;
7848 : 00;
7849 : 00;
7850 : 00;
7851 : 00;
7852 : 00;
7853 : 00;
7854 : 00;
7855 : 00;
7856 : 00;
7857 : 00;
7858 : 00;
7859 : 00;
7860 : 00;
7861 : 00;
7862 : 00;
7863 : 00;
7864 : 00;
7865 : 00;
7866 : 00;
7867 : 00;
7868 : 00;
7869 : 00;
7870 : 00;
7871 : 00;
7872 : 00;
7873 : 00;
7874 : 00;
7875 : 00;
7876 : 00;
7877 : 00;
7878 : 00;
7879 : 00;
7880 : 00;
7881 : 00;
7882 : 00;
7883 : 00;
7884 : 00;
7885 : 00;
7886 : 00;
7887 : 00;
7888 : 00;
7889 : 00;
7890 : 00;
7891 : 00;
7892 : 00;
7893 : 00;
7894 : 00;
7895 : 00;
7896 : 00;
7897 : 00;
7898 : 00;
7899 : 00;
7900 : 00;
7901 : 00;
7902 : 00;
7903 : 00;
7904 : 00;
7905 : 00;
7906 : 00;
7907 : 00;
7908 : 00;
7909 : 00;
7910 : 00;
7911 : 00;
7912 : 00;
7913 : 00;
7914 : 00;
7915 : 00;
7916 : 00;
7917 : 00;
7918 : 00;
7919 : 00;
7920 : 00;
7921 : 00;
7922 : 00;
7923 : 00;
7924 : 00;
7925 : 00;
7926 : 00;
7927 : 00;
7928 : 00;
7929 : 00;
7930 : 00;
7931 : 00;
7932 : 00;
7933 : 00;
7934 : 00;
7935 : 00;
7936 : 00;
7937 : 00;
7938 : 00;
7939 : 00;
7940 : 00;
7941 : 00;
7942 : 00;
7943 : 00;
7944 : 00;
7945 : 00;
7946 : 00;
7947 : 00;
7948 : 00;
7949 : 00;
7950 : 00;
7951 : 00;
7952 : 00;
7953 : 00;
7954 : 00;
7955 : 00;
7956 : 00;
7957 : 00;
7958 : 00;
7959 : 00;
7960 : 00;
7961 : 00;
7962 : 00;
7963 : 00;
7964 : 00;
7965 : 00;
7966 : 00;
7967 : 00;
7968 : 00;
7969 : 00;
7970 : 00;
7971 : 00;
7972 : 00;
7973 : 00;
7974 : 00;
7975 : 00;
7976 : 00;
7977 : 00;
7978 : 00;
7979 : 00;
7980 : 00;
7981 : 00;
7982 : 00;
7983 : 00;
7984 : 00;
7985 : 00;
7986 : 00;
7987 : 00;
7988 : 00;
7989 : 00;
7990 : 00;
7991 : 00;
7992 : 00;
7993 : 00;
7994 : 00;
7995 : 00;
7996 : 00;
7997 : 00;
7998 : 00;
7999 : 00;
8000 : 00;
8001 : 00;
8002 : 00;
8003 : 00;
8004 : 00;
8005 : 00;
8006 : 00;
8007 : 00;
8008 : 00;
8009 : 00;
8010 : 00;
8011 : 00;
8012 : 00;
8013 : 00;
8014 : 00;
8015 : 00;
8016 : 00;
8017 : 00;
8018 : 00;
8019 : 00;
8020 : 00;
8021 : 00;
8022 : 00;
8023 : 00;
8024 : 00;
8025 : 00;
8026 : 00;
8027 : 00;
8028 : 00;
8029 : 00;
8030 : 00;
8031 : 00;
8032 : 00;
8033 : 00;
8034 : 00;
8035 : 00;
8036 : 00;
8037 : 00;
8038 : 00;
8039 : 00;
8040 : 00;
8041 : 00;
8042 : 00;
8043 : 00;
8044 : 00;
8045 : 00;
8046 : 00;
8047 : 00;
8048 : 00;
8049 : 00;
8050 : 00;
8051 : 00;
8052 : 00;
8053 : 00;
8054 : 00;
8055 : 00;
8056 : 00;
8057 : 00;
8058 : 00;
8059 : 00;
8060 : 00;
8061 : 00;
8062 : 00;
8063 : 00;
8064 : 00;
8065 : 00;
8066 : 00;
8067 : 00;
8068 : 00;
8069 : 00;
8070 : 00;
8071 : 00;
8072 : 00;
8073 : 00;
8074 : 00;
8075 : 00;
8076 : 00;
8077 : 00;
8078 : 00;
8079 : 00;
8080 : 00;
8081 : 00;
8082 : 00;
8083 : 00;
8084 : 00;
8085 : 00;
8086 : 00;
8087 : 00;
8088 : 00;
8089 : 00;
8090 : 00;
8091 : 00;
8092 : 00;
8093 : 00;
8094 : 00;
8095 : 00;
8096 : 00;
8097 : 00;
8098 : 00;
8099 : 00;
8100 : 00;
8101 : 00;
8102 : 00;
8103 : 00;
8104 : 00;
8105 : 00;
8106 : 00;
8107 : 00;
8108 : 00;
8109 : 00;
8110 : 00;
8111 : 00;
8112 : 00;
8113 : 00;
8114 : 00;
8115 : 00;
8116 : 00;
8117 : 00;
8118 : 00;
8119 : 00;
8120 : 00;
8121 : 00;
8122 : 00;
8123 : 00;
8124 : 00;
8125 : 00;
8126 : 00;
8127 : 00;
8128 : 00;
8129 : 00;
8130 : 00;
8131 : 00;
8132 : 00;
8133 : 00;
8134 : 00;
8135 : 00;
8136 : 00;
8137 : 00;
8138 : 00;
8139 : 00;
8140 : 00;
8141 : 00;
8142 : 00;
8143 : 00;
8144 : 00;
8145 : 00;
8146 : 00;
8147 : 00;
8148 : 00;
8149 : 00;
8150 : 00;
8151 : 00;
8152 : 00;
8153 : 00;
8154 : 00;
8155 : 00;
8156 : 00;
8157 : 00;
8158 : 00;
8159 : 00;
8160 : 00;
8161 : 00;
8162 : 00;
8163 : 00;
8164 : 00;
8165 : 00;
8166 : 00;
8167 : 00;
8168 : 00;
8169 : 00;
8170 : 00;
8171 : 00;
8172 : 00;
8173 : 00;
8174 : 00;
8175 : 00;
8176 : 00;
8177 : 00;
8178 : 00;
8179 : 00;
8180 : 00;
8181 : 00;
8182 : 00;
8183 : 00;
8184 : 00;
8185 : 00;
8186 : 00;
8187 : 00;
8188 : 00;
8189 : 00;
8190 : 00;
8191 : 00;
8192 : 00;
8193 : 00;
8194 : 00;
8195 : 00;
8196 : 00;
8197 : 00;
8198 : 00;
8199 : 00;
8200 : 00;
8201 : 00;
8202 : 00;
8203 : 00;
8204 : 00;
8205 : 00;
8206 : 00;
8207 : 00;
8208 : 00;
8209 : 00;
8210 : 00;
8211 : 00;
8212 : 00;
8213 : 00;
8214 : 00;
8215 : 00;
8216 : 00;
8217 : 00;
8218 : 00;
8219 : 00;
8220 : 00;
8221 : 00;
8222 : 00;
8223 : 00;
8224 : 00;
8225 : 00;
8226 : 00;
8227 : 00;
8228 : 00;
8229 : 00;
8230 : 00;
8231 : 00;
8232 : 00;
8233 : 00;
8234 : 00;
8235 : 00;
8236 : 00;
8237 : 00;
8238 : 00;
8239 : 00;
8240 : 00;
8241 : 00;
8242 : 00;
8243 : 00;
8244 : 00;
8245 : 00;
8246 : 00;
8247 : 00;
8248 : 00;
8249 : 00;
8250 : 00;
8251 : 00;
8252 : 00;
8253 : 00;
8254 : 00;
8255 : 00;
8256 : 00;
8257 : 00;
8258 : 00;
8259 : 00;
8260 : 00;
8261 : 00;
8262 : 00;
8263 : 00;
8264 : 00;
8265 : 00;
8266 : 00;
8267 : 00;
8268 : 00;
8269 : 00;
8270 : 00;
8271 : 00;
8272 : 00;
8273 : 00;
8274 : 00;
8275 : 00;
8276 : 00;
8277 : 00;
8278 : 00;
8279 : 00;
8280 : 00;
8281 : 00;
8282 : 00;
8283 : 00;
8284 : 00;
8285 : 00;
8286 : 00;
8287 : 00;
8288 : 00;
8289 : 00;
8290 : 00;
8291 : 00;
8292 : 00;
8293 : 00;
8294 : 00;
8295 : 00;
8296 : 00;
8297 : 00;
8298 : 00;
8299 : 00;
8300 : 00;
8301 : 00;
8302 : 00;
8303 : 00;
8304 : 00;
8305 : 00;
8306 : 00;
8307 : 00;
8308 : 00;
8309 : 00;
8310 : 00;
8311 : 00;
8312 : 00;
8313 : 00;
8314 : 00;
8315 : 00;
8316 : 00;
8317 : 00;
8318 : 00;
8319 : 00;
8320 : 00;
8321 : 00;
8322 : 00;
8323 : 00;
8324 : 00;
8325 : 00;
8326 : 00;
8327 : 00;
8328 : 00;
8329 : 00;
8330 : 00;
8331 : 00;
8332 : 00;
8333 : 00;
8334 : 00;
8335 : 00;
8336 : 00;
8337 : 00;
8338 : 00;
8339 : 00;
8340 : 00;
8341 : 00;
8342 : 00;
8343 : 00;
8344 : 00;
8345 : 00;
8346 : 00;
8347 : 00;
8348 : 00;
8349 : 00;
8350 : 00;
8351 : 00;
8352 : 00;
8353 : 00;
8354 : 00;
8355 : 00;
8356 : 00;
8357 : 00;
8358 : 00;
8359 : 00;
8360 : 00;
8361 : 00;
8362 : 00;
8363 : 00;
8364 : 00;
8365 : 00;
8366 : 00;
8367 : 00;
8368 : 00;
8369 : 00;
8370 : 00;
8371 : 00;
8372 : 00;
8373 : 00;
8374 : 00;
8375 : 00;
8376 : 00;
8377 : 00;
8378 : 00;
8379 : 00;
8380 : 00;
8381 : 00;
8382 : 00;
8383 : 00;
8384 : 00;
8385 : 00;
8386 : 00;
8387 : 00;
8388 : 00;
8389 : 00;
8390 : 00;
8391 : 00;
8392 : 00;
8393 : 00;
8394 : 00;
8395 : 00;
8396 : 00;
8397 : 00;
8398 : 00;
8399 : 00;
8400 : 00;
8401 : 00;
8402 : 00;
8403 : 00;
8404 : 00;
8405 : 00;
8406 : 00;
8407 : 00;
8408 : 00;
8409 : 00;
8410 : 00;
8411 : 00;
8412 : 00;
8413 : 00;
8414 : 00;
8415 : 00;
8416 : 00;
8417 : 00;
8418 : 00;
8419 : 00;
8420 : 00;
8421 : 00;
8422 : 00;
8423 : 00;
8424 : 00;
8425 : 00;
8426 : 00;
8427 : 00;
8428 : 00;
8429 : 00;
8430 : 00;
8431 : 00;
8432 : 00;
8433 : 00;
8434 : 00;
8435 : 00;
8436 : 00;
8437 : 00;
8438 : 00;
8439 : 00;
8440 : 00;
8441 : 00;
8442 : 00;
8443 : 00;
8444 : 00;
8445 : 00;
8446 : 00;
8447 : 00;
8448 : 00;
8449 : 00;
8450 : 00;
8451 : 00;
8452 : 00;
8453 : 00;
8454 : 00;
8455 : 00;
8456 : 00;
8457 : 00;
8458 : 00;
8459 : 00;
8460 : 00;
8461 : 00;
8462 : 00;
8463 : 00;
8464 : 00;
8465 : 00;
8466 : 00;
8467 : 00;
8468 : 00;
8469 : 00;
8470 : 00;
8471 : 00;
8472 : 00;
8473 : 00;
8474 : 00;
8475 : 00;
8476 : 00;
8477 : 00;
8478 : 00;
8479 : 00;
8480 : 00;
8481 : 00;
8482 : 00;
8483 : 00;
8484 : 00;
8485 : 00;
8486 : 00;
8487 : 00;
8488 : 00;
8489 : 00;
8490 : 00;
8491 : 00;
8492 : 00;
8493 : 00;
8494 : 00;
8495 : 00;
8496 : 00;
8497 : 00;
8498 : 00;
8499 : 00;
8500 : 00;
8501 : 00;
8502 : 00;
8503 : 00;
8504 : 00;
8505 : 00;
8506 : 00;
8507 : 00;
8508 : 00;
8509 : 00;
8510 : 00;
8511 : 00;
8512 : 00;
8513 : 00;
8514 : 00;
8515 : 00;
8516 : 00;
8517 : 00;
8518 : 00;
8519 : 00;
8520 : 00;
8521 : 00;
8522 : 00;
8523 : 00;
8524 : 00;
8525 : 00;
8526 : 00;
8527 : 00;
8528 : 00;
8529 : 00;
8530 : 00;
8531 : 00;
8532 : 00;
8533 : 00;
8534 : 00;
8535 : 00;
8536 : 00;
8537 : 00;
8538 : 00;
8539 : 00;
8540 : 00;
8541 : 00;
8542 : 00;
8543 : 00;
8544 : 00;
8545 : 00;
8546 : 00;
8547 : 00;
8548 : 00;
8549 : 00;
8550 : 00;
8551 : 00;
8552 : 00;
8553 : 00;
8554 : 00;
8555 : 00;
8556 : 00;
8557 : 00;
8558 : 00;
8559 : 00;
8560 : 00;
8561 : 00;
8562 : 00;
8563 : 00;
8564 : 00;
8565 : 00;
8566 : 00;
8567 : 00;
8568 : 00;
8569 : 00;
8570 : 00;
8571 : 00;
8572 : 00;
8573 : 00;
8574 : 00;
8575 : 00;
8576 : 00;
8577 : 00;
8578 : 00;
8579 : 00;
8580 : 00;
8581 : 00;
8582 : 00;
8583 : 00;
8584 : 00;
8585 : 00;
8586 : 00;
8587 : 00;
8588 : 00;
8589 : 00;
8590 : 00;
8591 : 00;
8592 : 00;
8593 : 00;
8594 : 00;
8595 : 00;
8596 : 00;
8597 : 00;
8598 : 00;
8599 : 00;
8600 : 00;
8601 : 00;
8602 : 00;
8603 : 00;
8604 : 00;
8605 : 00;
8606 : 00;
8607 : 00;
8608 : 00;
8609 : 00;
8610 : 00;
8611 : 00;
8612 : 00;
8613 : 00;
8614 : 00;
8615 : 00;
8616 : 00;
8617 : 00;
8618 : 00;
8619 : 00;
8620 : 00;
8621 : 00;
8622 : 00;
8623 : 00;
8624 : 00;
8625 : 00;
8626 : 00;
8627 : 00;
8628 : 00;
8629 : 00;
8630 : 00;
8631 : 00;
8632 : 00;
8633 : 00;
8634 : 00;
8635 : 00;
8636 : 00;
8637 : 00;
8638 : 00;
8639 : 00;
8640 : 00;
8641 : 00;
8642 : 00;
8643 : 00;
8644 : 00;
8645 : 00;
8646 : 00;
8647 : 00;
8648 : 00;
8649 : 00;
8650 : 00;
8651 : 00;
8652 : 00;
8653 : 00;
8654 : 00;
8655 : 00;
8656 : 00;
8657 : 00;
8658 : 00;
8659 : 00;
8660 : 00;
8661 : 00;
8662 : 00;
8663 : 00;
8664 : 00;
8665 : 00;
8666 : 00;
8667 : 00;
8668 : 00;
8669 : 00;
8670 : 00;
8671 : 00;
8672 : 00;
8673 : 00;
8674 : 00;
8675 : 00;
8676 : 00;
8677 : 00;
8678 : 00;
8679 : 00;
8680 : 00;
8681 : 00;
8682 : 00;
8683 : 00;
8684 : 00;
8685 : 00;
8686 : 00;
8687 : 00;
8688 : 00;
8689 : 00;
8690 : 00;
8691 : 00;
8692 : 00;
8693 : 00;
8694 : 00;
8695 : 00;
8696 : 00;
8697 : 00;
8698 : 00;
8699 : 00;
8700 : 00;
8701 : 00;
8702 : 00;
8703 : 00;
8704 : 00;
8705 : 00;
8706 : 00;
8707 : 00;
8708 : 00;
8709 : 00;
8710 : 00;
8711 : 00;
8712 : 00;
8713 : 00;
8714 : 00;
8715 : 00;
8716 : 00;
8717 : 00;
8718 : 00;
8719 : 00;
8720 : 00;
8721 : 00;
8722 : 00;
8723 : 00;
8724 : 00;
8725 : 00;
8726 : 00;
8727 : 00;
8728 : 00;
8729 : 00;
8730 : 00;
8731 : 00;
8732 : 00;
8733 : 00;
8734 : 00;
8735 : 00;
8736 : 00;
8737 : 00;
8738 : 00;
8739 : 00;
8740 : 00;
8741 : 00;
8742 : 00;
8743 : 00;
8744 : 00;
8745 : 00;
8746 : 00;
8747 : 00;
8748 : 00;
8749 : 00;
8750 : 00;
8751 : 00;
8752 : 00;
8753 : 00;
8754 : 00;
8755 : 00;
8756 : 00;
8757 : 00;
8758 : 00;
8759 : 00;
8760 : 00;
8761 : 00;
8762 : 00;
8763 : 00;
8764 : 00;
8765 : 00;
8766 : 00;
8767 : 00;
8768 : 00;
8769 : 00;
8770 : 00;
8771 : 00;
8772 : 00;
8773 : 00;
8774 : 00;
8775 : 00;
8776 : 00;
8777 : 00;
8778 : 00;
8779 : 00;
8780 : 00;
8781 : 00;
8782 : 00;
8783 : 00;
8784 : 00;
8785 : 00;
8786 : 00;
8787 : 00;
8788 : 00;
8789 : 00;
8790 : 00;
8791 : 00;
8792 : 00;
8793 : 00;
8794 : 00;
8795 : 00;
8796 : 00;
8797 : 00;
8798 : 00;
8799 : 00;
8800 : 00;
8801 : 00;
8802 : 00;
8803 : 00;
8804 : 00;
8805 : 00;
8806 : 00;
8807 : 00;
8808 : 00;
8809 : 00;
8810 : 00;
8811 : 00;
8812 : 00;
8813 : 00;
8814 : 00;
8815 : 00;
8816 : 00;
8817 : 00;
8818 : 00;
8819 : 00;
8820 : 00;
8821 : 00;
8822 : 00;
8823 : 00;
8824 : 00;
8825 : 00;
8826 : 00;
8827 : 00;
8828 : 00;
8829 : 00;
8830 : 00;
8831 : 00;
8832 : 00;
8833 : 00;
8834 : 00;
8835 : 00;
8836 : 00;
8837 : 00;
8838 : 00;
8839 : 00;
8840 : 00;
8841 : 00;
8842 : 00;
8843 : 00;
8844 : 00;
8845 : 00;
8846 : 00;
8847 : 00;
8848 : 00;
8849 : 00;
8850 : 00;
8851 : 00;
8852 : 00;
8853 : 00;
8854 : 00;
8855 : 00;
8856 : 00;
8857 : 00;
8858 : 00;
8859 : 00;
8860 : 00;
8861 : 00;
8862 : 00;
8863 : 00;
8864 : 00;
8865 : 00;
8866 : 00;
8867 : 00;
8868 : 00;
8869 : 00;
8870 : 00;
8871 : 00;
8872 : 00;
8873 : 00;
8874 : 00;
8875 : 00;
8876 : 00;
8877 : 00;
8878 : 00;
8879 : 00;
8880 : 00;
8881 : 00;
8882 : 00;
8883 : 00;
8884 : 00;
8885 : 00;
8886 : 00;
8887 : 00;
8888 : 00;
8889 : 00;
8890 : 00;
8891 : 00;
8892 : 00;
8893 : 00;
8894 : 00;
8895 : 00;
8896 : 00;
8897 : 00;
8898 : 00;
8899 : 00;
8900 : 00;
8901 : 00;
8902 : 00;
8903 : 00;
8904 : 00;
8905 : 00;
8906 : 00;
8907 : 00;
8908 : 00;
8909 : 00;
8910 : 00;
8911 : 00;
8912 : 00;
8913 : 00;
8914 : 00;
8915 : 00;
8916 : 00;
8917 : 00;
8918 : 00;
8919 : 00;
8920 : 00;
8921 : 00;
8922 : 00;
8923 : 00;
8924 : 00;
8925 : 00;
8926 : 00;
8927 : 00;
8928 : 00;
8929 : 00;
8930 : 00;
8931 : 00;
8932 : 00;
8933 : 00;
8934 : 00;
8935 : 00;
8936 : 00;
8937 : 00;
8938 : 00;
8939 : 24;
8940 : 6C;
8941 : 68;
8942 : 68;
8943 : 68;
8944 : 48;
8945 : 6C;
8946 : 68;
8947 : 68;
8948 : 24;
8949 : 00;
8950 : 24;
8951 : 48;
8952 : 24;
8953 : 00;
8954 : 00;
8955 : 00;
8956 : 00;
8957 : 00;
8958 : 00;
8959 : 00;
8960 : 00;
8961 : 00;
8962 : 00;
8963 : 48;
8964 : 48;
8965 : 48;
8966 : 48;
8967 : 48;
8968 : 24;
8969 : 00;
8970 : 00;
8971 : 00;
8972 : 00;
8973 : 00;
8974 : 48;
8975 : 48;
8976 : 48;
8977 : 48;
8978 : 48;
8979 : 48;
8980 : 00;
8981 : 00;
8982 : 00;
8983 : 24;
8984 : 68;
8985 : 48;
8986 : 48;
8987 : 48;
8988 : 48;
8989 : 48;
8990 : 00;
8991 : 00;
8992 : 00;
8993 : 00;
8994 : 00;
8995 : 00;
8996 : 00;
8997 : 00;
8998 : 00;
8999 : 00;
9000 : 00;
9001 : 00;
9002 : 00;
9003 : 00;
9004 : 00;
9005 : 00;
9006 : 00;
9007 : 00;
9008 : 48;
9009 : 48;
9010 : 48;
9011 : 48;
9012 : 00;
9013 : 00;
9014 : 00;
9015 : 00;
9016 : 24;
9017 : 48;
9018 : 24;
9019 : 00;
9020 : 00;
9021 : 00;
9022 : 00;
9023 : 00;
9024 : 00;
9025 : 00;
9026 : 00;
9027 : 24;
9028 : 48;
9029 : 48;
9030 : 48;
9031 : 48;
9032 : 48;
9033 : 48;
9034 : 68;
9035 : 48;
9036 : 00;
9037 : 00;
9038 : 48;
9039 : 68;
9040 : 6C;
9041 : 6C;
9042 : 6C;
9043 : 6C;
9044 : 6C;
9045 : 48;
9046 : 00;
9047 : 00;
9048 : 00;
9049 : 6C;
9050 : 6C;
9051 : 6C;
9052 : 6C;
9053 : 68;
9054 : 48;
9055 : 48;
9056 : 48;
9057 : 48;
9058 : 00;
9059 : 00;
9060 : 00;
9061 : 00;
9062 : 00;
9063 : 24;
9064 : 48;
9065 : 24;
9066 : 00;
9067 : 00;
9068 : 00;
9069 : 00;
9070 : 00;
9071 : 00;
9072 : 00;
9073 : 00;
9074 : 00;
9075 : 00;
9076 : 00;
9077 : 00;
9078 : 00;
9079 : 00;
9080 : 00;
9081 : 00;
9082 : 00;
9083 : 00;
9084 : 00;
9085 : 00;
9086 : 00;
9087 : 00;
9088 : 00;
9089 : 00;
9090 : 00;
9091 : 00;
9092 : 00;
9093 : 00;
9094 : 00;
9095 : 00;
9096 : 00;
9097 : 00;
9098 : 00;
9099 : 00;
9100 : 00;
9101 : 00;
9102 : 00;
9103 : 00;
9104 : 00;
9105 : 00;
9106 : 00;
9107 : 00;
9108 : 00;
9109 : 00;
9110 : 00;
9111 : 00;
9112 : 00;
9113 : 00;
9114 : 00;
9115 : 00;
9116 : 00;
9117 : 00;
9118 : 00;
9119 : 00;
9120 : 00;
9121 : 00;
9122 : 00;
9123 : 00;
9124 : 00;
9125 : 00;
9126 : 00;
9127 : 00;
9128 : 00;
9129 : 00;
9130 : 00;
9131 : 00;
9132 : 00;
9133 : 00;
9134 : 00;
9135 : 00;
9136 : 00;
9137 : 00;
9138 : 00;
9139 : 00;
9140 : 00;
9141 : 00;
9142 : 00;
9143 : 00;
9144 : 00;
9145 : 00;
9146 : 00;
9147 : 00;
9148 : 00;
9149 : 00;
9150 : 00;
9151 : 00;
9152 : 00;
9153 : 00;
9154 : 00;
9155 : 00;
9156 : 00;
9157 : 00;
9158 : 00;
9159 : 00;
9160 : 00;
9161 : 00;
9162 : 00;
9163 : 00;
9164 : 00;
9165 : 00;
9166 : 00;
9167 : 00;
9168 : 00;
9169 : 00;
9170 : 00;
9171 : 00;
9172 : 00;
9173 : 00;
9174 : 00;
9175 : 00;
9176 : 00;
9177 : 00;
9178 : 00;
9179 : 6C;
9180 : FC;
9181 : FC;
9182 : FC;
9183 : FC;
9184 : FC;
9185 : FC;
9186 : FC;
9187 : FC;
9188 : 90;
9189 : 00;
9190 : 90;
9191 : FC;
9192 : B4;
9193 : 00;
9194 : 00;
9195 : 00;
9196 : 00;
9197 : 00;
9198 : 00;
9199 : 00;
9200 : 00;
9201 : 00;
9202 : 90;
9203 : FC;
9204 : FC;
9205 : FC;
9206 : FC;
9207 : FC;
9208 : D8;
9209 : 24;
9210 : 00;
9211 : 00;
9212 : 00;
9213 : 6C;
9214 : D8;
9215 : FC;
9216 : FC;
9217 : FC;
9218 : FC;
9219 : FC;
9220 : 6C;
9221 : 00;
9222 : 00;
9223 : 6C;
9224 : FC;
9225 : FC;
9226 : FC;
9227 : FC;
9228 : FC;
9229 : FC;
9230 : 90;
9231 : 00;
9232 : 00;
9233 : 00;
9234 : 00;
9235 : 00;
9236 : 00;
9237 : 00;
9238 : 00;
9239 : 00;
9240 : 00;
9241 : 00;
9242 : 00;
9243 : 00;
9244 : 00;
9245 : 00;
9246 : 00;
9247 : 6C;
9248 : D8;
9249 : FC;
9250 : FC;
9251 : FC;
9252 : 48;
9253 : 00;
9254 : 00;
9255 : 00;
9256 : 6C;
9257 : FC;
9258 : B4;
9259 : 00;
9260 : 00;
9261 : 00;
9262 : 00;
9263 : 00;
9264 : 00;
9265 : 00;
9266 : 00;
9267 : 90;
9268 : FC;
9269 : FC;
9270 : FC;
9271 : FC;
9272 : FC;
9273 : FC;
9274 : FC;
9275 : FC;
9276 : 24;
9277 : 00;
9278 : D8;
9279 : FC;
9280 : FC;
9281 : FC;
9282 : FC;
9283 : FC;
9284 : FC;
9285 : D8;
9286 : 00;
9287 : 00;
9288 : 24;
9289 : FC;
9290 : FC;
9291 : FC;
9292 : FC;
9293 : FC;
9294 : FC;
9295 : FC;
9296 : FC;
9297 : FC;
9298 : 6C;
9299 : 00;
9300 : 00;
9301 : 00;
9302 : 00;
9303 : 90;
9304 : FC;
9305 : B4;
9306 : 00;
9307 : 00;
9308 : 00;
9309 : 00;
9310 : 00;
9311 : 00;
9312 : 00;
9313 : 00;
9314 : 00;
9315 : 00;
9316 : 00;
9317 : 00;
9318 : 00;
9319 : 00;
9320 : 00;
9321 : 00;
9322 : 00;
9323 : 00;
9324 : 00;
9325 : 00;
9326 : 00;
9327 : 00;
9328 : 00;
9329 : 00;
9330 : 00;
9331 : 00;
9332 : 00;
9333 : 00;
9334 : 00;
9335 : 00;
9336 : 00;
9337 : 00;
9338 : 00;
9339 : 00;
9340 : 00;
9341 : 00;
9342 : 00;
9343 : 00;
9344 : 00;
9345 : 00;
9346 : 00;
9347 : 00;
9348 : 00;
9349 : 00;
9350 : 00;
9351 : 00;
9352 : 00;
9353 : 00;
9354 : 00;
9355 : 00;
9356 : 00;
9357 : 00;
9358 : 00;
9359 : 00;
9360 : 00;
9361 : 00;
9362 : 00;
9363 : 00;
9364 : 00;
9365 : 00;
9366 : 00;
9367 : 00;
9368 : 00;
9369 : 00;
9370 : 00;
9371 : 00;
9372 : 00;
9373 : 00;
9374 : 00;
9375 : 00;
9376 : 00;
9377 : 00;
9378 : 00;
9379 : 00;
9380 : 00;
9381 : 00;
9382 : 00;
9383 : 00;
9384 : 00;
9385 : 00;
9386 : 00;
9387 : 00;
9388 : 00;
9389 : 00;
9390 : 00;
9391 : 00;
9392 : 00;
9393 : 00;
9394 : 00;
9395 : 00;
9396 : 00;
9397 : 00;
9398 : 00;
9399 : 00;
9400 : 00;
9401 : 00;
9402 : 00;
9403 : 00;
9404 : 00;
9405 : 00;
9406 : 00;
9407 : 00;
9408 : 00;
9409 : 00;
9410 : 00;
9411 : 00;
9412 : 00;
9413 : 00;
9414 : 00;
9415 : 00;
9416 : 00;
9417 : 00;
9418 : 00;
9419 : 6C;
9420 : FC;
9421 : D8;
9422 : B4;
9423 : B4;
9424 : B4;
9425 : B4;
9426 : B4;
9427 : B4;
9428 : 6C;
9429 : 00;
9430 : 6C;
9431 : FC;
9432 : B4;
9433 : 00;
9434 : 00;
9435 : 00;
9436 : 00;
9437 : 00;
9438 : 00;
9439 : 00;
9440 : 00;
9441 : B4;
9442 : FC;
9443 : FC;
9444 : D8;
9445 : B8;
9446 : D8;
9447 : D8;
9448 : FC;
9449 : 90;
9450 : 00;
9451 : 00;
9452 : 68;
9453 : FC;
9454 : D8;
9455 : D8;
9456 : B4;
9457 : B4;
9458 : D8;
9459 : FC;
9460 : D8;
9461 : 6C;
9462 : 00;
9463 : 6C;
9464 : FC;
9465 : D8;
9466 : B4;
9467 : B4;
9468 : B4;
9469 : D8;
9470 : FC;
9471 : 90;
9472 : 00;
9473 : 00;
9474 : 00;
9475 : 00;
9476 : 00;
9477 : 00;
9478 : 00;
9479 : 00;
9480 : 00;
9481 : 00;
9482 : 00;
9483 : 00;
9484 : 00;
9485 : 00;
9486 : 6C;
9487 : FC;
9488 : F8;
9489 : D8;
9490 : D8;
9491 : FC;
9492 : D8;
9493 : 6C;
9494 : 00;
9495 : 00;
9496 : 6C;
9497 : FC;
9498 : B8;
9499 : 00;
9500 : 00;
9501 : 00;
9502 : 00;
9503 : 00;
9504 : 00;
9505 : 00;
9506 : 00;
9507 : 90;
9508 : FC;
9509 : D8;
9510 : B4;
9511 : D8;
9512 : B8;
9513 : B4;
9514 : B4;
9515 : B4;
9516 : 24;
9517 : 00;
9518 : D8;
9519 : FC;
9520 : B8;
9521 : 90;
9522 : 90;
9523 : 90;
9524 : D8;
9525 : FC;
9526 : B4;
9527 : 00;
9528 : 00;
9529 : B4;
9530 : B4;
9531 : B4;
9532 : D8;
9533 : D8;
9534 : D8;
9535 : B4;
9536 : B4;
9537 : B4;
9538 : 48;
9539 : 00;
9540 : 00;
9541 : 00;
9542 : 00;
9543 : 90;
9544 : FC;
9545 : B4;
9546 : 00;
9547 : 00;
9548 : 00;
9549 : 00;
9550 : 00;
9551 : 00;
9552 : 00;
9553 : 00;
9554 : 00;
9555 : 00;
9556 : 00;
9557 : 00;
9558 : 00;
9559 : 00;
9560 : 00;
9561 : 00;
9562 : 00;
9563 : 00;
9564 : 00;
9565 : 00;
9566 : 00;
9567 : 00;
9568 : 00;
9569 : 00;
9570 : 00;
9571 : 00;
9572 : 00;
9573 : 00;
9574 : 00;
9575 : 00;
9576 : 00;
9577 : 00;
9578 : 00;
9579 : 00;
9580 : 00;
9581 : 00;
9582 : 00;
9583 : 00;
9584 : 00;
9585 : 00;
9586 : 00;
9587 : 00;
9588 : 00;
9589 : 00;
9590 : 00;
9591 : 00;
9592 : 00;
9593 : 00;
9594 : 00;
9595 : 00;
9596 : 00;
9597 : 00;
9598 : 00;
9599 : 00;
9600 : 00;
9601 : 00;
9602 : 00;
9603 : 00;
9604 : 00;
9605 : 00;
9606 : 00;
9607 : 00;
9608 : 00;
9609 : 00;
9610 : 00;
9611 : 00;
9612 : 00;
9613 : 00;
9614 : 00;
9615 : 00;
9616 : 00;
9617 : 00;
9618 : 00;
9619 : 00;
9620 : 00;
9621 : 00;
9622 : 00;
9623 : 00;
9624 : 00;
9625 : 00;
9626 : 00;
9627 : 00;
9628 : 00;
9629 : 00;
9630 : 00;
9631 : 00;
9632 : 00;
9633 : 00;
9634 : 00;
9635 : 00;
9636 : 00;
9637 : 00;
9638 : 00;
9639 : 00;
9640 : 00;
9641 : 00;
9642 : 00;
9643 : 00;
9644 : 00;
9645 : 00;
9646 : 00;
9647 : 00;
9648 : 00;
9649 : 00;
9650 : 00;
9651 : 00;
9652 : 00;
9653 : 00;
9654 : 00;
9655 : 00;
9656 : 00;
9657 : 00;
9658 : 00;
9659 : 6C;
9660 : FC;
9661 : B4;
9662 : 00;
9663 : 00;
9664 : 00;
9665 : 00;
9666 : 00;
9667 : 00;
9668 : 00;
9669 : 00;
9670 : 90;
9671 : FC;
9672 : B4;
9673 : 00;
9674 : 00;
9675 : 00;
9676 : 00;
9677 : 00;
9678 : 00;
9679 : 00;
9680 : 24;
9681 : D8;
9682 : D8;
9683 : B4;
9684 : 24;
9685 : 00;
9686 : 00;
9687 : 6C;
9688 : D8;
9689 : F8;
9690 : 6C;
9691 : 00;
9692 : 90;
9693 : FC;
9694 : D8;
9695 : 48;
9696 : 00;
9697 : 00;
9698 : 48;
9699 : D8;
9700 : FC;
9701 : 94;
9702 : 00;
9703 : 6C;
9704 : FC;
9705 : B4;
9706 : 00;
9707 : 00;
9708 : 00;
9709 : 48;
9710 : D8;
9711 : FC;
9712 : 90;
9713 : 00;
9714 : 00;
9715 : 00;
9716 : 00;
9717 : 00;
9718 : 00;
9719 : 00;
9720 : 00;
9721 : 00;
9722 : 00;
9723 : 00;
9724 : 00;
9725 : 90;
9726 : FC;
9727 : D8;
9728 : DC;
9729 : 48;
9730 : 24;
9731 : D8;
9732 : FC;
9733 : FC;
9734 : 90;
9735 : 00;
9736 : 6C;
9737 : FC;
9738 : D8;
9739 : 00;
9740 : 00;
9741 : 00;
9742 : 00;
9743 : 00;
9744 : 00;
9745 : 00;
9746 : 00;
9747 : 90;
9748 : FC;
9749 : B4;
9750 : 00;
9751 : 00;
9752 : 00;
9753 : 00;
9754 : 00;
9755 : 00;
9756 : 00;
9757 : 00;
9758 : D8;
9759 : FC;
9760 : 6C;
9761 : 00;
9762 : 00;
9763 : 00;
9764 : 48;
9765 : D8;
9766 : FC;
9767 : 6C;
9768 : 00;
9769 : 00;
9770 : 00;
9771 : 00;
9772 : 6C;
9773 : FC;
9774 : D8;
9775 : 04;
9776 : 00;
9777 : 00;
9778 : 00;
9779 : 00;
9780 : 00;
9781 : 00;
9782 : 00;
9783 : 90;
9784 : FC;
9785 : 90;
9786 : 00;
9787 : 00;
9788 : 00;
9789 : 00;
9790 : 00;
9791 : 00;
9792 : 00;
9793 : 00;
9794 : 00;
9795 : 00;
9796 : 00;
9797 : 00;
9798 : 00;
9799 : 00;
9800 : 00;
9801 : 00;
9802 : 00;
9803 : 00;
9804 : 00;
9805 : 00;
9806 : 00;
9807 : 00;
9808 : 00;
9809 : 00;
9810 : 00;
9811 : 00;
9812 : 00;
9813 : 00;
9814 : 00;
9815 : 00;
9816 : 00;
9817 : 00;
9818 : 00;
9819 : 00;
9820 : 00;
9821 : 00;
9822 : 00;
9823 : 00;
9824 : 00;
9825 : 00;
9826 : 00;
9827 : 00;
9828 : 00;
9829 : 00;
9830 : 00;
9831 : 00;
9832 : 00;
9833 : 00;
9834 : 00;
9835 : 00;
9836 : 00;
9837 : 00;
9838 : 00;
9839 : 00;
9840 : 00;
9841 : 00;
9842 : 00;
9843 : 00;
9844 : 00;
9845 : 00;
9846 : 00;
9847 : 00;
9848 : 00;
9849 : 00;
9850 : 00;
9851 : 00;
9852 : 00;
9853 : 00;
9854 : 00;
9855 : 00;
9856 : 00;
9857 : 00;
9858 : 00;
9859 : 00;
9860 : 00;
9861 : 00;
9862 : 00;
9863 : 00;
9864 : 00;
9865 : 00;
9866 : 00;
9867 : 00;
9868 : 00;
9869 : 00;
9870 : 00;
9871 : 00;
9872 : 00;
9873 : 00;
9874 : 00;
9875 : 00;
9876 : 00;
9877 : 00;
9878 : 00;
9879 : 00;
9880 : 00;
9881 : 00;
9882 : 00;
9883 : 00;
9884 : 00;
9885 : 00;
9886 : 00;
9887 : 00;
9888 : 00;
9889 : 00;
9890 : 00;
9891 : 00;
9892 : 00;
9893 : 00;
9894 : 00;
9895 : 00;
9896 : 00;
9897 : 00;
9898 : 00;
9899 : 6C;
9900 : FC;
9901 : B4;
9902 : 00;
9903 : 00;
9904 : 00;
9905 : 00;
9906 : 00;
9907 : 00;
9908 : 00;
9909 : 00;
9910 : 6C;
9911 : FC;
9912 : B4;
9913 : 00;
9914 : 00;
9915 : 00;
9916 : 00;
9917 : 00;
9918 : 00;
9919 : 00;
9920 : 24;
9921 : D8;
9922 : FC;
9923 : 48;
9924 : 00;
9925 : 00;
9926 : 00;
9927 : 00;
9928 : D8;
9929 : FC;
9930 : 6C;
9931 : 00;
9932 : 90;
9933 : FC;
9934 : 90;
9935 : 00;
9936 : 00;
9937 : 00;
9938 : 00;
9939 : 90;
9940 : FC;
9941 : B4;
9942 : 00;
9943 : 6C;
9944 : FC;
9945 : B4;
9946 : 00;
9947 : 00;
9948 : 00;
9949 : 00;
9950 : 90;
9951 : FC;
9952 : B4;
9953 : 00;
9954 : 00;
9955 : 00;
9956 : 00;
9957 : 00;
9958 : 00;
9959 : 00;
9960 : 00;
9961 : 00;
9962 : 00;
9963 : 00;
9964 : 00;
9965 : B4;
9966 : FC;
9967 : B4;
9968 : 48;
9969 : 00;
9970 : 00;
9971 : 24;
9972 : B4;
9973 : FC;
9974 : B4;
9975 : 00;
9976 : 6C;
9977 : FC;
9978 : D8;
9979 : 00;
9980 : 00;
9981 : 00;
9982 : 00;
9983 : 00;
9984 : 00;
9985 : 00;
9986 : 00;
9987 : 90;
9988 : FC;
9989 : 90;
9990 : 00;
9991 : 00;
9992 : 00;
9993 : 00;
9994 : 00;
9995 : 00;
9996 : 00;
9997 : 24;
9998 : D8;
9999 : FC;
10000 : 6C;
10001 : 00;
10002 : 00;
10003 : 00;
10004 : 00;
10005 : B4;
10006 : FC;
10007 : 6C;
10008 : 00;
10009 : 00;
10010 : 00;
10011 : 00;
10012 : 6C;
10013 : FC;
10014 : D8;
10015 : 00;
10016 : 00;
10017 : 00;
10018 : 00;
10019 : 00;
10020 : 00;
10021 : 00;
10022 : 00;
10023 : 90;
10024 : FC;
10025 : 90;
10026 : 00;
10027 : 00;
10028 : 00;
10029 : 00;
10030 : 00;
10031 : 00;
10032 : 00;
10033 : 00;
10034 : 00;
10035 : 00;
10036 : 00;
10037 : 00;
10038 : 00;
10039 : 00;
10040 : 00;
10041 : 00;
10042 : 00;
10043 : 00;
10044 : 00;
10045 : 00;
10046 : 00;
10047 : 00;
10048 : 00;
10049 : 00;
10050 : 00;
10051 : 00;
10052 : 00;
10053 : 00;
10054 : 00;
10055 : 00;
10056 : 00;
10057 : 00;
10058 : 00;
10059 : 00;
10060 : 00;
10061 : 00;
10062 : 00;
10063 : 00;
10064 : 00;
10065 : 00;
10066 : 00;
10067 : 00;
10068 : 00;
10069 : 00;
10070 : 00;
10071 : 00;
10072 : 00;
10073 : 00;
10074 : 00;
10075 : 00;
10076 : 00;
10077 : 00;
10078 : 00;
10079 : 00;
10080 : 00;
10081 : 00;
10082 : 00;
10083 : 00;
10084 : 00;
10085 : 00;
10086 : 00;
10087 : 00;
10088 : 00;
10089 : 00;
10090 : 00;
10091 : 00;
10092 : 00;
10093 : 00;
10094 : 00;
10095 : 00;
10096 : 00;
10097 : 00;
10098 : 00;
10099 : 00;
10100 : 00;
10101 : 00;
10102 : 00;
10103 : 00;
10104 : 00;
10105 : 00;
10106 : 00;
10107 : 00;
10108 : 00;
10109 : 00;
10110 : 00;
10111 : 00;
10112 : 00;
10113 : 00;
10114 : 00;
10115 : 00;
10116 : 00;
10117 : 00;
10118 : 00;
10119 : 00;
10120 : 00;
10121 : 00;
10122 : 00;
10123 : 00;
10124 : 00;
10125 : 00;
10126 : 00;
10127 : 00;
10128 : 00;
10129 : 00;
10130 : 00;
10131 : 00;
10132 : 00;
10133 : 00;
10134 : 00;
10135 : 00;
10136 : 00;
10137 : 00;
10138 : 00;
10139 : 6C;
10140 : FC;
10141 : B4;
10142 : 48;
10143 : 48;
10144 : 48;
10145 : 48;
10146 : 48;
10147 : 00;
10148 : 00;
10149 : 00;
10150 : 6C;
10151 : FC;
10152 : B4;
10153 : 00;
10154 : 00;
10155 : 00;
10156 : 00;
10157 : 00;
10158 : 00;
10159 : 00;
10160 : 24;
10161 : D8;
10162 : FC;
10163 : 48;
10164 : 00;
10165 : 00;
10166 : 00;
10167 : 00;
10168 : D8;
10169 : FC;
10170 : 6C;
10171 : 00;
10172 : 90;
10173 : FC;
10174 : 90;
10175 : 00;
10176 : 00;
10177 : 00;
10178 : 00;
10179 : 90;
10180 : FC;
10181 : B4;
10182 : 00;
10183 : 6C;
10184 : FC;
10185 : B4;
10186 : 00;
10187 : 00;
10188 : 00;
10189 : 00;
10190 : 90;
10191 : FC;
10192 : B4;
10193 : 00;
10194 : 00;
10195 : 00;
10196 : 00;
10197 : 00;
10198 : 00;
10199 : 00;
10200 : 00;
10201 : 00;
10202 : 00;
10203 : 00;
10204 : 00;
10205 : B4;
10206 : FC;
10207 : 90;
10208 : 00;
10209 : 00;
10210 : 00;
10211 : 00;
10212 : 90;
10213 : FC;
10214 : B4;
10215 : 00;
10216 : 6C;
10217 : FC;
10218 : B8;
10219 : 00;
10220 : 00;
10221 : 00;
10222 : 00;
10223 : 00;
10224 : 00;
10225 : 00;
10226 : 00;
10227 : 90;
10228 : FC;
10229 : B4;
10230 : 24;
10231 : 24;
10232 : 24;
10233 : 24;
10234 : 00;
10235 : 00;
10236 : 00;
10237 : 20;
10238 : D8;
10239 : FC;
10240 : 48;
10241 : 00;
10242 : 00;
10243 : 00;
10244 : 00;
10245 : B4;
10246 : FC;
10247 : 90;
10248 : 00;
10249 : 00;
10250 : 00;
10251 : 00;
10252 : 6C;
10253 : FC;
10254 : D8;
10255 : 00;
10256 : 00;
10257 : 00;
10258 : 00;
10259 : 00;
10260 : 00;
10261 : 00;
10262 : 00;
10263 : 90;
10264 : FC;
10265 : 90;
10266 : 00;
10267 : 00;
10268 : 00;
10269 : 00;
10270 : 00;
10271 : 00;
10272 : 00;
10273 : 00;
10274 : 00;
10275 : 00;
10276 : 00;
10277 : 00;
10278 : 00;
10279 : 00;
10280 : 00;
10281 : 00;
10282 : 00;
10283 : 00;
10284 : 00;
10285 : 00;
10286 : 00;
10287 : 00;
10288 : 00;
10289 : 00;
10290 : 00;
10291 : 00;
10292 : 00;
10293 : 00;
10294 : 00;
10295 : 00;
10296 : 00;
10297 : 00;
10298 : 00;
10299 : 00;
10300 : 00;
10301 : 00;
10302 : 00;
10303 : 00;
10304 : 00;
10305 : 00;
10306 : 00;
10307 : 00;
10308 : 00;
10309 : 00;
10310 : 00;
10311 : 00;
10312 : 00;
10313 : 00;
10314 : 00;
10315 : 00;
10316 : 00;
10317 : 00;
10318 : 00;
10319 : 00;
10320 : 00;
10321 : 00;
10322 : 00;
10323 : 00;
10324 : 00;
10325 : 00;
10326 : 00;
10327 : 00;
10328 : 00;
10329 : 00;
10330 : 00;
10331 : 00;
10332 : 00;
10333 : 00;
10334 : 00;
10335 : 00;
10336 : 00;
10337 : 00;
10338 : 00;
10339 : 00;
10340 : 00;
10341 : 00;
10342 : 00;
10343 : 00;
10344 : 00;
10345 : 00;
10346 : 00;
10347 : 00;
10348 : 00;
10349 : 00;
10350 : 00;
10351 : 00;
10352 : 00;
10353 : 00;
10354 : 00;
10355 : 00;
10356 : 00;
10357 : 00;
10358 : 00;
10359 : 00;
10360 : 00;
10361 : 00;
10362 : 00;
10363 : 24;
10364 : D8;
10365 : D8;
10366 : D8;
10367 : D8;
10368 : D8;
10369 : D8;
10370 : D8;
10371 : D8;
10372 : 90;
10373 : 00;
10374 : 00;
10375 : 00;
10376 : 00;
10377 : 00;
10378 : 00;
10379 : 6C;
10380 : FC;
10381 : D8;
10382 : FC;
10383 : FC;
10384 : FC;
10385 : FC;
10386 : FC;
10387 : 04;
10388 : 00;
10389 : 00;
10390 : 90;
10391 : FC;
10392 : B4;
10393 : 00;
10394 : 00;
10395 : 00;
10396 : 00;
10397 : 00;
10398 : 00;
10399 : 00;
10400 : 24;
10401 : D8;
10402 : D8;
10403 : 48;
10404 : 00;
10405 : 00;
10406 : 00;
10407 : 00;
10408 : D8;
10409 : FC;
10410 : 6C;
10411 : 00;
10412 : 90;
10413 : FC;
10414 : 90;
10415 : 00;
10416 : 00;
10417 : 00;
10418 : 00;
10419 : 6C;
10420 : FC;
10421 : B4;
10422 : 00;
10423 : 6C;
10424 : FC;
10425 : B4;
10426 : 00;
10427 : 00;
10428 : 00;
10429 : 00;
10430 : 90;
10431 : FC;
10432 : B4;
10433 : 00;
10434 : 00;
10435 : 00;
10436 : 00;
10437 : 00;
10438 : 00;
10439 : 00;
10440 : 00;
10441 : 00;
10442 : 00;
10443 : 00;
10444 : 00;
10445 : B4;
10446 : FC;
10447 : 90;
10448 : 00;
10449 : 00;
10450 : 00;
10451 : 00;
10452 : B4;
10453 : FC;
10454 : B4;
10455 : 00;
10456 : 6C;
10457 : FC;
10458 : B4;
10459 : 00;
10460 : 00;
10461 : 00;
10462 : 00;
10463 : 00;
10464 : 00;
10465 : 00;
10466 : 00;
10467 : 94;
10468 : FC;
10469 : D8;
10470 : FC;
10471 : FC;
10472 : D8;
10473 : FC;
10474 : 6C;
10475 : 00;
10476 : 00;
10477 : 24;
10478 : D8;
10479 : FC;
10480 : 90;
10481 : 68;
10482 : 6C;
10483 : 6C;
10484 : 90;
10485 : D8;
10486 : FC;
10487 : 90;
10488 : 00;
10489 : 00;
10490 : 00;
10491 : 00;
10492 : 6C;
10493 : FC;
10494 : D8;
10495 : 00;
10496 : 00;
10497 : 00;
10498 : 00;
10499 : 00;
10500 : 00;
10501 : 00;
10502 : 00;
10503 : B4;
10504 : FC;
10505 : B4;
10506 : 00;
10507 : 00;
10508 : 00;
10509 : 00;
10510 : 00;
10511 : 00;
10512 : 00;
10513 : 00;
10514 : 00;
10515 : 00;
10516 : 00;
10517 : 00;
10518 : 00;
10519 : 00;
10520 : 00;
10521 : 00;
10522 : 00;
10523 : 00;
10524 : 00;
10525 : 00;
10526 : 00;
10527 : 00;
10528 : 00;
10529 : 00;
10530 : 00;
10531 : 00;
10532 : 00;
10533 : 00;
10534 : 00;
10535 : 00;
10536 : 00;
10537 : 00;
10538 : 00;
10539 : 00;
10540 : 00;
10541 : 00;
10542 : 00;
10543 : 00;
10544 : 00;
10545 : 00;
10546 : 00;
10547 : 00;
10548 : 00;
10549 : 00;
10550 : 00;
10551 : 00;
10552 : 00;
10553 : 00;
10554 : 00;
10555 : 00;
10556 : 00;
10557 : 00;
10558 : 00;
10559 : 00;
10560 : 00;
10561 : 00;
10562 : 00;
10563 : 00;
10564 : 00;
10565 : 00;
10566 : 00;
10567 : 00;
10568 : 00;
10569 : 00;
10570 : 00;
10571 : 00;
10572 : 00;
10573 : 00;
10574 : 00;
10575 : 00;
10576 : 00;
10577 : 00;
10578 : 00;
10579 : 00;
10580 : 00;
10581 : 00;
10582 : 00;
10583 : 00;
10584 : 00;
10585 : 00;
10586 : 00;
10587 : 00;
10588 : 00;
10589 : 00;
10590 : 00;
10591 : 00;
10592 : 00;
10593 : 00;
10594 : 00;
10595 : 00;
10596 : 00;
10597 : 00;
10598 : 00;
10599 : 00;
10600 : 00;
10601 : 00;
10602 : 00;
10603 : 24;
10604 : 90;
10605 : 94;
10606 : B4;
10607 : B4;
10608 : B4;
10609 : 90;
10610 : 90;
10611 : B4;
10612 : 6C;
10613 : 00;
10614 : 00;
10615 : 00;
10616 : 00;
10617 : 00;
10618 : 00;
10619 : 6C;
10620 : FC;
10621 : D8;
10622 : 90;
10623 : 90;
10624 : 90;
10625 : 90;
10626 : 90;
10627 : 00;
10628 : 00;
10629 : 00;
10630 : 90;
10631 : FC;
10632 : B4;
10633 : 00;
10634 : 00;
10635 : 00;
10636 : 00;
10637 : 00;
10638 : 00;
10639 : 00;
10640 : 24;
10641 : D8;
10642 : FC;
10643 : 48;
10644 : 00;
10645 : 00;
10646 : 00;
10647 : 00;
10648 : B4;
10649 : FC;
10650 : 6C;
10651 : 00;
10652 : 90;
10653 : FC;
10654 : 90;
10655 : 00;
10656 : 00;
10657 : 00;
10658 : 00;
10659 : 90;
10660 : FC;
10661 : B4;
10662 : 00;
10663 : 6C;
10664 : FC;
10665 : B4;
10666 : 00;
10667 : 00;
10668 : 00;
10669 : 00;
10670 : 90;
10671 : FC;
10672 : B4;
10673 : 00;
10674 : 00;
10675 : 00;
10676 : 00;
10677 : 00;
10678 : 00;
10679 : 00;
10680 : 00;
10681 : 00;
10682 : 00;
10683 : 00;
10684 : 00;
10685 : B4;
10686 : FC;
10687 : B4;
10688 : 90;
10689 : 90;
10690 : 90;
10691 : 90;
10692 : D8;
10693 : FC;
10694 : B4;
10695 : 00;
10696 : 6C;
10697 : FC;
10698 : B8;
10699 : 00;
10700 : 00;
10701 : 00;
10702 : 00;
10703 : 00;
10704 : 00;
10705 : 00;
10706 : 00;
10707 : 94;
10708 : FC;
10709 : D8;
10710 : B4;
10711 : B4;
10712 : B4;
10713 : B4;
10714 : 48;
10715 : 00;
10716 : 00;
10717 : 24;
10718 : D8;
10719 : D8;
10720 : FC;
10721 : FC;
10722 : FC;
10723 : FC;
10724 : FC;
10725 : FC;
10726 : B4;
10727 : 00;
10728 : 00;
10729 : 00;
10730 : 00;
10731 : 00;
10732 : 6C;
10733 : FC;
10734 : D8;
10735 : 04;
10736 : 00;
10737 : 00;
10738 : 00;
10739 : 00;
10740 : 00;
10741 : 00;
10742 : 00;
10743 : B4;
10744 : FC;
10745 : B4;
10746 : 00;
10747 : 00;
10748 : 00;
10749 : 00;
10750 : 00;
10751 : 00;
10752 : 00;
10753 : 00;
10754 : 00;
10755 : 00;
10756 : 00;
10757 : 00;
10758 : 00;
10759 : 00;
10760 : 00;
10761 : 00;
10762 : 00;
10763 : 00;
10764 : 00;
10765 : 00;
10766 : 00;
10767 : 00;
10768 : 00;
10769 : 00;
10770 : 00;
10771 : 00;
10772 : 00;
10773 : 00;
10774 : 00;
10775 : 00;
10776 : 00;
10777 : 00;
10778 : 00;
10779 : 00;
10780 : 00;
10781 : 00;
10782 : 00;
10783 : 00;
10784 : 00;
10785 : 00;
10786 : 00;
10787 : 00;
10788 : 00;
10789 : 00;
10790 : 00;
10791 : 00;
10792 : 00;
10793 : 00;
10794 : 00;
10795 : 00;
10796 : 00;
10797 : 00;
10798 : 00;
10799 : 00;
10800 : 00;
10801 : 00;
10802 : 00;
10803 : 00;
10804 : 00;
10805 : 00;
10806 : 00;
10807 : 00;
10808 : 00;
10809 : 00;
10810 : 00;
10811 : 00;
10812 : 00;
10813 : 00;
10814 : 00;
10815 : 00;
10816 : 00;
10817 : 00;
10818 : 00;
10819 : 00;
10820 : 00;
10821 : 00;
10822 : 00;
10823 : 00;
10824 : 00;
10825 : 00;
10826 : 00;
10827 : 00;
10828 : 00;
10829 : 00;
10830 : 00;
10831 : 00;
10832 : 00;
10833 : 00;
10834 : 00;
10835 : 00;
10836 : 00;
10837 : 00;
10838 : 00;
10839 : 00;
10840 : 00;
10841 : 00;
10842 : 00;
10843 : 00;
10844 : 00;
10845 : 00;
10846 : 00;
10847 : 00;
10848 : 00;
10849 : 00;
10850 : 00;
10851 : 00;
10852 : 00;
10853 : 00;
10854 : 00;
10855 : 00;
10856 : 00;
10857 : 00;
10858 : 00;
10859 : 6C;
10860 : FC;
10861 : B4;
10862 : 00;
10863 : 00;
10864 : 00;
10865 : 00;
10866 : 00;
10867 : 00;
10868 : 00;
10869 : 00;
10870 : 8C;
10871 : FC;
10872 : B4;
10873 : 00;
10874 : 00;
10875 : 00;
10876 : 00;
10877 : 00;
10878 : 00;
10879 : 00;
10880 : 24;
10881 : D8;
10882 : FC;
10883 : 48;
10884 : 00;
10885 : 00;
10886 : 00;
10887 : 00;
10888 : D8;
10889 : FC;
10890 : 6C;
10891 : 00;
10892 : 90;
10893 : FC;
10894 : 90;
10895 : 00;
10896 : 00;
10897 : 00;
10898 : 00;
10899 : 90;
10900 : FC;
10901 : 94;
10902 : 00;
10903 : 6C;
10904 : FC;
10905 : B4;
10906 : 00;
10907 : 00;
10908 : 00;
10909 : 00;
10910 : 90;
10911 : FC;
10912 : B4;
10913 : 00;
10914 : 00;
10915 : 00;
10916 : 00;
10917 : 00;
10918 : 00;
10919 : 00;
10920 : 00;
10921 : 00;
10922 : 00;
10923 : 00;
10924 : 00;
10925 : D8;
10926 : FC;
10927 : FC;
10928 : FC;
10929 : FC;
10930 : FC;
10931 : FC;
10932 : FC;
10933 : FC;
10934 : B4;
10935 : 00;
10936 : 6C;
10937 : FC;
10938 : B8;
10939 : 00;
10940 : 00;
10941 : 00;
10942 : 00;
10943 : 00;
10944 : 00;
10945 : 00;
10946 : 00;
10947 : 90;
10948 : FC;
10949 : 90;
10950 : 00;
10951 : 00;
10952 : 00;
10953 : 00;
10954 : 00;
10955 : 00;
10956 : 00;
10957 : 00;
10958 : D8;
10959 : D8;
10960 : D8;
10961 : D8;
10962 : D8;
10963 : D8;
10964 : D8;
10965 : D8;
10966 : 24;
10967 : 00;
10968 : 00;
10969 : 00;
10970 : 00;
10971 : 00;
10972 : 6C;
10973 : FC;
10974 : D8;
10975 : 24;
10976 : 00;
10977 : 00;
10978 : 00;
10979 : 00;
10980 : 00;
10981 : 00;
10982 : 00;
10983 : 6C;
10984 : B4;
10985 : 6C;
10986 : 00;
10987 : 00;
10988 : 00;
10989 : 00;
10990 : 00;
10991 : 00;
10992 : 00;
10993 : 00;
10994 : 00;
10995 : 00;
10996 : 00;
10997 : 00;
10998 : 00;
10999 : 00;
11000 : 00;
11001 : 00;
11002 : 00;
11003 : 00;
11004 : 00;
11005 : 00;
11006 : 00;
11007 : 00;
11008 : 00;
11009 : 00;
11010 : 00;
11011 : 00;
11012 : 00;
11013 : 00;
11014 : 00;
11015 : 00;
11016 : 00;
11017 : 00;
11018 : 00;
11019 : 00;
11020 : 00;
11021 : 00;
11022 : 00;
11023 : 00;
11024 : 00;
11025 : 00;
11026 : 00;
11027 : 00;
11028 : 00;
11029 : 00;
11030 : 00;
11031 : 00;
11032 : 00;
11033 : 00;
11034 : 00;
11035 : 00;
11036 : 00;
11037 : 00;
11038 : 00;
11039 : 00;
11040 : 00;
11041 : 00;
11042 : 00;
11043 : 00;
11044 : 00;
11045 : 00;
11046 : 00;
11047 : 00;
11048 : 00;
11049 : 00;
11050 : 00;
11051 : 00;
11052 : 00;
11053 : 00;
11054 : 00;
11055 : 00;
11056 : 00;
11057 : 00;
11058 : 00;
11059 : 00;
11060 : 00;
11061 : 00;
11062 : 00;
11063 : 00;
11064 : 00;
11065 : 00;
11066 : 00;
11067 : 00;
11068 : 00;
11069 : 00;
11070 : 00;
11071 : 00;
11072 : 00;
11073 : 00;
11074 : 00;
11075 : 00;
11076 : 00;
11077 : 00;
11078 : 00;
11079 : 00;
11080 : 00;
11081 : 00;
11082 : 00;
11083 : 00;
11084 : 00;
11085 : 00;
11086 : 00;
11087 : 00;
11088 : 00;
11089 : 00;
11090 : 00;
11091 : 00;
11092 : 00;
11093 : 00;
11094 : 00;
11095 : 00;
11096 : 00;
11097 : 00;
11098 : 00;
11099 : 8C;
11100 : FC;
11101 : B4;
11102 : 00;
11103 : 00;
11104 : 00;
11105 : 00;
11106 : 00;
11107 : 00;
11108 : 00;
11109 : 00;
11110 : 90;
11111 : FC;
11112 : 94;
11113 : 00;
11114 : 00;
11115 : 00;
11116 : 00;
11117 : 00;
11118 : 00;
11119 : 00;
11120 : 24;
11121 : D8;
11122 : FC;
11123 : 6C;
11124 : 00;
11125 : 00;
11126 : 00;
11127 : 00;
11128 : D8;
11129 : FC;
11130 : 6C;
11131 : 00;
11132 : 90;
11133 : FC;
11134 : 90;
11135 : 00;
11136 : 00;
11137 : 00;
11138 : 00;
11139 : 90;
11140 : FC;
11141 : B4;
11142 : 00;
11143 : 6C;
11144 : FC;
11145 : B4;
11146 : 00;
11147 : 00;
11148 : 00;
11149 : 00;
11150 : 90;
11151 : FC;
11152 : B4;
11153 : 00;
11154 : 00;
11155 : 00;
11156 : 00;
11157 : 00;
11158 : 00;
11159 : 00;
11160 : 00;
11161 : 00;
11162 : 00;
11163 : 00;
11164 : 00;
11165 : D8;
11166 : FC;
11167 : B4;
11168 : 48;
11169 : 6C;
11170 : 6C;
11171 : 6C;
11172 : D8;
11173 : FC;
11174 : B4;
11175 : 00;
11176 : 6C;
11177 : FC;
11178 : D8;
11179 : 00;
11180 : 00;
11181 : 00;
11182 : 00;
11183 : 00;
11184 : 00;
11185 : 00;
11186 : 00;
11187 : 90;
11188 : FC;
11189 : 90;
11190 : 00;
11191 : 00;
11192 : 00;
11193 : 00;
11194 : 00;
11195 : 00;
11196 : 00;
11197 : 24;
11198 : D8;
11199 : FC;
11200 : 6C;
11201 : 24;
11202 : 24;
11203 : 90;
11204 : FC;
11205 : B4;
11206 : 00;
11207 : 00;
11208 : 00;
11209 : 00;
11210 : 00;
11211 : 00;
11212 : 6C;
11213 : FC;
11214 : D8;
11215 : 24;
11216 : 00;
11217 : 00;
11218 : 00;
11219 : 00;
11220 : 00;
11221 : 00;
11222 : 00;
11223 : 00;
11224 : 00;
11225 : 00;
11226 : 00;
11227 : 00;
11228 : 00;
11229 : 00;
11230 : 00;
11231 : 00;
11232 : 00;
11233 : 00;
11234 : 00;
11235 : 00;
11236 : 00;
11237 : 00;
11238 : 00;
11239 : 00;
11240 : 00;
11241 : 00;
11242 : 00;
11243 : 00;
11244 : 00;
11245 : 00;
11246 : 00;
11247 : 00;
11248 : 00;
11249 : 00;
11250 : 00;
11251 : 00;
11252 : 00;
11253 : 00;
11254 : 00;
11255 : 00;
11256 : 00;
11257 : 00;
11258 : 00;
11259 : 00;
11260 : 00;
11261 : 00;
11262 : 00;
11263 : 00;
11264 : 00;
11265 : 00;
11266 : 00;
11267 : 00;
11268 : 00;
11269 : 00;
11270 : 00;
11271 : 00;
11272 : 00;
11273 : 00;
11274 : 00;
11275 : 00;
11276 : 00;
11277 : 00;
11278 : 00;
11279 : 00;
11280 : 00;
11281 : 00;
11282 : 00;
11283 : 00;
11284 : 00;
11285 : 00;
11286 : 00;
11287 : 00;
11288 : 00;
11289 : 00;
11290 : 00;
11291 : 00;
11292 : 00;
11293 : 00;
11294 : 00;
11295 : 00;
11296 : 00;
11297 : 00;
11298 : 00;
11299 : 00;
11300 : 00;
11301 : 00;
11302 : 00;
11303 : 00;
11304 : 00;
11305 : 00;
11306 : 00;
11307 : 00;
11308 : 00;
11309 : 00;
11310 : 00;
11311 : 00;
11312 : 00;
11313 : 00;
11314 : 00;
11315 : 00;
11316 : 00;
11317 : 00;
11318 : 00;
11319 : 00;
11320 : 00;
11321 : 00;
11322 : 00;
11323 : 00;
11324 : 00;
11325 : 00;
11326 : 00;
11327 : 00;
11328 : 00;
11329 : 00;
11330 : 00;
11331 : 00;
11332 : 00;
11333 : 00;
11334 : 00;
11335 : 00;
11336 : 00;
11337 : 00;
11338 : 00;
11339 : 90;
11340 : FC;
11341 : B4;
11342 : 00;
11343 : 00;
11344 : 00;
11345 : 00;
11346 : 00;
11347 : 00;
11348 : 00;
11349 : 00;
11350 : 90;
11351 : FC;
11352 : B4;
11353 : 24;
11354 : 24;
11355 : 24;
11356 : 24;
11357 : 24;
11358 : 24;
11359 : 00;
11360 : 24;
11361 : B4;
11362 : FC;
11363 : D8;
11364 : 48;
11365 : 24;
11366 : 24;
11367 : 90;
11368 : D8;
11369 : FC;
11370 : 6C;
11371 : 00;
11372 : B4;
11373 : FC;
11374 : D8;
11375 : 6C;
11376 : 24;
11377 : 24;
11378 : 8C;
11379 : D8;
11380 : D8;
11381 : 6C;
11382 : 00;
11383 : 6C;
11384 : FC;
11385 : B4;
11386 : 24;
11387 : 24;
11388 : 48;
11389 : B4;
11390 : D8;
11391 : FC;
11392 : 90;
11393 : 00;
11394 : 00;
11395 : 00;
11396 : 00;
11397 : 00;
11398 : 00;
11399 : 00;
11400 : 00;
11401 : 00;
11402 : 00;
11403 : 00;
11404 : 00;
11405 : D8;
11406 : FC;
11407 : 6C;
11408 : 00;
11409 : 00;
11410 : 00;
11411 : 00;
11412 : B4;
11413 : FC;
11414 : B4;
11415 : 00;
11416 : 6C;
11417 : FC;
11418 : D8;
11419 : 24;
11420 : 24;
11421 : 24;
11422 : 24;
11423 : 24;
11424 : 24;
11425 : 00;
11426 : 00;
11427 : 90;
11428 : FC;
11429 : B4;
11430 : 24;
11431 : 24;
11432 : 24;
11433 : 24;
11434 : 24;
11435 : 24;
11436 : 00;
11437 : 24;
11438 : D8;
11439 : FC;
11440 : 48;
11441 : 00;
11442 : 00;
11443 : 00;
11444 : B4;
11445 : D8;
11446 : 24;
11447 : 00;
11448 : 00;
11449 : 00;
11450 : 00;
11451 : 00;
11452 : 6C;
11453 : FC;
11454 : D8;
11455 : 24;
11456 : 00;
11457 : 00;
11458 : 00;
11459 : 00;
11460 : 00;
11461 : 00;
11462 : 00;
11463 : 00;
11464 : 24;
11465 : 00;
11466 : 00;
11467 : 00;
11468 : 00;
11469 : 00;
11470 : 00;
11471 : 00;
11472 : 00;
11473 : 00;
11474 : 00;
11475 : 00;
11476 : 00;
11477 : 00;
11478 : 00;
11479 : 00;
11480 : 00;
11481 : 00;
11482 : 00;
11483 : 00;
11484 : 00;
11485 : 00;
11486 : 00;
11487 : 00;
11488 : 00;
11489 : 00;
11490 : 00;
11491 : 00;
11492 : 00;
11493 : 00;
11494 : 00;
11495 : 00;
11496 : 00;
11497 : 00;
11498 : 00;
11499 : 00;
11500 : 00;
11501 : 00;
11502 : 00;
11503 : 00;
11504 : 00;
11505 : 00;
11506 : 00;
11507 : 00;
11508 : 00;
11509 : 00;
11510 : 00;
11511 : 00;
11512 : 00;
11513 : 00;
11514 : 00;
11515 : 00;
11516 : 00;
11517 : 00;
11518 : 00;
11519 : 00;
11520 : 00;
11521 : 00;
11522 : 00;
11523 : 00;
11524 : 00;
11525 : 00;
11526 : 00;
11527 : 00;
11528 : 00;
11529 : 00;
11530 : 00;
11531 : 00;
11532 : 00;
11533 : 00;
11534 : 00;
11535 : 00;
11536 : 00;
11537 : 00;
11538 : 00;
11539 : 00;
11540 : 00;
11541 : 00;
11542 : 00;
11543 : 00;
11544 : 00;
11545 : 00;
11546 : 00;
11547 : 00;
11548 : 00;
11549 : 00;
11550 : 00;
11551 : 00;
11552 : 00;
11553 : 00;
11554 : 00;
11555 : 00;
11556 : 00;
11557 : 00;
11558 : 00;
11559 : 00;
11560 : 00;
11561 : 00;
11562 : 00;
11563 : 00;
11564 : 00;
11565 : 00;
11566 : 00;
11567 : 00;
11568 : 00;
11569 : 00;
11570 : 00;
11571 : 00;
11572 : 00;
11573 : 00;
11574 : 00;
11575 : 00;
11576 : 00;
11577 : 00;
11578 : 00;
11579 : 90;
11580 : FC;
11581 : B4;
11582 : 00;
11583 : 00;
11584 : 00;
11585 : 00;
11586 : 00;
11587 : 00;
11588 : 00;
11589 : 00;
11590 : 90;
11591 : FC;
11592 : D8;
11593 : D8;
11594 : D8;
11595 : D8;
11596 : D8;
11597 : D8;
11598 : D8;
11599 : 6C;
11600 : 00;
11601 : 24;
11602 : 90;
11603 : FC;
11604 : D8;
11605 : D8;
11606 : D8;
11607 : FC;
11608 : FC;
11609 : B4;
11610 : 24;
11611 : 00;
11612 : 48;
11613 : D8;
11614 : FC;
11615 : FC;
11616 : F8;
11617 : FC;
11618 : FC;
11619 : FC;
11620 : D8;
11621 : 00;
11622 : 00;
11623 : 6C;
11624 : FC;
11625 : D8;
11626 : D8;
11627 : D8;
11628 : D8;
11629 : FC;
11630 : FC;
11631 : 6C;
11632 : 00;
11633 : 00;
11634 : 00;
11635 : 00;
11636 : 00;
11637 : 00;
11638 : 00;
11639 : 00;
11640 : 00;
11641 : 00;
11642 : 00;
11643 : 00;
11644 : 00;
11645 : D8;
11646 : FC;
11647 : 6C;
11648 : 00;
11649 : 00;
11650 : 00;
11651 : 00;
11652 : B4;
11653 : FC;
11654 : B4;
11655 : 00;
11656 : 6C;
11657 : FC;
11658 : D8;
11659 : D8;
11660 : D8;
11661 : D8;
11662 : D8;
11663 : D8;
11664 : D8;
11665 : 90;
11666 : 00;
11667 : 90;
11668 : FC;
11669 : D8;
11670 : D8;
11671 : D8;
11672 : F8;
11673 : F8;
11674 : F8;
11675 : FC;
11676 : 48;
11677 : 24;
11678 : DC;
11679 : FC;
11680 : 48;
11681 : 00;
11682 : 00;
11683 : 00;
11684 : B4;
11685 : FC;
11686 : B4;
11687 : 24;
11688 : 00;
11689 : 00;
11690 : 00;
11691 : 00;
11692 : 6C;
11693 : FC;
11694 : D8;
11695 : 24;
11696 : 00;
11697 : 00;
11698 : 00;
11699 : 00;
11700 : 00;
11701 : 00;
11702 : 00;
11703 : 90;
11704 : FC;
11705 : 90;
11706 : 00;
11707 : 00;
11708 : 00;
11709 : 00;
11710 : 00;
11711 : 00;
11712 : 00;
11713 : 00;
11714 : 00;
11715 : 00;
11716 : 00;
11717 : 00;
11718 : 00;
11719 : 00;
11720 : 00;
11721 : 00;
11722 : 00;
11723 : 00;
11724 : 00;
11725 : 00;
11726 : 00;
11727 : 00;
11728 : 00;
11729 : 00;
11730 : 00;
11731 : 00;
11732 : 00;
11733 : 00;
11734 : 00;
11735 : 00;
11736 : 00;
11737 : 00;
11738 : 00;
11739 : 00;
11740 : 00;
11741 : 00;
11742 : 00;
11743 : 00;
11744 : 00;
11745 : 00;
11746 : 00;
11747 : 00;
11748 : 00;
11749 : 00;
11750 : 00;
11751 : 00;
11752 : 00;
11753 : 00;
11754 : 00;
11755 : 00;
11756 : 00;
11757 : 00;
11758 : 00;
11759 : 00;
11760 : 00;
11761 : 00;
11762 : 00;
11763 : 00;
11764 : 00;
11765 : 00;
11766 : 00;
11767 : 00;
11768 : 00;
11769 : 00;
11770 : 00;
11771 : 00;
11772 : 00;
11773 : 00;
11774 : 00;
11775 : 00;
11776 : 00;
11777 : 00;
11778 : 00;
11779 : 00;
11780 : 00;
11781 : 00;
11782 : 00;
11783 : 00;
11784 : 00;
11785 : 00;
11786 : 00;
11787 : 00;
11788 : 00;
11789 : 00;
11790 : 00;
11791 : 00;
11792 : 00;
11793 : 00;
11794 : 00;
11795 : 00;
11796 : 00;
11797 : 00;
11798 : 00;
11799 : 00;
11800 : 00;
11801 : 00;
11802 : 00;
11803 : 00;
11804 : 00;
11805 : 00;
11806 : 00;
11807 : 00;
11808 : 00;
11809 : 00;
11810 : 00;
11811 : 00;
11812 : 00;
11813 : 00;
11814 : 00;
11815 : 00;
11816 : 00;
11817 : 00;
11818 : 00;
11819 : 90;
11820 : FC;
11821 : B4;
11822 : 00;
11823 : 00;
11824 : 00;
11825 : 00;
11826 : 00;
11827 : 00;
11828 : 00;
11829 : 00;
11830 : 90;
11831 : FC;
11832 : DC;
11833 : FC;
11834 : FC;
11835 : FC;
11836 : FC;
11837 : D8;
11838 : FC;
11839 : 6C;
11840 : 00;
11841 : 00;
11842 : 24;
11843 : D8;
11844 : FC;
11845 : FC;
11846 : FC;
11847 : FC;
11848 : D8;
11849 : 24;
11850 : 00;
11851 : 00;
11852 : 00;
11853 : 48;
11854 : D8;
11855 : DC;
11856 : D8;
11857 : D8;
11858 : D8;
11859 : B4;
11860 : 24;
11861 : 00;
11862 : 00;
11863 : 6C;
11864 : FC;
11865 : D8;
11866 : FC;
11867 : DC;
11868 : D8;
11869 : D8;
11870 : 6C;
11871 : 00;
11872 : 00;
11873 : 00;
11874 : 00;
11875 : 00;
11876 : 00;
11877 : 00;
11878 : 00;
11879 : 00;
11880 : 00;
11881 : 00;
11882 : 00;
11883 : 00;
11884 : 00;
11885 : B4;
11886 : FC;
11887 : 6C;
11888 : 00;
11889 : 00;
11890 : 00;
11891 : 00;
11892 : 90;
11893 : FC;
11894 : 90;
11895 : 00;
11896 : 48;
11897 : FC;
11898 : D8;
11899 : D8;
11900 : D8;
11901 : D8;
11902 : D8;
11903 : D8;
11904 : FC;
11905 : 90;
11906 : 00;
11907 : 90;
11908 : FC;
11909 : D8;
11910 : D8;
11911 : D8;
11912 : D8;
11913 : D8;
11914 : D8;
11915 : D8;
11916 : 24;
11917 : 00;
11918 : D8;
11919 : D8;
11920 : 24;
11921 : 00;
11922 : 00;
11923 : 00;
11924 : 24;
11925 : D8;
11926 : DC;
11927 : 6C;
11928 : 00;
11929 : 00;
11930 : 00;
11931 : 00;
11932 : 6C;
11933 : D8;
11934 : B4;
11935 : 04;
11936 : 00;
11937 : 00;
11938 : 00;
11939 : 00;
11940 : 00;
11941 : 00;
11942 : 00;
11943 : 90;
11944 : FC;
11945 : 90;
11946 : 00;
11947 : 00;
11948 : 00;
11949 : 00;
11950 : 00;
11951 : 00;
11952 : 00;
11953 : 00;
11954 : 00;
11955 : 00;
11956 : 00;
11957 : 00;
11958 : 00;
11959 : 00;
11960 : 00;
11961 : 00;
11962 : 00;
11963 : 00;
11964 : 00;
11965 : 00;
11966 : 00;
11967 : 00;
11968 : 00;
11969 : 00;
11970 : 00;
11971 : 00;
11972 : 00;
11973 : 00;
11974 : 00;
11975 : 00;
11976 : 00;
11977 : 00;
11978 : 00;
11979 : 00;
11980 : 00;
11981 : 00;
11982 : 00;
11983 : 00;
11984 : 00;
11985 : 00;
11986 : 00;
11987 : 00;
11988 : 00;
11989 : 00;
11990 : 00;
11991 : 00;
11992 : 00;
11993 : 00;
11994 : 00;
11995 : 00;
11996 : 00;
11997 : 00;
11998 : 00;
11999 : 00;
12000 : 00;
12001 : 00;
12002 : 00;
12003 : 00;
12004 : 00;
12005 : 00;
12006 : 00;
12007 : 00;
12008 : 00;
12009 : 00;
12010 : 00;
12011 : 00;
12012 : 00;
12013 : 00;
12014 : 00;
12015 : 00;
12016 : 00;
12017 : 00;
12018 : 00;
12019 : 00;
12020 : 00;
12021 : 00;
12022 : 00;
12023 : 00;
12024 : 00;
12025 : 00;
12026 : 00;
12027 : 00;
12028 : 00;
12029 : 00;
12030 : 00;
12031 : 00;
12032 : 00;
12033 : 00;
12034 : 00;
12035 : 00;
12036 : 00;
12037 : 00;
12038 : 00;
12039 : 00;
12040 : 00;
12041 : 00;
12042 : 00;
12043 : 00;
12044 : 00;
12045 : 00;
12046 : 00;
12047 : 00;
12048 : 00;
12049 : 00;
12050 : 00;
12051 : 00;
12052 : 00;
12053 : 00;
12054 : 00;
12055 : 00;
12056 : 00;
12057 : 00;
12058 : 00;
12059 : 24;
12060 : 24;
12061 : 04;
12062 : 00;
12063 : 00;
12064 : 00;
12065 : 00;
12066 : 00;
12067 : 00;
12068 : 00;
12069 : 00;
12070 : 24;
12071 : 24;
12072 : 24;
12073 : 28;
12074 : 28;
12075 : 24;
12076 : 24;
12077 : 24;
12078 : 24;
12079 : 00;
12080 : 00;
12081 : 00;
12082 : 00;
12083 : 28;
12084 : 48;
12085 : 24;
12086 : 24;
12087 : 24;
12088 : 24;
12089 : 00;
12090 : 00;
12091 : 00;
12092 : 00;
12093 : 00;
12094 : 24;
12095 : 24;
12096 : 24;
12097 : 24;
12098 : 24;
12099 : 00;
12100 : 00;
12101 : 00;
12102 : 00;
12103 : 00;
12104 : 24;
12105 : 24;
12106 : 24;
12107 : 24;
12108 : 24;
12109 : 24;
12110 : 00;
12111 : 00;
12112 : 00;
12113 : 00;
12114 : 00;
12115 : 00;
12116 : 00;
12117 : 00;
12118 : 00;
12119 : 00;
12120 : 00;
12121 : 00;
12122 : 00;
12123 : 00;
12124 : 00;
12125 : 00;
12126 : 24;
12127 : 00;
12128 : 00;
12129 : 00;
12130 : 00;
12131 : 00;
12132 : 00;
12133 : 24;
12134 : 00;
12135 : 00;
12136 : 00;
12137 : 24;
12138 : 24;
12139 : 24;
12140 : 24;
12141 : 24;
12142 : 24;
12143 : 24;
12144 : 24;
12145 : 00;
12146 : 00;
12147 : 24;
12148 : 24;
12149 : 24;
12150 : 24;
12151 : 24;
12152 : 24;
12153 : 24;
12154 : 24;
12155 : 24;
12156 : 00;
12157 : 00;
12158 : 00;
12159 : 00;
12160 : 00;
12161 : 00;
12162 : 00;
12163 : 00;
12164 : 00;
12165 : 24;
12166 : 00;
12167 : 00;
12168 : 00;
12169 : 00;
12170 : 00;
12171 : 00;
12172 : 00;
12173 : 00;
12174 : 00;
12175 : 00;
12176 : 00;
12177 : 00;
12178 : 00;
12179 : 00;
12180 : 00;
12181 : 00;
12182 : 00;
12183 : 00;
12184 : 24;
12185 : 04;
12186 : 00;
12187 : 00;
12188 : 00;
12189 : 00;
12190 : 00;
12191 : 00;
12192 : 00;
12193 : 00;
12194 : 00;
12195 : 00;
12196 : 00;
12197 : 00;
12198 : 00;
12199 : 00;
12200 : 00;
12201 : 00;
12202 : 00;
12203 : 00;
12204 : 00;
12205 : 00;
12206 : 00;
12207 : 00;
12208 : 00;
12209 : 00;
12210 : 00;
12211 : 00;
12212 : 00;
12213 : 00;
12214 : 00;
12215 : 00;
12216 : 00;
12217 : 00;
12218 : 00;
12219 : 00;
12220 : 00;
12221 : 00;
12222 : 00;
12223 : 00;
12224 : 00;
12225 : 00;
12226 : 00;
12227 : 00;
12228 : 00;
12229 : 00;
12230 : 00;
12231 : 00;
12232 : 00;
12233 : 00;
12234 : 00;
12235 : 00;
12236 : 00;
12237 : 00;
12238 : 00;
12239 : 00;
12240 : 00;
12241 : 00;
12242 : 00;
12243 : 00;
12244 : 00;
12245 : 00;
12246 : 00;
12247 : 00;
12248 : 00;
12249 : 00;
12250 : 00;
12251 : 00;
12252 : 00;
12253 : 00;
12254 : 00;
12255 : 00;
12256 : 00;
12257 : 00;
12258 : 00;
12259 : 00;
12260 : 00;
12261 : 00;
12262 : 00;
12263 : 00;
12264 : 00;
12265 : 00;
12266 : 00;
12267 : 00;
12268 : 00;
12269 : 00;
12270 : 00;
12271 : 00;
12272 : 00;
12273 : 00;
12274 : 00;
12275 : 00;
12276 : 00;
12277 : 00;
12278 : 00;
12279 : 00;
12280 : 00;
12281 : 00;
12282 : 00;
12283 : 00;
12284 : 00;
12285 : 00;
12286 : 00;
12287 : 00;
12288 : 00;
12289 : 00;
12290 : 00;
12291 : 00;
12292 : 00;
12293 : 00;
12294 : 00;
12295 : 00;
12296 : 00;
12297 : 00;
12298 : 00;
12299 : 00;
12300 : 00;
12301 : 00;
12302 : 00;
12303 : 00;
12304 : 00;
12305 : 00;
12306 : 00;
12307 : 00;
12308 : 00;
12309 : 00;
12310 : 00;
12311 : 00;
12312 : 00;
12313 : 00;
12314 : 00;
12315 : 00;
12316 : 00;
12317 : 00;
12318 : 00;
12319 : 00;
12320 : 00;
12321 : 00;
12322 : 00;
12323 : 00;
12324 : 00;
12325 : 00;
12326 : 00;
12327 : 00;
12328 : 00;
12329 : 00;
12330 : 00;
12331 : 00;
12332 : 00;
12333 : 00;
12334 : 00;
12335 : 00;
12336 : 00;
12337 : 00;
12338 : 00;
12339 : 00;
12340 : 00;
12341 : 00;
12342 : 00;
12343 : 00;
12344 : 00;
12345 : 00;
12346 : 00;
12347 : 00;
12348 : 00;
12349 : 00;
12350 : 00;
12351 : 00;
12352 : 00;
12353 : 00;
12354 : 00;
12355 : 00;
12356 : 00;
12357 : 00;
12358 : 00;
12359 : 00;
12360 : 00;
12361 : 00;
12362 : 00;
12363 : 00;
12364 : 00;
12365 : 00;
12366 : 00;
12367 : 00;
12368 : 00;
12369 : 00;
12370 : 00;
12371 : 00;
12372 : 00;
12373 : 00;
12374 : 00;
12375 : 00;
12376 : 00;
12377 : 00;
12378 : 00;
12379 : 00;
12380 : 00;
12381 : 00;
12382 : 00;
12383 : 00;
12384 : 00;
12385 : 00;
12386 : 00;
12387 : 00;
12388 : 00;
12389 : 00;
12390 : 00;
12391 : 00;
12392 : 00;
12393 : 00;
12394 : 00;
12395 : 00;
12396 : 00;
12397 : 00;
12398 : 00;
12399 : 00;
12400 : 00;
12401 : 00;
12402 : 00;
12403 : 00;
12404 : 00;
12405 : 00;
12406 : 00;
12407 : 00;
12408 : 00;
12409 : 00;
12410 : 00;
12411 : 00;
12412 : 00;
12413 : 00;
12414 : 00;
12415 : 00;
12416 : 00;
12417 : 00;
12418 : 00;
12419 : 00;
12420 : 00;
12421 : 00;
12422 : 00;
12423 : 00;
12424 : 00;
12425 : 00;
12426 : 00;
12427 : 00;
12428 : 00;
12429 : 00;
12430 : 00;
12431 : 00;
12432 : 00;
12433 : 00;
12434 : 00;
12435 : 00;
12436 : 00;
12437 : 00;
12438 : 00;
12439 : 00;
12440 : 00;
12441 : 00;
12442 : 00;
12443 : 00;
12444 : 00;
12445 : 00;
12446 : 00;
12447 : 00;
12448 : 00;
12449 : 00;
12450 : 00;
12451 : 00;
12452 : 00;
12453 : 00;
12454 : 00;
12455 : 00;
12456 : 00;
12457 : 00;
12458 : 00;
12459 : 00;
12460 : 00;
12461 : 00;
12462 : 00;
12463 : 00;
12464 : 00;
12465 : 00;
12466 : 00;
12467 : 00;
12468 : 00;
12469 : 00;
12470 : 00;
12471 : 00;
12472 : 00;
12473 : 00;
12474 : 00;
12475 : 00;
12476 : 00;
12477 : 00;
12478 : 00;
12479 : 00;
12480 : 00;
12481 : 00;
12482 : 00;
12483 : 00;
12484 : 00;
12485 : 00;
12486 : 00;
12487 : 00;
12488 : 00;
12489 : 00;
12490 : 00;
12491 : 00;
12492 : 00;
12493 : 00;
12494 : 00;
12495 : 00;
12496 : 00;
12497 : 00;
12498 : 00;
12499 : 00;
12500 : 00;
12501 : 00;
12502 : 00;
12503 : 00;
12504 : 00;
12505 : 00;
12506 : 00;
12507 : 00;
12508 : 00;
12509 : 00;
12510 : 00;
12511 : 00;
12512 : 00;
12513 : 00;
12514 : 00;
12515 : 00;
12516 : 00;
12517 : 00;
12518 : 00;
12519 : 00;
12520 : 00;
12521 : 00;
12522 : 00;
12523 : 00;
12524 : 00;
12525 : 00;
12526 : 00;
12527 : 00;
12528 : 00;
12529 : 00;
12530 : 00;
12531 : 00;
12532 : 00;
12533 : 00;
12534 : 00;
12535 : 00;
12536 : 00;
12537 : 00;
12538 : 00;
12539 : 00;
12540 : 00;
12541 : 00;
12542 : 00;
12543 : 00;
12544 : 00;
12545 : 00;
12546 : 00;
12547 : 00;
12548 : 00;
12549 : 00;
12550 : 00;
12551 : 00;
12552 : 00;
12553 : 00;
12554 : 00;
12555 : 00;
12556 : 00;
12557 : 00;
12558 : 00;
12559 : 00;
12560 : 00;
12561 : 00;
12562 : 00;
12563 : 00;
12564 : 00;
12565 : 00;
12566 : 00;
12567 : 00;
12568 : 00;
12569 : 00;
12570 : 00;
12571 : 00;
12572 : 00;
12573 : 00;
12574 : 00;
12575 : 00;
12576 : 00;
12577 : 00;
12578 : 00;
12579 : 00;
12580 : 00;
12581 : 00;
12582 : 00;
12583 : 00;
12584 : 00;
12585 : 00;
12586 : 00;
12587 : 00;
12588 : 00;
12589 : 00;
12590 : 00;
12591 : 00;
12592 : 00;
12593 : 00;
12594 : 00;
12595 : 00;
12596 : 00;
12597 : 00;
12598 : 00;
12599 : 00;
12600 : 00;
12601 : 00;
12602 : 00;
12603 : 00;
12604 : 00;
12605 : 00;
12606 : 00;
12607 : 00;
12608 : 00;
12609 : 00;
12610 : 00;
12611 : 00;
12612 : 00;
12613 : 00;
12614 : 00;
12615 : 00;
12616 : 00;
12617 : 00;
12618 : 00;
12619 : 00;
12620 : 00;
12621 : 00;
12622 : 00;
12623 : 00;
12624 : 00;
12625 : 00;
12626 : 00;
12627 : 00;
12628 : 00;
12629 : 00;
12630 : 00;
12631 : 00;
12632 : 00;
12633 : 00;
12634 : 00;
12635 : 00;
12636 : 00;
12637 : 00;
12638 : 00;
12639 : 00;
12640 : 00;
12641 : 00;
12642 : 00;
12643 : 00;
12644 : 00;
12645 : 00;
12646 : 00;
12647 : 00;
12648 : 00;
12649 : 00;
12650 : 00;
12651 : 00;
12652 : 00;
12653 : 00;
12654 : 00;
12655 : 00;
12656 : 00;
12657 : 00;
12658 : 00;
12659 : 00;
12660 : 00;
12661 : 00;
12662 : 00;
12663 : 00;
12664 : 00;
12665 : 00;
12666 : 00;
12667 : 00;
12668 : 00;
12669 : 00;
12670 : 00;
12671 : 00;
12672 : 00;
12673 : 00;
12674 : 00;
12675 : 00;
12676 : 00;
12677 : 00;
12678 : 00;
12679 : 00;
12680 : 00;
12681 : 00;
12682 : 00;
12683 : 00;
12684 : 00;
12685 : 00;
12686 : 00;
12687 : 00;
12688 : 00;
12689 : 00;
12690 : 00;
12691 : 00;
12692 : 00;
12693 : 00;
12694 : 00;
12695 : 00;
12696 : 00;
12697 : 00;
12698 : 00;
12699 : 00;
12700 : 00;
12701 : 00;
12702 : 00;
12703 : 00;
12704 : 00;
12705 : 00;
12706 : 00;
12707 : 00;
12708 : 00;
12709 : 00;
12710 : 00;
12711 : 00;
12712 : 00;
12713 : 00;
12714 : 00;
12715 : 00;
12716 : 00;
12717 : 00;
12718 : 00;
12719 : 00;
12720 : 00;
12721 : 00;
12722 : 00;
12723 : 00;
12724 : 00;
12725 : 00;
12726 : 00;
12727 : 00;
12728 : 00;
12729 : 00;
12730 : 00;
12731 : 00;
12732 : 00;
12733 : 00;
12734 : 00;
12735 : 00;
12736 : 00;
12737 : 00;
12738 : 00;
12739 : 00;
12740 : 00;
12741 : 00;
12742 : 00;
12743 : 00;
12744 : 00;
12745 : 00;
12746 : 00;
12747 : 00;
12748 : 00;
12749 : 00;
12750 : 00;
12751 : 00;
12752 : 00;
12753 : 00;
12754 : 00;
12755 : 00;
12756 : 00;
12757 : 00;
12758 : 00;
12759 : 00;
12760 : 00;
12761 : 00;
12762 : 00;
12763 : 00;
12764 : 00;
12765 : 00;
12766 : 00;
12767 : 00;
12768 : 00;
12769 : 00;
12770 : 00;
12771 : 00;
12772 : 00;
12773 : 00;
12774 : 00;
12775 : 00;
12776 : 00;
12777 : 00;
12778 : 00;
12779 : 00;
12780 : 00;
12781 : 00;
12782 : 00;
12783 : 00;
12784 : 00;
12785 : 00;
12786 : 00;
12787 : 00;
12788 : 00;
12789 : 00;
12790 : 00;
12791 : 00;
12792 : 00;
12793 : 00;
12794 : 00;
12795 : 00;
12796 : 00;
12797 : 00;
12798 : 00;
12799 : 00;
12800 : 00;
12801 : 00;
12802 : 00;
12803 : 00;
12804 : 00;
12805 : 00;
12806 : 00;
12807 : 00;
12808 : 00;
12809 : 00;
12810 : 00;
12811 : 00;
12812 : 00;
12813 : 00;
12814 : 00;
12815 : 00;
12816 : 00;
12817 : 00;
12818 : 00;
12819 : 00;
12820 : 00;
12821 : 00;
12822 : 00;
12823 : 00;
12824 : 00;
12825 : 00;
12826 : 00;
12827 : 00;
12828 : 00;
12829 : 00;
12830 : 00;
12831 : 00;
12832 : 00;
12833 : 00;
12834 : 00;
12835 : 00;
12836 : 00;
12837 : 00;
12838 : 00;
12839 : 00;
12840 : 00;
12841 : 00;
12842 : 00;
12843 : 00;
12844 : 00;
12845 : 00;
12846 : 00;
12847 : 00;
12848 : 00;
12849 : 00;
12850 : 00;
12851 : 00;
12852 : 00;
12853 : 00;
12854 : 00;
12855 : 00;
12856 : 00;
12857 : 00;
12858 : 00;
12859 : 00;
12860 : 00;
12861 : 00;
12862 : 00;
12863 : 00;
12864 : 00;
12865 : 00;
12866 : 00;
12867 : 00;
12868 : 00;
12869 : 00;
12870 : 00;
12871 : 00;
12872 : 00;
12873 : 00;
12874 : 00;
12875 : 00;
12876 : 00;
12877 : 00;
12878 : 00;
12879 : 00;
12880 : 00;
12881 : 00;
12882 : 00;
12883 : 00;
12884 : 00;
12885 : 00;
12886 : 00;
12887 : 00;
12888 : 00;
12889 : 00;
12890 : 00;
12891 : 00;
12892 : 00;
12893 : 00;
12894 : 00;
12895 : 00;
12896 : 00;
12897 : 00;
12898 : 00;
12899 : 00;
12900 : 00;
12901 : 00;
12902 : 00;
12903 : 00;
12904 : 00;
12905 : 00;
12906 : 00;
12907 : 00;
12908 : 00;
12909 : 00;
12910 : 00;
12911 : 00;
12912 : 00;
12913 : 00;
12914 : 00;
12915 : 00;
12916 : 00;
12917 : 00;
12918 : 00;
12919 : 00;
12920 : 00;
12921 : 00;
12922 : 00;
12923 : 00;
12924 : 00;
12925 : 00;
12926 : 00;
12927 : 00;
12928 : 00;
12929 : 00;
12930 : 00;
12931 : 00;
12932 : 00;
12933 : 00;
12934 : 00;
12935 : 00;
12936 : 00;
12937 : 00;
12938 : 00;
12939 : 00;
12940 : 00;
12941 : 00;
12942 : 00;
12943 : 00;
12944 : 00;
12945 : 00;
12946 : 00;
12947 : 00;
12948 : 00;
12949 : 00;
12950 : 00;
12951 : 00;
12952 : 00;
12953 : 00;
12954 : 00;
12955 : 00;
12956 : 00;
12957 : 00;
12958 : 00;
12959 : 00;
12960 : 00;
12961 : 00;
12962 : 00;
12963 : 00;
12964 : 00;
12965 : 00;
12966 : 00;
12967 : 00;
12968 : 00;
12969 : 00;
12970 : 00;
12971 : 00;
12972 : 00;
12973 : 00;
12974 : 00;
12975 : 00;
12976 : 00;
12977 : 00;
12978 : 00;
12979 : 00;
12980 : 00;
12981 : 00;
12982 : 00;
12983 : 00;
12984 : 00;
12985 : 00;
12986 : 00;
12987 : 00;
12988 : 00;
12989 : 00;
12990 : 00;
12991 : 00;
12992 : 00;
12993 : 00;
12994 : 00;
12995 : 00;
12996 : 00;
12997 : 00;
12998 : 00;
12999 : 00;
13000 : 00;
13001 : 00;
13002 : 00;
13003 : 00;
13004 : 00;
13005 : 00;
13006 : 00;
13007 : 00;
13008 : 00;
13009 : 00;
13010 : 00;
13011 : 00;
13012 : 00;
13013 : 00;
13014 : 00;
13015 : 00;
13016 : 00;
13017 : 00;
13018 : 00;
13019 : 00;
13020 : 00;
13021 : 00;
13022 : 00;
13023 : 00;
13024 : 00;
13025 : 00;
13026 : 00;
13027 : 00;
13028 : 00;
13029 : 00;
13030 : 00;
13031 : 00;
13032 : 00;
13033 : 00;
13034 : 00;
13035 : 00;
13036 : 00;
13037 : 00;
13038 : 00;
13039 : 00;
13040 : 00;
13041 : 00;
13042 : 00;
13043 : 00;
13044 : 00;
13045 : 00;
13046 : 00;
13047 : 00;
13048 : 00;
13049 : 00;
13050 : 00;
13051 : 00;
13052 : 00;
13053 : 00;
13054 : 00;
13055 : 00;
13056 : 00;
13057 : 00;
13058 : 00;
13059 : 00;
13060 : 00;
13061 : 00;
13062 : 00;
13063 : 00;
13064 : 00;
13065 : 00;
13066 : 00;
13067 : 00;
13068 : 00;
13069 : 00;
13070 : 00;
13071 : 00;
13072 : 00;
13073 : 00;
13074 : 00;
13075 : 00;
13076 : 00;
13077 : 00;
13078 : 00;
13079 : 00;
13080 : 00;
13081 : 00;
13082 : 00;
13083 : 00;
13084 : 00;
13085 : 00;
13086 : 00;
13087 : 00;
13088 : 00;
13089 : 00;
13090 : 00;
13091 : 00;
13092 : 00;
13093 : 00;
13094 : 00;
13095 : 00;
13096 : 00;
13097 : 00;
13098 : 00;
13099 : 00;
13100 : 00;
13101 : 00;
13102 : 00;
13103 : 00;
13104 : 00;
13105 : 00;
13106 : 00;
13107 : 00;
13108 : 00;
13109 : 00;
13110 : 00;
13111 : 00;
13112 : 00;
13113 : 00;
13114 : 00;
13115 : 00;
13116 : 00;
13117 : 00;
13118 : 00;
13119 : 00;
13120 : 00;
13121 : 00;
13122 : 00;
13123 : 00;
13124 : 00;
13125 : 00;
13126 : 00;
13127 : 00;
13128 : 00;
13129 : 00;
13130 : 00;
13131 : 00;
13132 : 00;
13133 : 00;
13134 : 00;
13135 : 00;
13136 : 00;
13137 : 00;
13138 : 00;
13139 : 00;
13140 : 00;
13141 : 00;
13142 : 00;
13143 : 00;
13144 : 00;
13145 : 00;
13146 : 00;
13147 : 00;
13148 : 00;
13149 : 00;
13150 : 00;
13151 : 00;
13152 : 00;
13153 : 00;
13154 : 00;
13155 : 00;
13156 : 00;
13157 : 00;
13158 : 00;
13159 : 00;
13160 : 00;
13161 : 00;
13162 : 00;
13163 : 00;
13164 : 00;
13165 : 00;
13166 : 00;
13167 : 00;
13168 : 00;
13169 : 00;
13170 : 00;
13171 : 00;
13172 : 00;
13173 : 00;
13174 : 00;
13175 : 00;
13176 : 00;
13177 : 00;
13178 : 00;
13179 : 00;
13180 : 00;
13181 : 00;
13182 : 00;
13183 : 00;
13184 : 00;
13185 : 00;
13186 : 00;
13187 : 00;
13188 : 00;
13189 : 00;
13190 : 00;
13191 : 00;
13192 : 00;
13193 : 00;
13194 : 00;
13195 : 00;
13196 : 00;
13197 : 00;
13198 : 00;
13199 : 00;
13200 : 00;
13201 : 00;
13202 : 00;
13203 : 00;
13204 : 00;
13205 : 00;
13206 : 00;
13207 : 00;
13208 : 00;
13209 : 00;
13210 : 00;
13211 : 00;
13212 : 00;
13213 : 00;
13214 : 00;
13215 : 00;
13216 : 00;
13217 : 00;
13218 : 00;
13219 : 00;
13220 : 00;
13221 : 00;
13222 : 00;
13223 : 00;
13224 : 00;
13225 : 00;
13226 : 00;
13227 : 00;
13228 : 00;
13229 : 00;
13230 : 00;
13231 : 00;
13232 : 00;
13233 : 00;
13234 : 00;
13235 : 00;
13236 : 00;
13237 : 00;
13238 : 00;
13239 : 00;
13240 : 00;
13241 : 00;
13242 : 00;
13243 : 00;
13244 : 00;
13245 : 00;
13246 : 00;
13247 : 00;
13248 : 00;
13249 : 00;
13250 : 00;
13251 : 00;
13252 : 00;
13253 : 00;
13254 : 00;
13255 : 00;
13256 : 00;
13257 : 00;
13258 : 00;
13259 : 00;
13260 : 00;
13261 : 00;
13262 : 00;
13263 : 00;
13264 : 00;
13265 : 00;
13266 : 00;
13267 : 00;
13268 : 00;
13269 : 00;
13270 : 00;
13271 : 00;
13272 : 00;
13273 : 00;
13274 : 00;
13275 : 00;
13276 : 00;
13277 : 00;
13278 : 00;
13279 : 00;
13280 : 00;
13281 : 00;
13282 : 00;
13283 : 00;
13284 : 00;
13285 : 00;
13286 : 00;
13287 : 00;
13288 : 00;
13289 : 00;
13290 : 00;
13291 : 00;
13292 : 00;
13293 : 00;
13294 : 00;
13295 : 00;
13296 : 00;
13297 : 00;
13298 : 00;
13299 : 00;
13300 : 00;
13301 : 00;
13302 : 00;
13303 : 00;
13304 : 00;
13305 : 00;
13306 : 00;
13307 : 00;
13308 : 00;
13309 : 00;
13310 : 00;
13311 : 00;
13312 : 00;
13313 : 00;
13314 : 00;
13315 : 00;
13316 : 00;
13317 : 00;
13318 : 00;
13319 : 00;
13320 : 00;
13321 : 00;
13322 : 00;
13323 : 00;
13324 : 00;
13325 : 00;
13326 : 00;
13327 : 00;
13328 : 00;
13329 : 00;
13330 : 00;
13331 : 00;
13332 : 00;
13333 : 00;
13334 : 00;
13335 : 00;
13336 : 00;
13337 : 00;
13338 : 00;
13339 : 00;
13340 : 00;
13341 : 00;
13342 : 00;
13343 : 00;
13344 : 00;
13345 : 00;
13346 : 00;
13347 : 00;
13348 : 00;
13349 : 00;
13350 : 00;
13351 : 00;
13352 : 00;
13353 : 00;
13354 : 00;
13355 : 00;
13356 : 00;
13357 : 00;
13358 : 00;
13359 : 00;
13360 : 00;
13361 : 00;
13362 : 00;
13363 : 00;
13364 : 00;
13365 : 00;
13366 : 00;
13367 : 00;
13368 : 00;
13369 : 00;
13370 : 00;
13371 : 00;
13372 : 00;
13373 : 00;
13374 : 00;
13375 : 00;
13376 : 00;
13377 : 00;
13378 : 00;
13379 : 00;
13380 : 00;
13381 : 00;
13382 : 00;
13383 : 00;
13384 : 00;
13385 : 00;
13386 : 00;
13387 : 00;
13388 : 00;
13389 : 00;
13390 : 00;
13391 : 00;
13392 : 00;
13393 : 00;
13394 : 00;
13395 : 00;
13396 : 00;
13397 : 00;
13398 : 00;
13399 : 00;
13400 : 00;
13401 : 00;
13402 : 00;
13403 : 00;
13404 : 00;
13405 : 00;
13406 : 00;
13407 : 00;
13408 : 00;
13409 : 00;
13410 : 00;
13411 : 00;
13412 : 00;
13413 : 00;
13414 : 00;
13415 : 00;
13416 : 00;
13417 : 00;
13418 : 00;
13419 : 00;
13420 : 00;
13421 : 00;
13422 : 00;
13423 : 00;
13424 : 00;
13425 : 00;
13426 : 00;
13427 : 00;
13428 : 00;
13429 : 00;
13430 : 00;
13431 : 00;
13432 : 00;
13433 : 00;
13434 : 00;
13435 : 00;
13436 : 00;
13437 : 00;
13438 : 00;
13439 : 00;
13440 : 00;
13441 : 00;
13442 : 00;
13443 : 00;
13444 : 00;
13445 : 00;
13446 : 00;
13447 : 00;
13448 : 00;
13449 : 00;
13450 : 00;
13451 : 00;
13452 : 00;
13453 : 00;
13454 : 00;
13455 : 00;
13456 : 00;
13457 : 00;
13458 : 00;
13459 : 00;
13460 : 00;
13461 : 00;
13462 : 00;
13463 : 00;
13464 : 00;
13465 : 00;
13466 : 00;
13467 : 00;
13468 : 00;
13469 : 00;
13470 : 00;
13471 : 00;
13472 : 00;
13473 : 00;
13474 : 00;
13475 : 00;
13476 : 00;
13477 : 00;
13478 : 00;
13479 : 00;
13480 : 00;
13481 : 00;
13482 : 00;
13483 : 00;
13484 : 00;
13485 : 00;
13486 : 00;
13487 : 00;
13488 : 00;
13489 : 00;
13490 : 00;
13491 : 00;
13492 : 00;
13493 : 00;
13494 : 00;
13495 : 00;
13496 : 00;
13497 : 00;
13498 : 00;
13499 : 00;
13500 : 00;
13501 : 00;
13502 : 00;
13503 : 00;
13504 : 00;
13505 : 00;
13506 : 00;
13507 : 00;
13508 : 00;
13509 : 00;
13510 : 00;
13511 : 00;
13512 : 00;
13513 : 00;
13514 : 00;
13515 : 00;
13516 : 00;
13517 : 00;
13518 : 00;
13519 : 00;
13520 : 00;
13521 : 00;
13522 : 00;
13523 : 00;
13524 : 00;
13525 : 00;
13526 : 00;
13527 : 00;
13528 : 00;
13529 : 00;
13530 : 00;
13531 : 00;
13532 : 00;
13533 : 00;
13534 : 00;
13535 : 00;
13536 : 00;
13537 : 00;
13538 : 00;
13539 : 00;
13540 : 00;
13541 : 00;
13542 : 00;
13543 : 00;
13544 : 00;
13545 : 00;
13546 : 00;
13547 : 00;
13548 : 00;
13549 : 00;
13550 : 00;
13551 : 00;
13552 : 00;
13553 : 00;
13554 : 00;
13555 : 00;
13556 : 00;
13557 : 00;
13558 : 00;
13559 : 00;
13560 : 00;
13561 : 00;
13562 : 00;
13563 : 00;
13564 : 00;
13565 : 00;
13566 : 00;
13567 : 00;
13568 : 00;
13569 : 00;
13570 : 00;
13571 : 00;
13572 : 00;
13573 : 00;
13574 : 00;
13575 : 00;
13576 : 00;
13577 : 00;
13578 : 00;
13579 : 00;
13580 : 00;
13581 : 00;
13582 : 00;
13583 : 00;
13584 : 00;
13585 : 00;
13586 : 00;
13587 : 00;
13588 : 00;
13589 : 00;
13590 : 00;
13591 : 00;
13592 : 00;
13593 : 00;
13594 : 00;
13595 : 00;
13596 : 00;
13597 : 00;
13598 : 00;
13599 : 00;
13600 : 00;
13601 : 00;
13602 : 00;
13603 : 00;
13604 : 00;
13605 : 00;
13606 : 00;
13607 : 00;
13608 : 00;
13609 : 00;
13610 : 00;
13611 : 00;
13612 : 00;
13613 : 00;
13614 : 00;
13615 : 00;
13616 : 00;
13617 : 00;
13618 : 00;
13619 : 00;
13620 : 00;
13621 : 00;
13622 : 00;
13623 : 00;
13624 : 00;
13625 : 00;
13626 : 00;
13627 : 00;
13628 : 00;
13629 : 00;
13630 : 00;
13631 : 00;
13632 : 00;
13633 : 00;
13634 : 00;
13635 : 00;
13636 : 00;
13637 : 00;
13638 : 00;
13639 : 00;
13640 : 00;
13641 : 00;
13642 : 00;
13643 : 00;
13644 : 00;
13645 : 00;
13646 : 00;
13647 : 00;
13648 : 00;
13649 : 00;
13650 : 00;
13651 : 00;
13652 : 00;
13653 : 00;
13654 : 00;
13655 : 00;
13656 : 00;
13657 : 00;
13658 : 00;
13659 : 00;
13660 : 00;
13661 : 00;
13662 : 00;
13663 : 00;
13664 : 00;
13665 : 00;
13666 : 00;
13667 : 00;
13668 : 00;
13669 : 00;
13670 : 00;
13671 : 00;
13672 : 00;
13673 : 00;
13674 : 00;
13675 : 00;
13676 : 00;
13677 : 00;
13678 : 00;
13679 : 00;
13680 : 00;
13681 : 00;
13682 : 00;
13683 : 00;
13684 : 00;
13685 : 00;
13686 : 00;
13687 : 00;
13688 : 00;
13689 : 00;
13690 : 00;
13691 : 00;
13692 : 00;
13693 : 00;
13694 : 00;
13695 : 00;
13696 : 00;
13697 : 00;
13698 : 00;
13699 : 00;
13700 : 00;
13701 : 00;
13702 : 00;
13703 : 00;
13704 : 00;
13705 : 00;
13706 : 00;
13707 : 00;
13708 : 00;
13709 : 00;
13710 : 00;
13711 : 00;
13712 : 00;
13713 : 00;
13714 : 00;
13715 : 00;
13716 : 00;
13717 : 00;
13718 : 00;
13719 : 00;
13720 : 00;
13721 : 00;
13722 : 00;
13723 : 00;
13724 : 00;
13725 : 00;
13726 : 00;
13727 : 00;
13728 : 00;
13729 : 00;
13730 : 00;
13731 : 00;
13732 : 00;
13733 : 00;
13734 : 00;
13735 : 00;
13736 : 00;
13737 : 00;
13738 : 00;
13739 : 00;
13740 : 00;
13741 : 00;
13742 : 00;
13743 : 00;
13744 : 00;
13745 : 00;
13746 : 00;
13747 : 00;
13748 : 00;
13749 : 00;
13750 : 00;
13751 : 00;
13752 : 00;
13753 : 00;
13754 : 00;
13755 : 00;
13756 : 00;
13757 : 00;
13758 : 00;
13759 : 00;
13760 : 00;
13761 : 00;
13762 : 00;
13763 : 00;
13764 : 00;
13765 : 00;
13766 : 00;
13767 : 00;
13768 : 00;
13769 : 00;
13770 : 00;
13771 : 00;
13772 : 00;
13773 : 00;
13774 : 00;
13775 : 00;
13776 : 00;
13777 : 00;
13778 : 00;
13779 : 00;
13780 : 00;
13781 : 00;
13782 : 00;
13783 : 00;
13784 : 00;
13785 : 00;
13786 : 00;
13787 : 00;
13788 : 00;
13789 : 00;
13790 : 00;
13791 : 00;
13792 : 00;
13793 : 00;
13794 : 00;
13795 : 00;
13796 : 00;
13797 : 00;
13798 : 00;
13799 : 00;
13800 : 00;
13801 : 00;
13802 : 00;
13803 : 00;
13804 : 00;
13805 : 00;
13806 : 00;
13807 : 00;
13808 : 00;
13809 : 00;
13810 : 00;
13811 : 00;
13812 : 00;
13813 : 00;
13814 : 00;
13815 : 00;
13816 : 00;
13817 : 00;
13818 : 00;
13819 : 00;
13820 : 00;
13821 : 00;
13822 : 00;
13823 : 00;
13824 : 00;
13825 : 00;
13826 : 00;
13827 : 00;
13828 : 00;
13829 : 00;
13830 : 00;
13831 : 00;
13832 : 00;
13833 : 00;
13834 : 00;
13835 : 00;
13836 : 00;
13837 : 00;
13838 : 00;
13839 : 00;
13840 : 00;
13841 : 00;
13842 : 00;
13843 : 00;
13844 : 00;
13845 : 00;
13846 : 00;
13847 : 00;
13848 : 00;
13849 : 00;
13850 : 00;
13851 : 00;
13852 : 00;
13853 : 00;
13854 : 00;
13855 : 00;
13856 : 00;
13857 : 00;
13858 : 00;
13859 : 00;
13860 : 00;
13861 : 00;
13862 : 00;
13863 : 00;
13864 : 00;
13865 : 00;
13866 : 00;
13867 : 00;
13868 : 00;
13869 : 00;
13870 : 00;
13871 : 00;
13872 : 00;
13873 : 00;
13874 : 00;
13875 : 00;
13876 : 00;
13877 : 00;
13878 : 00;
13879 : 00;
13880 : 00;
13881 : 00;
13882 : 00;
13883 : 00;
13884 : 00;
13885 : 00;
13886 : 00;
13887 : 00;
13888 : 00;
13889 : 00;
13890 : 00;
13891 : 00;
13892 : 00;
13893 : 00;
13894 : 00;
13895 : 00;
13896 : 00;
13897 : 00;
13898 : 00;
13899 : 00;
13900 : 00;
13901 : 00;
13902 : 00;
13903 : 00;
13904 : 00;
13905 : 00;
13906 : 00;
13907 : 00;
13908 : 00;
13909 : 00;
13910 : 00;
13911 : 00;
13912 : 00;
13913 : 00;
13914 : 00;
13915 : 00;
13916 : 00;
13917 : 00;
13918 : 00;
13919 : 00;
13920 : 00;
13921 : 00;
13922 : 00;
13923 : 00;
13924 : 00;
13925 : 00;
13926 : 00;
13927 : 00;
13928 : 00;
13929 : 00;
13930 : 00;
13931 : 00;
13932 : 00;
13933 : 00;
13934 : 00;
13935 : 00;
13936 : 00;
13937 : 00;
13938 : 00;
13939 : 00;
13940 : 00;
13941 : 00;
13942 : 00;
13943 : 00;
13944 : 00;
13945 : 00;
13946 : 00;
13947 : 00;
13948 : 00;
13949 : 00;
13950 : 00;
13951 : 00;
13952 : 00;
13953 : 00;
13954 : 00;
13955 : 00;
13956 : 00;
13957 : 00;
13958 : 00;
13959 : 00;
13960 : 00;
13961 : 00;
13962 : 00;
13963 : 00;
13964 : 00;
13965 : 00;
13966 : 00;
13967 : 00;
13968 : 00;
13969 : 00;
13970 : 00;
13971 : 00;
13972 : 00;
13973 : 00;
13974 : 00;
13975 : 00;
13976 : 00;
13977 : 00;
13978 : 00;
13979 : 00;
13980 : 00;
13981 : 00;
13982 : 00;
13983 : 00;
13984 : 00;
13985 : 00;
13986 : 00;
13987 : 00;
13988 : 00;
13989 : 00;
13990 : 00;
13991 : 00;
13992 : 00;
13993 : 00;
13994 : 00;
13995 : 00;
13996 : 00;
13997 : 00;
13998 : 00;
13999 : 00;
14000 : 00;
14001 : 00;
14002 : 00;
14003 : 00;
14004 : 00;
14005 : 00;
14006 : 00;
14007 : 00;
14008 : 00;
14009 : 00;
14010 : 00;
14011 : 00;
14012 : 00;
14013 : 00;
14014 : 00;
14015 : 00;
14016 : 00;
14017 : 00;
14018 : 00;
14019 : 00;
14020 : 00;
14021 : 00;
14022 : 00;
14023 : 00;
14024 : 00;
14025 : 00;
14026 : 00;
14027 : 00;
14028 : 00;
14029 : 00;
14030 : 00;
14031 : 00;
14032 : 00;
14033 : 00;
14034 : 00;
14035 : 00;
14036 : 00;
14037 : 00;
14038 : 00;
14039 : 00;
14040 : 00;
14041 : 00;
14042 : 00;
14043 : 00;
14044 : 00;
14045 : 00;
14046 : 00;
14047 : 00;
14048 : 00;
14049 : 00;
14050 : 00;
14051 : 00;
14052 : 00;
14053 : 00;
14054 : 00;
14055 : 00;
14056 : 00;
14057 : 00;
14058 : 00;
14059 : 00;
14060 : 00;
14061 : 00;
14062 : 00;
14063 : 00;
14064 : 00;
14065 : 00;
14066 : 00;
14067 : 00;
14068 : 00;
14069 : 00;
14070 : 00;
14071 : 00;
14072 : 00;
14073 : 00;
14074 : 00;
14075 : 00;
14076 : 00;
14077 : 00;
14078 : 00;
14079 : 00;
14080 : 00;
14081 : 00;
14082 : 00;
14083 : 00;
14084 : 00;
14085 : 00;
14086 : 00;
14087 : 00;
14088 : 00;
14089 : 00;
14090 : 00;
14091 : 00;
14092 : 00;
14093 : 00;
14094 : 00;
14095 : 00;
14096 : 00;
14097 : 00;
14098 : 00;
14099 : 00;
14100 : 00;
14101 : 00;
14102 : 00;
14103 : 00;
14104 : 00;
14105 : 00;
14106 : 00;
14107 : 00;
14108 : 00;
14109 : 00;
14110 : 00;
14111 : 00;
14112 : 00;
14113 : 00;
14114 : 00;
14115 : 00;
14116 : 00;
14117 : 00;
14118 : 00;
14119 : 00;
14120 : 00;
14121 : 00;
14122 : 00;
14123 : 00;
14124 : 00;
14125 : 00;
14126 : 00;
14127 : 00;
14128 : 00;
14129 : 00;
14130 : 00;
14131 : 00;
14132 : 00;
14133 : 00;
14134 : 00;
14135 : 00;
14136 : 00;
14137 : 00;
14138 : 00;
14139 : 00;
14140 : 00;
14141 : 00;
14142 : 00;
14143 : 00;
14144 : 00;
14145 : 00;
14146 : 00;
14147 : 00;
14148 : 00;
14149 : 00;
14150 : 00;
14151 : 00;
14152 : 00;
14153 : 00;
14154 : 00;
14155 : 00;
14156 : 00;
14157 : 00;
14158 : 00;
14159 : 00;
14160 : 00;
14161 : 00;
14162 : 00;
14163 : 00;
14164 : 00;
14165 : 00;
14166 : 00;
14167 : 00;
14168 : 00;
14169 : 00;
14170 : 00;
14171 : 00;
14172 : 00;
14173 : 00;
14174 : 00;
14175 : 00;
14176 : 00;
14177 : 00;
14178 : 00;
14179 : 00;
14180 : 00;
14181 : 00;
14182 : 00;
14183 : 00;
14184 : 00;
14185 : 00;
14186 : 00;
14187 : 00;
14188 : 00;
14189 : 00;
14190 : 00;
14191 : 00;
14192 : 00;
14193 : 00;
14194 : 00;
14195 : 00;
14196 : 00;
14197 : 00;
14198 : 00;
14199 : 00;
14200 : 00;
14201 : 00;
14202 : 00;
14203 : 00;
14204 : 00;
14205 : 00;
14206 : 00;
14207 : 00;
14208 : 00;
14209 : 00;
14210 : 00;
14211 : 00;
14212 : 00;
14213 : 00;
14214 : 00;
14215 : 00;
14216 : 00;
14217 : 00;
14218 : 00;
14219 : 00;
14220 : 00;
14221 : 00;
14222 : 00;
14223 : 00;
14224 : 00;
14225 : 00;
14226 : 00;
14227 : 00;
14228 : 00;
14229 : 00;
14230 : 00;
14231 : 00;
14232 : 00;
14233 : 00;
14234 : 00;
14235 : 00;
14236 : 00;
14237 : 00;
14238 : 00;
14239 : 00;
14240 : 00;
14241 : 00;
14242 : 00;
14243 : 00;
14244 : 00;
14245 : 00;
14246 : 00;
14247 : 00;
14248 : 00;
14249 : 00;
14250 : 00;
14251 : 00;
14252 : 00;
14253 : 00;
14254 : 00;
14255 : 00;
14256 : 00;
14257 : 00;
14258 : 00;
14259 : 00;
14260 : 00;
14261 : 00;
14262 : 00;
14263 : 00;
14264 : 00;
14265 : 00;
14266 : 00;
14267 : 00;
14268 : 00;
14269 : 00;
14270 : 00;
14271 : 00;
14272 : 00;
14273 : 00;
14274 : 00;
14275 : 00;
14276 : 00;
14277 : 00;
14278 : 00;
14279 : 00;
14280 : 00;
14281 : 00;
14282 : 00;
14283 : 00;
14284 : 00;
14285 : 00;
14286 : 00;
14287 : 00;
14288 : 00;
14289 : 00;
14290 : 00;
14291 : 00;
14292 : 00;
14293 : 00;
14294 : 00;
14295 : 00;
14296 : 00;
14297 : 00;
14298 : 00;
14299 : 00;
14300 : 00;
14301 : 00;
14302 : 00;
14303 : 00;
14304 : 00;
14305 : 00;
14306 : 00;
14307 : 00;
14308 : 00;
14309 : 00;
14310 : 00;
14311 : 00;
14312 : 00;
14313 : 00;
14314 : 00;
14315 : 00;
14316 : 00;
14317 : 00;
14318 : 00;
14319 : 00;
14320 : 00;
14321 : 00;
14322 : 00;
14323 : 00;
14324 : 00;
14325 : 00;
14326 : 00;
14327 : 00;
14328 : 00;
14329 : 00;
14330 : 00;
14331 : 00;
14332 : 00;
14333 : 00;
14334 : 00;
14335 : 00;
14336 : 00;
14337 : 00;
14338 : 00;
14339 : 00;
14340 : 00;
14341 : 00;
14342 : 00;
14343 : 00;
14344 : 00;
14345 : 00;
14346 : 00;
14347 : 00;
14348 : 00;
14349 : 00;
14350 : 00;
14351 : 00;
14352 : 00;
14353 : 00;
14354 : 00;
14355 : 00;
14356 : 00;
14357 : 00;
14358 : 00;
14359 : 00;
14360 : 00;
14361 : 00;
14362 : 00;
14363 : 00;
14364 : 00;
14365 : 00;
14366 : 00;
14367 : 00;
14368 : 00;
14369 : 00;
14370 : 00;
14371 : 00;
14372 : 00;
14373 : 00;
14374 : 00;
14375 : 00;
14376 : 00;
14377 : 00;
14378 : 00;
14379 : 00;
14380 : 00;
14381 : 00;
14382 : 00;
14383 : 00;
14384 : 00;
14385 : 00;
14386 : 00;
14387 : 00;
14388 : 00;
14389 : 00;
14390 : 00;
14391 : 00;
14392 : 00;
14393 : 00;
14394 : 00;
14395 : 00;
14396 : 00;
14397 : 00;
14398 : 00;
14399 : 00;
14400 : 00;
14401 : 00;
14402 : 00;
14403 : 00;
14404 : 00;
14405 : 00;
14406 : 00;
14407 : 00;
14408 : 00;
14409 : 00;
14410 : 00;
14411 : 00;
14412 : 00;
14413 : 00;
14414 : 00;
14415 : 00;
14416 : 00;
14417 : 00;
14418 : 00;
14419 : 00;
14420 : 00;
14421 : 00;
14422 : 00;
14423 : 00;
14424 : 00;
14425 : 00;
14426 : 00;
14427 : 00;
14428 : 00;
14429 : 00;
14430 : 00;
14431 : 00;
14432 : 00;
14433 : 00;
14434 : 00;
14435 : 00;
14436 : 00;
14437 : 00;
14438 : 00;
14439 : 00;
14440 : 00;
14441 : 00;
14442 : 00;
14443 : 00;
14444 : 00;
14445 : 00;
14446 : 00;
14447 : 00;
14448 : 00;
14449 : 00;
14450 : 00;
14451 : 00;
14452 : 00;
14453 : 00;
14454 : 00;
14455 : 00;
14456 : 00;
14457 : 00;
14458 : 00;
14459 : 00;
14460 : 00;
14461 : 00;
14462 : 00;
14463 : 00;
14464 : 00;
14465 : 00;
14466 : 00;
14467 : 00;
14468 : 00;
14469 : 00;
14470 : 00;
14471 : 00;
14472 : 00;
14473 : 00;
14474 : 00;
14475 : 00;
14476 : 00;
14477 : 00;
14478 : 00;
14479 : 00;
14480 : 00;
14481 : 00;
14482 : 00;
14483 : 00;
14484 : 00;
14485 : 00;
14486 : 00;
14487 : 00;
14488 : 00;
14489 : 00;
14490 : 00;
14491 : 00;
14492 : 00;
14493 : 00;
14494 : 00;
14495 : 00;
14496 : 00;
14497 : 00;
14498 : 00;
14499 : 00;
14500 : 00;
14501 : 00;
14502 : 00;
14503 : 00;
14504 : 00;
14505 : 00;
14506 : 00;
14507 : 00;
14508 : 00;
14509 : 00;
14510 : 00;
14511 : 00;
14512 : 00;
14513 : 00;
14514 : 00;
14515 : 00;
14516 : 00;
14517 : 00;
14518 : 00;
14519 : 00;
14520 : 00;
14521 : 00;
14522 : 00;
14523 : 00;
14524 : 00;
14525 : 00;
14526 : 00;
14527 : 00;
14528 : 00;
14529 : 00;
14530 : 00;
14531 : 00;
14532 : 00;
14533 : 00;
14534 : 00;
14535 : 00;
14536 : 00;
14537 : 00;
14538 : 00;
14539 : 00;
14540 : 00;
14541 : 00;
14542 : 00;
14543 : 00;
14544 : 00;
14545 : 00;
14546 : 00;
14547 : 00;
14548 : 00;
14549 : 00;
14550 : 00;
14551 : 00;
14552 : 00;
14553 : 00;
14554 : 00;
14555 : 00;
14556 : 00;
14557 : 00;
14558 : 00;
14559 : 00;
14560 : 00;
14561 : 00;
14562 : 00;
14563 : 00;
14564 : 00;
14565 : 00;
14566 : 00;
14567 : 00;
14568 : 00;
14569 : 00;
14570 : 00;
14571 : 00;
14572 : 00;
14573 : 00;
14574 : 00;
14575 : 00;
14576 : 00;
14577 : 00;
14578 : 00;
14579 : 00;
14580 : 00;
14581 : 00;
14582 : 00;
14583 : 00;
14584 : 00;
14585 : 00;
14586 : 00;
14587 : 00;
14588 : 00;
14589 : 00;
14590 : 00;
14591 : 00;
14592 : 00;
14593 : 00;
14594 : 00;
14595 : 00;
14596 : 00;
14597 : 00;
14598 : 00;
14599 : 00;
14600 : 00;
14601 : 00;
14602 : 00;
14603 : 00;
14604 : 00;
14605 : 00;
14606 : 00;
14607 : 00;
14608 : 00;
14609 : 00;
14610 : 00;
14611 : 00;
14612 : 00;
14613 : 00;
14614 : 00;
14615 : 00;
14616 : 00;
14617 : 00;
14618 : 00;
14619 : 00;
14620 : 00;
14621 : 00;
14622 : 00;
14623 : 00;
14624 : 00;
14625 : 00;
14626 : 00;
14627 : 00;
14628 : 00;
14629 : 00;
14630 : 00;
14631 : 00;
14632 : 00;
14633 : 00;
14634 : 00;
14635 : 00;
14636 : 00;
14637 : 00;
14638 : 00;
14639 : 00;
14640 : 00;
14641 : 00;
14642 : 00;
14643 : 00;
14644 : 00;
14645 : 00;
14646 : 00;
14647 : 00;
14648 : 00;
14649 : 00;
14650 : 00;
14651 : 00;
14652 : 00;
14653 : 00;
14654 : 00;
14655 : 00;
14656 : 00;
14657 : 00;
14658 : 00;
14659 : 00;
14660 : 00;
14661 : 00;
14662 : 00;
14663 : 00;
14664 : 00;
14665 : 00;
14666 : 00;
14667 : 00;
14668 : 00;
14669 : 00;
14670 : 00;
14671 : 00;
14672 : 00;
14673 : 00;
14674 : 00;
14675 : 00;
14676 : 00;
14677 : 00;
14678 : 00;
14679 : 00;
14680 : 00;
14681 : 00;
14682 : 00;
14683 : 00;
14684 : 00;
14685 : 00;
14686 : 00;
14687 : 00;
14688 : 00;
14689 : 00;
14690 : 00;
14691 : 00;
14692 : 00;
14693 : 00;
14694 : 00;
14695 : 00;
14696 : 00;
14697 : 00;
14698 : 00;
14699 : 00;
14700 : 00;
14701 : 00;
14702 : 00;
14703 : 00;
14704 : 00;
14705 : 00;
14706 : 00;
14707 : 00;
14708 : 00;
14709 : 00;
14710 : 00;
14711 : 00;
14712 : 00;
14713 : 00;
14714 : 00;
14715 : 00;
14716 : 00;
14717 : 00;
14718 : 00;
14719 : 00;
14720 : 00;
14721 : 00;
14722 : 00;
14723 : 00;
14724 : 00;
14725 : 00;
14726 : 00;
14727 : 00;
14728 : 00;
14729 : 00;
14730 : 00;
14731 : 00;
14732 : 00;
14733 : 00;
14734 : 00;
14735 : 00;
14736 : 00;
14737 : 00;
14738 : 00;
14739 : 00;
14740 : 00;
14741 : 00;
14742 : 00;
14743 : 00;
14744 : 00;
14745 : 00;
14746 : 00;
14747 : 00;
14748 : 00;
14749 : 00;
14750 : 00;
14751 : 00;
14752 : 00;
14753 : 00;
14754 : 00;
14755 : 00;
14756 : 00;
14757 : 00;
14758 : 00;
14759 : 00;
14760 : 00;
14761 : 00;
14762 : 00;
14763 : 00;
14764 : 00;
14765 : 00;
14766 : 00;
14767 : 00;
14768 : 00;
14769 : 00;
14770 : 00;
14771 : 00;
14772 : 00;
14773 : 00;
14774 : 00;
14775 : 00;
14776 : 00;
14777 : 00;
14778 : 00;
14779 : 00;
14780 : 00;
14781 : 00;
14782 : 00;
14783 : 00;
14784 : 00;
14785 : 00;
14786 : 00;
14787 : 00;
14788 : 00;
14789 : 00;
14790 : 00;
14791 : 00;
14792 : 00;
14793 : 00;
14794 : 00;
14795 : 00;
14796 : 00;
14797 : 00;
14798 : 00;
14799 : 00;
14800 : 00;
14801 : 00;
14802 : 00;
14803 : 00;
14804 : 00;
14805 : 00;
14806 : 00;
14807 : 00;
14808 : 00;
14809 : 00;
14810 : 00;
14811 : 00;
14812 : 00;
14813 : 00;
14814 : 00;
14815 : 00;
14816 : 00;
14817 : 00;
14818 : 00;
14819 : 00;
14820 : 00;
14821 : 00;
14822 : 00;
14823 : 00;
14824 : 00;
14825 : 00;
14826 : 00;
14827 : 00;
14828 : 00;
14829 : 00;
14830 : 00;
14831 : 00;
14832 : 00;
14833 : 00;
14834 : 00;
14835 : 00;
14836 : 00;
14837 : 00;
14838 : 00;
14839 : 00;
14840 : 00;
14841 : 00;
14842 : 00;
14843 : 00;
14844 : 00;
14845 : 00;
14846 : 00;
14847 : 00;
14848 : 00;
14849 : 00;
14850 : 00;
14851 : 00;
14852 : 00;
14853 : 00;
14854 : 00;
14855 : 00;
14856 : 00;
14857 : 00;
14858 : 00;
14859 : 00;
14860 : 00;
14861 : 00;
14862 : 00;
14863 : 00;
14864 : 00;
14865 : 00;
14866 : 00;
14867 : 00;
14868 : 00;
14869 : 00;
14870 : 00;
14871 : 00;
14872 : 00;
14873 : 00;
14874 : 00;
14875 : 00;
14876 : 00;
14877 : 00;
14878 : 00;
14879 : 00;
14880 : 00;
14881 : 00;
14882 : 00;
14883 : 00;
14884 : 00;
14885 : 00;
14886 : 00;
14887 : 00;
14888 : 00;
14889 : 00;
14890 : 00;
14891 : 00;
14892 : 00;
14893 : 00;
14894 : 00;
14895 : 00;
14896 : 00;
14897 : 00;
14898 : 00;
14899 : 00;
14900 : 00;
14901 : 00;
14902 : 00;
14903 : 00;
14904 : 00;
14905 : 00;
14906 : 00;
14907 : 00;
14908 : 00;
14909 : 00;
14910 : 00;
14911 : 00;
14912 : 00;
14913 : 00;
14914 : 00;
14915 : 00;
14916 : 00;
14917 : 00;
14918 : 00;
14919 : 00;
14920 : 00;
14921 : 00;
14922 : 00;
14923 : 00;
14924 : 00;
14925 : 00;
14926 : 00;
14927 : 00;
14928 : 00;
14929 : 00;
14930 : 00;
14931 : 00;
14932 : 00;
14933 : 00;
14934 : 00;
14935 : 00;
14936 : 00;
14937 : 00;
14938 : 00;
14939 : 00;
14940 : 00;
14941 : 00;
14942 : 00;
14943 : 00;
14944 : 00;
14945 : 00;
14946 : 00;
14947 : 00;
14948 : 00;
14949 : 00;
14950 : 00;
14951 : 00;
14952 : 00;
14953 : 00;
14954 : 00;
14955 : 00;
14956 : 00;
14957 : 00;
14958 : 00;
14959 : 00;
14960 : 00;
14961 : 00;
14962 : 00;
14963 : 00;
14964 : 00;
14965 : 00;
14966 : 00;
14967 : 00;
14968 : 00;
14969 : 00;
14970 : 00;
14971 : 00;
14972 : 00;
14973 : 00;
14974 : 00;
14975 : 00;
14976 : 00;
14977 : 00;
14978 : 00;
14979 : 00;
14980 : 00;
14981 : 00;
14982 : 00;
14983 : 00;
14984 : 00;
14985 : 00;
14986 : 00;
14987 : 00;
14988 : 00;
14989 : 00;
14990 : 00;
14991 : 00;
14992 : 00;
14993 : 00;
14994 : 00;
14995 : 00;
14996 : 00;
14997 : 00;
14998 : 00;
14999 : 00;
15000 : 00;
15001 : 00;
15002 : 00;
15003 : 00;
15004 : 00;
15005 : 00;
15006 : 00;
15007 : 00;
15008 : 00;
15009 : 00;
15010 : 00;
15011 : 00;
15012 : 00;
15013 : 00;
15014 : 00;
15015 : 00;
15016 : 00;
15017 : 00;
15018 : 00;
15019 : 00;
15020 : 00;
15021 : 00;
15022 : 00;
15023 : 00;
15024 : 00;
15025 : 00;
15026 : 00;
15027 : 00;
15028 : 00;
15029 : 00;
15030 : 00;
15031 : 00;
15032 : 00;
15033 : 00;
15034 : 00;
15035 : 00;
15036 : 00;
15037 : 00;
15038 : 00;
15039 : 00;
15040 : 00;
15041 : 00;
15042 : 00;
15043 : 00;
15044 : 00;
15045 : 00;
15046 : 00;
15047 : 00;
15048 : 00;
15049 : 00;
15050 : 00;
15051 : 00;
15052 : 00;
15053 : 00;
15054 : 00;
15055 : 00;
15056 : 00;
15057 : 00;
15058 : 00;
15059 : 00;
15060 : 00;
15061 : 00;
15062 : 00;
15063 : 00;
15064 : 00;
15065 : 00;
15066 : 00;
15067 : 00;
15068 : 00;
15069 : 00;
15070 : 00;
15071 : 00;
15072 : 00;
15073 : 00;
15074 : 00;
15075 : 00;
15076 : 00;
15077 : 00;
15078 : 00;
15079 : 00;
15080 : 00;
15081 : 00;
15082 : 00;
15083 : 00;
15084 : 00;
15085 : 00;
15086 : 00;
15087 : 00;
15088 : 00;
15089 : 00;
15090 : 00;
15091 : 00;
15092 : 00;
15093 : 00;
15094 : 00;
15095 : 00;
15096 : 00;
15097 : 00;
15098 : 00;
15099 : 00;
15100 : 00;
15101 : 00;
15102 : 00;
15103 : 00;
15104 : 00;
15105 : 00;
15106 : 00;
15107 : 00;
15108 : 00;
15109 : 00;
15110 : 00;
15111 : 00;
15112 : 00;
15113 : 00;
15114 : 00;
15115 : 00;
15116 : 00;
15117 : 00;
15118 : 00;
15119 : 00;
15120 : 00;
15121 : 00;
15122 : 00;
15123 : 00;
15124 : 00;
15125 : 00;
15126 : 00;
15127 : 00;
15128 : 00;
15129 : 00;
15130 : 00;
15131 : 00;
15132 : 00;
15133 : 00;
15134 : 00;
15135 : 00;
15136 : 00;
15137 : 00;
15138 : 00;
15139 : 00;
15140 : 00;
15141 : 00;
15142 : 00;
15143 : 00;
15144 : 00;
15145 : 00;
15146 : 00;
15147 : 00;
15148 : 00;
15149 : 00;
15150 : 00;
15151 : 00;
15152 : 00;
15153 : 00;
15154 : 00;
15155 : 00;
15156 : 00;
15157 : 00;
15158 : 00;
15159 : 00;
15160 : 00;
15161 : 00;
15162 : 00;
15163 : 00;
15164 : 00;
15165 : 00;
15166 : 00;
15167 : 00;
15168 : 00;
15169 : 00;
15170 : 00;
15171 : 00;
15172 : 00;
15173 : 00;
15174 : 00;
15175 : 00;
15176 : 00;
15177 : 00;
15178 : 00;
15179 : 00;
15180 : 00;
15181 : 00;
15182 : 00;
15183 : 00;
15184 : 00;
15185 : 00;
15186 : 00;
15187 : 00;
15188 : 00;
15189 : 00;
15190 : 00;
15191 : 00;
15192 : 00;
15193 : 00;
15194 : 00;
15195 : 00;
15196 : 00;
15197 : 00;
15198 : 00;
15199 : 00;
15200 : 00;
15201 : 00;
15202 : 00;
15203 : 00;
15204 : 00;
15205 : 00;
15206 : 00;
15207 : 00;
15208 : 00;
15209 : 00;
15210 : 00;
15211 : 00;
15212 : 00;
15213 : 00;
15214 : 00;
15215 : 00;
15216 : 00;
15217 : 00;
15218 : 00;
15219 : 00;
15220 : 00;
15221 : 00;
15222 : 00;
15223 : 00;
15224 : 00;
15225 : 00;
15226 : 00;
15227 : 00;
15228 : 00;
15229 : 00;
15230 : 00;
15231 : 00;
15232 : 00;
15233 : 00;
15234 : 00;
15235 : 00;
15236 : 00;
15237 : 00;
15238 : 00;
15239 : 00;
15240 : 00;
15241 : 00;
15242 : 00;
15243 : 00;
15244 : 00;
15245 : 00;
15246 : 00;
15247 : 00;
15248 : 00;
15249 : 00;
15250 : 00;
15251 : 00;
15252 : 00;
15253 : 00;
15254 : 00;
15255 : 00;
15256 : 00;
15257 : 00;
15258 : 00;
15259 : 00;
15260 : 00;
15261 : 00;
15262 : 00;
15263 : 00;
15264 : 00;
15265 : 00;
15266 : 00;
15267 : 00;
15268 : 00;
15269 : 00;
15270 : 00;
15271 : 00;
15272 : 00;
15273 : 00;
15274 : 00;
15275 : 00;
15276 : 00;
15277 : 00;
15278 : 00;
15279 : 00;
15280 : 00;
15281 : 00;
15282 : 00;
15283 : 00;
15284 : 00;
15285 : 00;
15286 : 00;
15287 : 00;
15288 : 00;
15289 : 00;
15290 : 00;
15291 : 00;
15292 : 00;
15293 : 00;
15294 : 00;
15295 : 00;
15296 : 00;
15297 : 00;
15298 : 00;
15299 : 00;
15300 : 00;
15301 : 00;
15302 : 00;
15303 : 00;
15304 : 00;
15305 : 00;
15306 : 00;
15307 : 00;
15308 : 00;
15309 : 00;
15310 : 00;
15311 : 00;
15312 : 00;
15313 : 00;
15314 : 00;
15315 : 00;
15316 : 00;
15317 : 00;
15318 : 00;
15319 : 00;
15320 : 00;
15321 : 00;
15322 : 00;
15323 : 00;
15324 : 00;
15325 : 00;
15326 : 00;
15327 : 00;
15328 : 00;
15329 : 00;
15330 : 00;
15331 : 00;
15332 : 00;
15333 : 00;
15334 : 00;
15335 : 00;
15336 : 00;
15337 : 00;
15338 : 00;
15339 : 00;
15340 : 00;
15341 : 00;
15342 : 00;
15343 : 00;
15344 : 00;
15345 : 00;
15346 : 00;
15347 : 00;
15348 : 00;
15349 : 00;
15350 : 00;
15351 : 00;
15352 : 00;
15353 : 00;
15354 : 00;
15355 : 00;
15356 : 00;
15357 : 00;
15358 : 00;
15359 : 00;
15360 : 0A;
15361 : 0A;
15362 : 0A;
15363 : 0A;
15364 : 0A;
15365 : 05;
15366 : 00;
15367 : 00;
15368 : 00;
15369 : 00;
15370 : 00;
15371 : 00;
15372 : 00;
15373 : 00;
15374 : 00;
15375 : 00;
15376 : 00;
15377 : 00;
15378 : 00;
15379 : 00;
15380 : 00;
15381 : 00;
15382 : 00;
15383 : 00;
15384 : 00;
15385 : 00;
15386 : 00;
15387 : 00;
15388 : 00;
15389 : 00;
15390 : 00;
15391 : 00;
15392 : 00;
15393 : 00;
15394 : 00;
15395 : 00;
15396 : 00;
15397 : 00;
15398 : 00;
15399 : 00;
15400 : 00;
15401 : 00;
15402 : 00;
15403 : 00;
15404 : 00;
15405 : 00;
15406 : 00;
15407 : 00;
15408 : 00;
15409 : 00;
15410 : 00;
15411 : 00;
15412 : 00;
15413 : 00;
15414 : 00;
15415 : 00;
15416 : 00;
15417 : 00;
15418 : 05;
15419 : 06;
15420 : 05;
15421 : 05;
15422 : 01;
15423 : 00;
15424 : 00;
15425 : 00;
15426 : 00;
15427 : 00;
15428 : 00;
15429 : 00;
15430 : 00;
15431 : 00;
15432 : 00;
15433 : 00;
15434 : 00;
15435 : 00;
15436 : 00;
15437 : 00;
15438 : 00;
15439 : 00;
15440 : 00;
15441 : 00;
15442 : 00;
15443 : 00;
15444 : 00;
15445 : 00;
15446 : 00;
15447 : 00;
15448 : 00;
15449 : 00;
15450 : 00;
15451 : 00;
15452 : 00;
15453 : 00;
15454 : 00;
15455 : 00;
15456 : 00;
15457 : 00;
15458 : 00;
15459 : 00;
15460 : 00;
15461 : 00;
15462 : 00;
15463 : 00;
15464 : 00;
15465 : 00;
15466 : 00;
15467 : 00;
15468 : 00;
15469 : 00;
15470 : 00;
15471 : 00;
15472 : 00;
15473 : 00;
15474 : 00;
15475 : 00;
15476 : 00;
15477 : 00;
15478 : 00;
15479 : 00;
15480 : 00;
15481 : 00;
15482 : 00;
15483 : 00;
15484 : 00;
15485 : 00;
15486 : 00;
15487 : 00;
15488 : 00;
15489 : 00;
15490 : 00;
15491 : 00;
15492 : 00;
15493 : 00;
15494 : 00;
15495 : 00;
15496 : 00;
15497 : 00;
15498 : 00;
15499 : 00;
15500 : 00;
15501 : 00;
15502 : 00;
15503 : 00;
15504 : 00;
15505 : 00;
15506 : 00;
15507 : 00;
15508 : 00;
15509 : 00;
15510 : 00;
15511 : 00;
15512 : 00;
15513 : 00;
15514 : 00;
15515 : 00;
15516 : 00;
15517 : 00;
15518 : 00;
15519 : 00;
15520 : 00;
15521 : 00;
15522 : 00;
15523 : 00;
15524 : 00;
15525 : 00;
15526 : 00;
15527 : 00;
15528 : 00;
15529 : 00;
15530 : 00;
15531 : 00;
15532 : 00;
15533 : 00;
15534 : 00;
15535 : 00;
15536 : 00;
15537 : 00;
15538 : 00;
15539 : 00;
15540 : 00;
15541 : 00;
15542 : 00;
15543 : 00;
15544 : 00;
15545 : 00;
15546 : 00;
15547 : 00;
15548 : 00;
15549 : 00;
15550 : 00;
15551 : 00;
15552 : 00;
15553 : 00;
15554 : 00;
15555 : 00;
15556 : 00;
15557 : 00;
15558 : 00;
15559 : 00;
15560 : 00;
15561 : 00;
15562 : 00;
15563 : 00;
15564 : 00;
15565 : 00;
15566 : 00;
15567 : 00;
15568 : 00;
15569 : 00;
15570 : 00;
15571 : 00;
15572 : 00;
15573 : 00;
15574 : 00;
15575 : 00;
15576 : 00;
15577 : 00;
15578 : 00;
15579 : 00;
15580 : 00;
15581 : 00;
15582 : 00;
15583 : 00;
15584 : 00;
15585 : 00;
15586 : 00;
15587 : 00;
15588 : 00;
15589 : 00;
15590 : 00;
15591 : 01;
15592 : 05;
15593 : 05;
15594 : 05;
15595 : 05;
15596 : 01;
15597 : 05;
15598 : 00;
15599 : 00;
15600 : 0E;
15601 : 0E;
15602 : 0E;
15603 : 0E;
15604 : 0E;
15605 : 0A;
15606 : 0A;
15607 : 0A;
15608 : 05;
15609 : 05;
15610 : 05;
15611 : 00;
15612 : 00;
15613 : 00;
15614 : 00;
15615 : 00;
15616 : 00;
15617 : 00;
15618 : 00;
15619 : 00;
15620 : 00;
15621 : 00;
15622 : 00;
15623 : 00;
15624 : 00;
15625 : 00;
15626 : 00;
15627 : 00;
15628 : 00;
15629 : 00;
15630 : 00;
15631 : 00;
15632 : 00;
15633 : 00;
15634 : 00;
15635 : 00;
15636 : 00;
15637 : 00;
15638 : 00;
15639 : 00;
15640 : 00;
15641 : 00;
15642 : 00;
15643 : 00;
15644 : 00;
15645 : 00;
15646 : 00;
15647 : 00;
15648 : 00;
15649 : 00;
15650 : 00;
15651 : 00;
15652 : 05;
15653 : 0A;
15654 : 0A;
15655 : 0A;
15656 : 0A;
15657 : 0A;
15658 : 0A;
15659 : 0A;
15660 : 0A;
15661 : 0A;
15662 : 0A;
15663 : 0A;
15664 : 0A;
15665 : 05;
15666 : 05;
15667 : 05;
15668 : 00;
15669 : 00;
15670 : 00;
15671 : 00;
15672 : 00;
15673 : 00;
15674 : 00;
15675 : 00;
15676 : 00;
15677 : 00;
15678 : 00;
15679 : 00;
15680 : 00;
15681 : 00;
15682 : 00;
15683 : 00;
15684 : 00;
15685 : 00;
15686 : 00;
15687 : 00;
15688 : 00;
15689 : 00;
15690 : 00;
15691 : 00;
15692 : 00;
15693 : 00;
15694 : 00;
15695 : 00;
15696 : 00;
15697 : 00;
15698 : 00;
15699 : 00;
15700 : 00;
15701 : 00;
15702 : 00;
15703 : 00;
15704 : 00;
15705 : 00;
15706 : 00;
15707 : 00;
15708 : 00;
15709 : 00;
15710 : 00;
15711 : 00;
15712 : 00;
15713 : 00;
15714 : 00;
15715 : 00;
15716 : 00;
15717 : 00;
15718 : 00;
15719 : 00;
15720 : 00;
15721 : 00;
15722 : 00;
15723 : 00;
15724 : 00;
15725 : 00;
15726 : 00;
15727 : 00;
15728 : 00;
15729 : 00;
15730 : 00;
15731 : 00;
15732 : 00;
15733 : 00;
15734 : 00;
15735 : 00;
15736 : 00;
15737 : 00;
15738 : 00;
15739 : 00;
15740 : 00;
15741 : 00;
15742 : 00;
15743 : 00;
15744 : 00;
15745 : 00;
15746 : 00;
15747 : 00;
15748 : 00;
15749 : 00;
15750 : 00;
15751 : 00;
15752 : 00;
15753 : 00;
15754 : 00;
15755 : 00;
15756 : 00;
15757 : 00;
15758 : 00;
15759 : 00;
15760 : 00;
15761 : 00;
15762 : 00;
15763 : 00;
15764 : 00;
15765 : 00;
15766 : 00;
15767 : 00;
15768 : 00;
15769 : 05;
15770 : 05;
15771 : 05;
15772 : 05;
15773 : 05;
15774 : 05;
15775 : 00;
15776 : 00;
15777 : 00;
15778 : 00;
15779 : 00;
15780 : 00;
15781 : 00;
15782 : 00;
15783 : 00;
15784 : 00;
15785 : 00;
15786 : 00;
15787 : 00;
15788 : 00;
15789 : 00;
15790 : 00;
15791 : 00;
15792 : 00;
15793 : 00;
15794 : 00;
15795 : 00;
15796 : 00;
15797 : 00;
15798 : 00;
15799 : 00;
15800 : 00;
15801 : 00;
15802 : 00;
15803 : 00;
15804 : 00;
15805 : 00;
15806 : 00;
15807 : 00;
15808 : 00;
15809 : 00;
15810 : 00;
15811 : 00;
15812 : 00;
15813 : 00;
15814 : 00;
15815 : 00;
15816 : 00;
15817 : 00;
15818 : 00;
15819 : 00;
15820 : 00;
15821 : 00;
15822 : 00;
15823 : 00;
15824 : 00;
15825 : 00;
15826 : 00;
15827 : 05;
15828 : 05;
15829 : 05;
15830 : 05;
15831 : 0A;
15832 : 0A;
15833 : 0A;
15834 : 0A;
15835 : 0A;
15836 : 0A;
15837 : 0A;
15838 : 06;
15839 : 01;
15840 : 0A;
15841 : 0A;
15842 : 0A;
15843 : 0A;
15844 : 0A;
15845 : 0A;
15846 : 0A;
15847 : 0E;
15848 : 0A;
15849 : 0A;
15850 : 0A;
15851 : 0A;
15852 : 05;
15853 : 05;
15854 : 05;
15855 : 00;
15856 : 00;
15857 : 00;
15858 : 00;
15859 : 00;
15860 : 00;
15861 : 00;
15862 : 00;
15863 : 00;
15864 : 00;
15865 : 00;
15866 : 00;
15867 : 00;
15868 : 00;
15869 : 00;
15870 : 00;
15871 : 00;
15872 : 00;
15873 : 00;
15874 : 00;
15875 : 00;
15876 : 00;
15877 : 00;
15878 : 00;
15879 : 00;
15880 : 00;
15881 : 00;
15882 : 00;
15883 : 00;
15884 : 00;
15885 : 00;
15886 : 00;
15887 : 00;
15888 : 00;
15889 : 05;
15890 : 0A;
15891 : 0A;
15892 : 0A;
15893 : 0A;
15894 : 0E;
15895 : 0E;
15896 : 0E;
15897 : 0E;
15898 : 0A;
15899 : 0A;
15900 : 0A;
15901 : 0A;
15902 : 0A;
15903 : 0A;
15904 : 0A;
15905 : 0A;
15906 : 0A;
15907 : 0A;
15908 : 0A;
15909 : 0A;
15910 : 05;
15911 : 00;
15912 : 00;
15913 : 00;
15914 : 00;
15915 : 00;
15916 : 00;
15917 : 00;
15918 : 00;
15919 : 00;
15920 : 00;
15921 : 00;
15922 : 00;
15923 : 00;
15924 : 00;
15925 : 00;
15926 : 00;
15927 : 00;
15928 : 00;
15929 : 00;
15930 : 00;
15931 : 00;
15932 : 00;
15933 : 00;
15934 : 00;
15935 : 00;
15936 : 00;
15937 : 00;
15938 : 00;
15939 : 00;
15940 : 00;
15941 : 00;
15942 : 00;
15943 : 00;
15944 : 00;
15945 : 00;
15946 : 00;
15947 : 00;
15948 : 00;
15949 : 00;
15950 : 00;
15951 : 00;
15952 : 00;
15953 : 05;
15954 : 0A;
15955 : 0A;
15956 : 0A;
15957 : 0A;
15958 : 0A;
15959 : 0A;
15960 : 0A;
15961 : 0A;
15962 : 0A;
15963 : 00;
15964 : 00;
15965 : 00;
15966 : 00;
15967 : 00;
15968 : 00;
15969 : 00;
15970 : 00;
15971 : 00;
15972 : 00;
15973 : 00;
15974 : 00;
15975 : 00;
15976 : 00;
15977 : 00;
15978 : 00;
15979 : 00;
15980 : 00;
15981 : 00;
15982 : 00;
15983 : 00;
15984 : 00;
15985 : 00;
15986 : 00;
15987 : 00;
15988 : 00;
15989 : 00;
15990 : 00;
15991 : 00;
15992 : 00;
15993 : 00;
15994 : 00;
15995 : 00;
15996 : 00;
15997 : 00;
15998 : 00;
15999 : 00;
16000 : 00;
16001 : 00;
16002 : 00;
16003 : 00;
16004 : 05;
16005 : 05;
16006 : 05;
16007 : 05;
16008 : 05;
16009 : 0A;
16010 : 0A;
16011 : 0A;
16012 : 0A;
16013 : 0A;
16014 : 0A;
16015 : 0A;
16016 : 05;
16017 : 05;
16018 : 0A;
16019 : 05;
16020 : 00;
16021 : 00;
16022 : 00;
16023 : 00;
16024 : 00;
16025 : 00;
16026 : 00;
16027 : 00;
16028 : 00;
16029 : 00;
16030 : 00;
16031 : 00;
16032 : 00;
16033 : 00;
16034 : 00;
16035 : 00;
16036 : 00;
16037 : 00;
16038 : 00;
16039 : 00;
16040 : 00;
16041 : 00;
16042 : 00;
16043 : 00;
16044 : 00;
16045 : 00;
16046 : 00;
16047 : 00;
16048 : 00;
16049 : 00;
16050 : 00;
16051 : 00;
16052 : 00;
16053 : 00;
16054 : 00;
16055 : 00;
16056 : 00;
16057 : 00;
16058 : 00;
16059 : 00;
16060 : 00;
16061 : 00;
16062 : 00;
16063 : 00;
16064 : 05;
16065 : 05;
16066 : 06;
16067 : 0A;
16068 : 0A;
16069 : 0A;
16070 : 0A;
16071 : 0A;
16072 : 0A;
16073 : 0A;
16074 : 0A;
16075 : 0A;
16076 : 0A;
16077 : 0A;
16078 : 0A;
16079 : 0A;
16080 : 0E;
16081 : 0E;
16082 : 0E;
16083 : 0E;
16084 : 0A;
16085 : 0A;
16086 : 0A;
16087 : 0A;
16088 : 0A;
16089 : 0A;
16090 : 0A;
16091 : 0A;
16092 : 0A;
16093 : 0A;
16094 : 0A;
16095 : 05;
16096 : 05;
16097 : 00;
16098 : 00;
16099 : 00;
16100 : 00;
16101 : 00;
16102 : 00;
16103 : 00;
16104 : 00;
16105 : 00;
16106 : 00;
16107 : 00;
16108 : 00;
16109 : 00;
16110 : 00;
16111 : 00;
16112 : 00;
16113 : 00;
16114 : 00;
16115 : 00;
16116 : 00;
16117 : 00;
16118 : 00;
16119 : 00;
16120 : 00;
16121 : 00;
16122 : 00;
16123 : 00;
16124 : 00;
16125 : 00;
16126 : 00;
16127 : 0A;
16128 : 0A;
16129 : 0A;
16130 : 0E;
16131 : 0E;
16132 : 0E;
16133 : 0E;
16134 : 0E;
16135 : 0E;
16136 : 0E;
16137 : 0E;
16138 : 0E;
16139 : 0E;
16140 : 0A;
16141 : 0E;
16142 : 0E;
16143 : 0A;
16144 : 0A;
16145 : 0A;
16146 : 0A;
16147 : 0A;
16148 : 0E;
16149 : 0E;
16150 : 0A;
16151 : 05;
16152 : 06;
16153 : 05;
16154 : 00;
16155 : 00;
16156 : 00;
16157 : 00;
16158 : 00;
16159 : 00;
16160 : 00;
16161 : 00;
16162 : 00;
16163 : 00;
16164 : 00;
16165 : 00;
16166 : 00;
16167 : 00;
16168 : 00;
16169 : 00;
16170 : 00;
16171 : 00;
16172 : 00;
16173 : 00;
16174 : 00;
16175 : 00;
16176 : 00;
16177 : 00;
16178 : 00;
16179 : 00;
16180 : 00;
16181 : 00;
16182 : 00;
16183 : 00;
16184 : 00;
16185 : 00;
16186 : 00;
16187 : 00;
16188 : 05;
16189 : 0A;
16190 : 0A;
16191 : 0A;
16192 : 0A;
16193 : 0A;
16194 : 0A;
16195 : 0A;
16196 : 0A;
16197 : 0A;
16198 : 0A;
16199 : 0A;
16200 : 0A;
16201 : 0A;
16202 : 0A;
16203 : 0A;
16204 : 0A;
16205 : 0A;
16206 : 0A;
16207 : 05;
16208 : 00;
16209 : 00;
16210 : 00;
16211 : 00;
16212 : 00;
16213 : 00;
16214 : 00;
16215 : 00;
16216 : 00;
16217 : 00;
16218 : 00;
16219 : 00;
16220 : 00;
16221 : 00;
16222 : 00;
16223 : 00;
16224 : 00;
16225 : 00;
16226 : 00;
16227 : 00;
16228 : 00;
16229 : 00;
16230 : 00;
16231 : 00;
16232 : 00;
16233 : 00;
16234 : 00;
16235 : 00;
16236 : 00;
16237 : 00;
16238 : 00;
16239 : 00;
16240 : 00;
16241 : 05;
16242 : 0A;
16243 : 05;
16244 : 0A;
16245 : 0A;
16246 : 0A;
16247 : 0A;
16248 : 0A;
16249 : 0A;
16250 : 0A;
16251 : 0A;
16252 : 0A;
16253 : 0A;
16254 : 0A;
16255 : 0E;
16256 : 0A;
16257 : 0A;
16258 : 0E;
16259 : 0A;
16260 : 0A;
16261 : 06;
16262 : 05;
16263 : 00;
16264 : 00;
16265 : 00;
16266 : 00;
16267 : 00;
16268 : 00;
16269 : 00;
16270 : 00;
16271 : 00;
16272 : 00;
16273 : 00;
16274 : 00;
16275 : 00;
16276 : 00;
16277 : 00;
16278 : 00;
16279 : 00;
16280 : 00;
16281 : 00;
16282 : 00;
16283 : 00;
16284 : 00;
16285 : 00;
16286 : 00;
16287 : 00;
16288 : 00;
16289 : 00;
16290 : 00;
16291 : 00;
16292 : 00;
16293 : 00;
16294 : 00;
16295 : 00;
16296 : 00;
16297 : 00;
16298 : 00;
16299 : 00;
16300 : 00;
16301 : 05;
16302 : 05;
16303 : 0A;
16304 : 0A;
16305 : 0A;
16306 : 0A;
16307 : 0A;
16308 : 0A;
16309 : 0A;
16310 : 0A;
16311 : 0A;
16312 : 0A;
16313 : 0A;
16314 : 0A;
16315 : 0A;
16316 : 0A;
16317 : 0A;
16318 : 0A;
16319 : 0A;
16320 : 0E;
16321 : 0E;
16322 : 0E;
16323 : 0E;
16324 : 0E;
16325 : 0E;
16326 : 0E;
16327 : 0E;
16328 : 0E;
16329 : 0E;
16330 : 0E;
16331 : 0E;
16332 : 0A;
16333 : 0A;
16334 : 0A;
16335 : 0A;
16336 : 0A;
16337 : 0A;
16338 : 05;
16339 : 05;
16340 : 05;
16341 : 00;
16342 : 00;
16343 : 00;
16344 : 00;
16345 : 00;
16346 : 00;
16347 : 00;
16348 : 00;
16349 : 00;
16350 : 00;
16351 : 00;
16352 : 00;
16353 : 00;
16354 : 00;
16355 : 00;
16356 : 00;
16357 : 00;
16358 : 00;
16359 : 00;
16360 : 00;
16361 : 00;
16362 : 00;
16363 : 05;
16364 : 0A;
16365 : 0A;
16366 : 0A;
16367 : 0A;
16368 : 0E;
16369 : 0E;
16370 : 0E;
16371 : 0E;
16372 : 0E;
16373 : 0E;
16374 : 0E;
16375 : 0E;
16376 : 0E;
16377 : 0E;
16378 : 0E;
16379 : 0E;
16380 : 0E;
16381 : 0E;
16382 : 0E;
16383 : 0E;
16384 : 0E;
16385 : 0E;
16386 : 0E;
16387 : 0E;
16388 : 0E;
16389 : 0A;
16390 : 0E;
16391 : 0E;
16392 : 0A;
16393 : 0A;
16394 : 0A;
16395 : 05;
16396 : 00;
16397 : 00;
16398 : 00;
16399 : 00;
16400 : 00;
16401 : 00;
16402 : 00;
16403 : 00;
16404 : 00;
16405 : 00;
16406 : 00;
16407 : 00;
16408 : 00;
16409 : 00;
16410 : 00;
16411 : 00;
16412 : 00;
16413 : 00;
16414 : 00;
16415 : 00;
16416 : 00;
16417 : 00;
16418 : 00;
16419 : 00;
16420 : 00;
16421 : 00;
16422 : 00;
16423 : 00;
16424 : 00;
16425 : 05;
16426 : 0A;
16427 : 06;
16428 : 0A;
16429 : 0A;
16430 : 0A;
16431 : 0A;
16432 : 0A;
16433 : 0A;
16434 : 0A;
16435 : 0A;
16436 : 0A;
16437 : 0A;
16438 : 0A;
16439 : 0A;
16440 : 0A;
16441 : 0A;
16442 : 0A;
16443 : 0A;
16444 : 0A;
16445 : 0A;
16446 : 0A;
16447 : 0A;
16448 : 0A;
16449 : 0A;
16450 : 0A;
16451 : 00;
16452 : 00;
16453 : 00;
16454 : 00;
16455 : 00;
16456 : 00;
16457 : 00;
16458 : 00;
16459 : 00;
16460 : 00;
16461 : 00;
16462 : 00;
16463 : 00;
16464 : 00;
16465 : 00;
16466 : 00;
16467 : 00;
16468 : 00;
16469 : 00;
16470 : 00;
16471 : 00;
16472 : 00;
16473 : 00;
16474 : 00;
16475 : 00;
16476 : 00;
16477 : 00;
16478 : 05;
16479 : 05;
16480 : 05;
16481 : 0A;
16482 : 0A;
16483 : 0A;
16484 : 0A;
16485 : 0A;
16486 : 0A;
16487 : 0E;
16488 : 0A;
16489 : 0E;
16490 : 0E;
16491 : 0E;
16492 : 0E;
16493 : 0E;
16494 : 0E;
16495 : 0E;
16496 : 0E;
16497 : 0E;
16498 : 0E;
16499 : 0E;
16500 : 0E;
16501 : 0E;
16502 : 0A;
16503 : 0A;
16504 : 05;
16505 : 00;
16506 : 00;
16507 : 00;
16508 : 00;
16509 : 00;
16510 : 00;
16511 : 00;
16512 : 00;
16513 : 00;
16514 : 00;
16515 : 00;
16516 : 00;
16517 : 00;
16518 : 00;
16519 : 00;
16520 : 00;
16521 : 00;
16522 : 00;
16523 : 00;
16524 : 00;
16525 : 00;
16526 : 00;
16527 : 00;
16528 : 00;
16529 : 00;
16530 : 00;
16531 : 00;
16532 : 00;
16533 : 00;
16534 : 00;
16535 : 00;
16536 : 00;
16537 : 00;
16538 : 05;
16539 : 05;
16540 : 06;
16541 : 0A;
16542 : 0A;
16543 : 0A;
16544 : 0A;
16545 : 0A;
16546 : 0A;
16547 : 0A;
16548 : 0A;
16549 : 0A;
16550 : 0A;
16551 : 0A;
16552 : 0A;
16553 : 0A;
16554 : 0A;
16555 : 0A;
16556 : 0A;
16557 : 0A;
16558 : 0A;
16559 : 0A;
16560 : 0E;
16561 : 0E;
16562 : 0E;
16563 : 0E;
16564 : 0E;
16565 : 0E;
16566 : 0E;
16567 : 0E;
16568 : 0E;
16569 : 0E;
16570 : 0E;
16571 : 0E;
16572 : 0A;
16573 : 0A;
16574 : 0E;
16575 : 0A;
16576 : 0A;
16577 : 0E;
16578 : 0A;
16579 : 0A;
16580 : 0A;
16581 : 06;
16582 : 05;
16583 : 05;
16584 : 05;
16585 : 05;
16586 : 00;
16587 : 00;
16588 : 00;
16589 : 00;
16590 : 00;
16591 : 00;
16592 : 00;
16593 : 00;
16594 : 00;
16595 : 00;
16596 : 00;
16597 : 00;
16598 : 01;
16599 : 05;
16600 : 05;
16601 : 05;
16602 : 0A;
16603 : 0A;
16604 : 0A;
16605 : 0A;
16606 : 0E;
16607 : 0A;
16608 : 0E;
16609 : 0E;
16610 : 0E;
16611 : 0E;
16612 : 0E;
16613 : 0E;
16614 : 0E;
16615 : 0E;
16616 : 0E;
16617 : 0E;
16618 : 0E;
16619 : 0A;
16620 : 0E;
16621 : 0E;
16622 : 0E;
16623 : 0E;
16624 : 0E;
16625 : 0E;
16626 : 0E;
16627 : 0E;
16628 : 0E;
16629 : 0A;
16630 : 0E;
16631 : 0E;
16632 : 0E;
16633 : 0E;
16634 : 0E;
16635 : 0E;
16636 : 0A;
16637 : 0A;
16638 : 05;
16639 : 00;
16640 : 00;
16641 : 00;
16642 : 00;
16643 : 00;
16644 : 00;
16645 : 00;
16646 : 00;
16647 : 00;
16648 : 00;
16649 : 00;
16650 : 00;
16651 : 00;
16652 : 00;
16653 : 00;
16654 : 00;
16655 : 00;
16656 : 00;
16657 : 00;
16658 : 00;
16659 : 00;
16660 : 00;
16661 : 00;
16662 : 05;
16663 : 06;
16664 : 05;
16665 : 0A;
16666 : 0A;
16667 : 0A;
16668 : 0A;
16669 : 0A;
16670 : 0A;
16671 : 0A;
16672 : 0A;
16673 : 0A;
16674 : 0A;
16675 : 0A;
16676 : 0A;
16677 : 0A;
16678 : 0A;
16679 : 0A;
16680 : 0A;
16681 : 0E;
16682 : 0E;
16683 : 0E;
16684 : 0E;
16685 : 0E;
16686 : 0A;
16687 : 0E;
16688 : 0E;
16689 : 0A;
16690 : 0A;
16691 : 0A;
16692 : 0A;
16693 : 05;
16694 : 00;
16695 : 00;
16696 : 00;
16697 : 00;
16698 : 00;
16699 : 00;
16700 : 00;
16701 : 00;
16702 : 00;
16703 : 00;
16704 : 00;
16705 : 00;
16706 : 00;
16707 : 00;
16708 : 00;
16709 : 00;
16710 : 00;
16711 : 00;
16712 : 00;
16713 : 00;
16714 : 00;
16715 : 00;
16716 : 00;
16717 : 00;
16718 : 0A;
16719 : 0A;
16720 : 0A;
16721 : 0A;
16722 : 0A;
16723 : 0A;
16724 : 0A;
16725 : 0E;
16726 : 0E;
16727 : 0E;
16728 : 0E;
16729 : 0E;
16730 : 0E;
16731 : 0E;
16732 : 0E;
16733 : 0E;
16734 : 0E;
16735 : 0E;
16736 : 0E;
16737 : 0E;
16738 : 0E;
16739 : 0A;
16740 : 0E;
16741 : 0E;
16742 : 0E;
16743 : 0E;
16744 : 0E;
16745 : 0A;
16746 : 0A;
16747 : 05;
16748 : 00;
16749 : 00;
16750 : 00;
16751 : 00;
16752 : 00;
16753 : 00;
16754 : 00;
16755 : 00;
16756 : 00;
16757 : 00;
16758 : 00;
16759 : 00;
16760 : 00;
16761 : 00;
16762 : 00;
16763 : 00;
16764 : 00;
16765 : 00;
16766 : 00;
16767 : 00;
16768 : 00;
16769 : 00;
16770 : 00;
16771 : 00;
16772 : 00;
16773 : 00;
16774 : 00;
16775 : 00;
16776 : 00;
16777 : 00;
16778 : 0A;
16779 : 0A;
16780 : 0A;
16781 : 0A;
16782 : 0A;
16783 : 0A;
16784 : 0A;
16785 : 0A;
16786 : 0A;
16787 : 0A;
16788 : 0A;
16789 : 0A;
16790 : 0A;
16791 : 0A;
16792 : 0A;
16793 : 0A;
16794 : 0A;
16795 : 0A;
16796 : 0A;
16797 : 0A;
16798 : 0A;
16799 : 0A;
16800 : 0E;
16801 : 0E;
16802 : 0E;
16803 : 0E;
16804 : 0A;
16805 : 0A;
16806 : 0A;
16807 : 0E;
16808 : 0E;
16809 : 0E;
16810 : 0E;
16811 : 0A;
16812 : 0A;
16813 : 0A;
16814 : 0E;
16815 : 0E;
16816 : 0E;
16817 : 0A;
16818 : 0A;
16819 : 0A;
16820 : 0A;
16821 : 0E;
16822 : 0A;
16823 : 0A;
16824 : 0A;
16825 : 0A;
16826 : 0A;
16827 : 05;
16828 : 05;
16829 : 05;
16830 : 05;
16831 : 05;
16832 : 05;
16833 : 05;
16834 : 05;
16835 : 05;
16836 : 05;
16837 : 05;
16838 : 0A;
16839 : 0A;
16840 : 0A;
16841 : 0A;
16842 : 0A;
16843 : 0A;
16844 : 0A;
16845 : 0A;
16846 : 0A;
16847 : 0A;
16848 : 0E;
16849 : 0E;
16850 : 0E;
16851 : 0E;
16852 : 0E;
16853 : 0E;
16854 : 0E;
16855 : 0E;
16856 : 0E;
16857 : 0E;
16858 : 0E;
16859 : 0A;
16860 : 0A;
16861 : 0A;
16862 : 0A;
16863 : 0E;
16864 : 0A;
16865 : 0A;
16866 : 0A;
16867 : 0A;
16868 : 0A;
16869 : 0A;
16870 : 0E;
16871 : 0E;
16872 : 0E;
16873 : 0E;
16874 : 0A;
16875 : 0A;
16876 : 0A;
16877 : 0E;
16878 : 0A;
16879 : 0A;
16880 : 05;
16881 : 05;
16882 : 05;
16883 : 00;
16884 : 00;
16885 : 00;
16886 : 00;
16887 : 00;
16888 : 00;
16889 : 00;
16890 : 00;
16891 : 00;
16892 : 00;
16893 : 00;
16894 : 00;
16895 : 00;
16896 : 00;
16897 : 00;
16898 : 05;
16899 : 05;
16900 : 05;
16901 : 05;
16902 : 0A;
16903 : 0A;
16904 : 0A;
16905 : 0A;
16906 : 0A;
16907 : 0A;
16908 : 0A;
16909 : 0A;
16910 : 0A;
16911 : 0A;
16912 : 0A;
16913 : 0A;
16914 : 0A;
16915 : 0A;
16916 : 0A;
16917 : 0A;
16918 : 0A;
16919 : 0A;
16920 : 0A;
16921 : 0A;
16922 : 0E;
16923 : 0E;
16924 : 0E;
16925 : 0E;
16926 : 0E;
16927 : 0E;
16928 : 0E;
16929 : 0E;
16930 : 0E;
16931 : 0E;
16932 : 0A;
16933 : 0A;
16934 : 0A;
16935 : 0A;
16936 : 0A;
16937 : 06;
16938 : 00;
16939 : 00;
16940 : 00;
16941 : 00;
16942 : 00;
16943 : 00;
16944 : 00;
16945 : 00;
16946 : 00;
16947 : 00;
16948 : 00;
16949 : 00;
16950 : 00;
16951 : 00;
16952 : 00;
16953 : 00;
16954 : 00;
16955 : 0A;
16956 : 0A;
16957 : 0A;
16958 : 0A;
16959 : 0E;
16960 : 0A;
16961 : 0E;
16962 : 0E;
16963 : 0E;
16964 : 0E;
16965 : 0E;
16966 : 0E;
16967 : 0E;
16968 : 0E;
16969 : 0E;
16970 : 0E;
16971 : 0E;
16972 : 0E;
16973 : 0E;
16974 : 0E;
16975 : 0E;
16976 : 0E;
16977 : 0E;
16978 : 0E;
16979 : 0E;
16980 : 0E;
16981 : 0E;
16982 : 0E;
16983 : 0E;
16984 : 0E;
16985 : 0E;
16986 : 0E;
16987 : 0A;
16988 : 0A;
16989 : 0A;
16990 : 05;
16991 : 00;
16992 : 00;
16993 : 00;
16994 : 00;
16995 : 00;
16996 : 00;
16997 : 00;
16998 : 00;
16999 : 00;
17000 : 00;
17001 : 00;
17002 : 00;
17003 : 00;
17004 : 00;
17005 : 00;
17006 : 00;
17007 : 00;
17008 : 00;
17009 : 00;
17010 : 00;
17011 : 00;
17012 : 00;
17013 : 00;
17014 : 05;
17015 : 0A;
17016 : 0A;
17017 : 0A;
17018 : 0A;
17019 : 0A;
17020 : 0A;
17021 : 0A;
17022 : 0A;
17023 : 0A;
17024 : 0A;
17025 : 0A;
17026 : 0A;
17027 : 0A;
17028 : 0A;
17029 : 0A;
17030 : 0A;
17031 : 0A;
17032 : 0A;
17033 : 0A;
17034 : 0A;
17035 : 0A;
17036 : 0A;
17037 : 0A;
17038 : 0A;
17039 : 0A;
17040 : 0A;
17041 : 0A;
17042 : 0A;
17043 : 0A;
17044 : 0A;
17045 : 0E;
17046 : 0E;
17047 : 0E;
17048 : 0E;
17049 : 0E;
17050 : 0A;
17051 : 0E;
17052 : 0E;
17053 : 0E;
17054 : 0E;
17055 : 0E;
17056 : 0E;
17057 : 0E;
17058 : 0E;
17059 : 0A;
17060 : 0E;
17061 : 0E;
17062 : 0A;
17063 : 0A;
17064 : 0A;
17065 : 0A;
17066 : 0A;
17067 : 0E;
17068 : 0A;
17069 : 0E;
17070 : 0E;
17071 : 0A;
17072 : 0A;
17073 : 0A;
17074 : 0A;
17075 : 0E;
17076 : 0E;
17077 : 0E;
17078 : 0A;
17079 : 0A;
17080 : 0A;
17081 : 0E;
17082 : 0E;
17083 : 0E;
17084 : 0E;
17085 : 0E;
17086 : 0E;
17087 : 0E;
17088 : 0E;
17089 : 0E;
17090 : 0A;
17091 : 0A;
17092 : 0A;
17093 : 0A;
17094 : 0A;
17095 : 0A;
17096 : 0A;
17097 : 0A;
17098 : 0A;
17099 : 0A;
17100 : 0A;
17101 : 0A;
17102 : 0A;
17103 : 0A;
17104 : 0A;
17105 : 0A;
17106 : 0A;
17107 : 0A;
17108 : 0A;
17109 : 0A;
17110 : 0E;
17111 : 0E;
17112 : 0E;
17113 : 0A;
17114 : 0E;
17115 : 0A;
17116 : 0A;
17117 : 0A;
17118 : 0A;
17119 : 0E;
17120 : 0A;
17121 : 0E;
17122 : 0A;
17123 : 05;
17124 : 05;
17125 : 05;
17126 : 05;
17127 : 05;
17128 : 05;
17129 : 00;
17130 : 00;
17131 : 00;
17132 : 00;
17133 : 00;
17134 : 05;
17135 : 05;
17136 : 05;
17137 : 05;
17138 : 0A;
17139 : 0A;
17140 : 0A;
17141 : 0A;
17142 : 0A;
17143 : 0A;
17144 : 0A;
17145 : 0A;
17146 : 0A;
17147 : 0A;
17148 : 0A;
17149 : 0A;
17150 : 0A;
17151 : 0A;
17152 : 0A;
17153 : 0A;
17154 : 0E;
17155 : 0A;
17156 : 0A;
17157 : 0A;
17158 : 0A;
17159 : 0A;
17160 : 0A;
17161 : 0A;
17162 : 0A;
17163 : 0A;
17164 : 0E;
17165 : 0A;
17166 : 0A;
17167 : 0E;
17168 : 0E;
17169 : 0E;
17170 : 0E;
17171 : 0A;
17172 : 0A;
17173 : 0E;
17174 : 0E;
17175 : 0A;
17176 : 0E;
17177 : 0A;
17178 : 0A;
17179 : 0A;
17180 : 0A;
17181 : 05;
17182 : 00;
17183 : 00;
17184 : 00;
17185 : 00;
17186 : 00;
17187 : 00;
17188 : 00;
17189 : 00;
17190 : 05;
17191 : 0A;
17192 : 0A;
17193 : 0A;
17194 : 0A;
17195 : 0A;
17196 : 0A;
17197 : 0E;
17198 : 0E;
17199 : 0E;
17200 : 0E;
17201 : 0E;
17202 : 0E;
17203 : 0E;
17204 : 0E;
17205 : 0E;
17206 : 0E;
17207 : 0E;
17208 : 0E;
17209 : 0E;
17210 : 0E;
17211 : 0E;
17212 : 0E;
17213 : 0E;
17214 : 0E;
17215 : 0E;
17216 : 0E;
17217 : 0E;
17218 : 0E;
17219 : 0E;
17220 : 0E;
17221 : 0E;
17222 : 0E;
17223 : 0E;
17224 : 0E;
17225 : 0E;
17226 : 0A;
17227 : 0E;
17228 : 0E;
17229 : 0E;
17230 : 0A;
17231 : 0A;
17232 : 0A;
17233 : 05;
17234 : 00;
17235 : 00;
17236 : 00;
17237 : 00;
17238 : 00;
17239 : 00;
17240 : 00;
17241 : 00;
17242 : 00;
17243 : 00;
17244 : 00;
17245 : 00;
17246 : 00;
17247 : 00;
17248 : 00;
17249 : 00;
17250 : 00;
17251 : 06;
17252 : 0A;
17253 : 0A;
17254 : 0A;
17255 : 0A;
17256 : 0A;
17257 : 0A;
17258 : 0A;
17259 : 0A;
17260 : 0A;
17261 : 0A;
17262 : 0A;
17263 : 0A;
17264 : 0A;
17265 : 0A;
17266 : 0A;
17267 : 0A;
17268 : 0A;
17269 : 0A;
17270 : 0A;
17271 : 0A;
17272 : 0A;
17273 : 0A;
17274 : 0A;
17275 : 0A;
17276 : 0A;
17277 : 0A;
17278 : 0A;
17279 : 0A;
17280 : 0A;
17281 : 0A;
17282 : 0A;
17283 : 0A;
17284 : 0A;
17285 : 0A;
17286 : 0A;
17287 : 0A;
17288 : 0A;
17289 : 0A;
17290 : 0A;
17291 : 0E;
17292 : 0E;
17293 : 0E;
17294 : 0E;
17295 : 0E;
17296 : 0E;
17297 : 0E;
17298 : 0E;
17299 : 0E;
17300 : 0E;
17301 : 0A;
17302 : 0A;
17303 : 0A;
17304 : 0A;
17305 : 0E;
17306 : 0E;
17307 : 0E;
17308 : 0A;
17309 : 0A;
17310 : 0A;
17311 : 0E;
17312 : 0E;
17313 : 0A;
17314 : 0A;
17315 : 0A;
17316 : 0A;
17317 : 0A;
17318 : 0E;
17319 : 0E;
17320 : 0E;
17321 : 0E;
17322 : 0E;
17323 : 0A;
17324 : 0E;
17325 : 0E;
17326 : 0E;
17327 : 0E;
17328 : 0E;
17329 : 0A;
17330 : 0A;
17331 : 0A;
17332 : 0A;
17333 : 0A;
17334 : 0A;
17335 : 0A;
17336 : 06;
17337 : 0A;
17338 : 0A;
17339 : 0A;
17340 : 0A;
17341 : 0A;
17342 : 0A;
17343 : 0A;
17344 : 0A;
17345 : 0A;
17346 : 0A;
17347 : 0A;
17348 : 0A;
17349 : 0A;
17350 : 0A;
17351 : 0A;
17352 : 0A;
17353 : 0A;
17354 : 0A;
17355 : 0A;
17356 : 0A;
17357 : 0A;
17358 : 0A;
17359 : 0E;
17360 : 0A;
17361 : 0A;
17362 : 0A;
17363 : 0A;
17364 : 0A;
17365 : 0A;
17366 : 0A;
17367 : 0A;
17368 : 0A;
17369 : 05;
17370 : 05;
17371 : 05;
17372 : 05;
17373 : 05;
17374 : 0A;
17375 : 0A;
17376 : 0A;
17377 : 0A;
17378 : 0A;
17379 : 0A;
17380 : 0A;
17381 : 0A;
17382 : 0A;
17383 : 0A;
17384 : 0A;
17385 : 0A;
17386 : 0A;
17387 : 0A;
17388 : 0E;
17389 : 0E;
17390 : 0E;
17391 : 0A;
17392 : 0A;
17393 : 0A;
17394 : 0A;
17395 : 0A;
17396 : 0A;
17397 : 0A;
17398 : 0A;
17399 : 0A;
17400 : 0A;
17401 : 0A;
17402 : 0A;
17403 : 0A;
17404 : 0A;
17405 : 0A;
17406 : 0A;
17407 : 0A;
17408 : 0E;
17409 : 0E;
17410 : 0E;
17411 : 0E;
17412 : 0E;
17413 : 0E;
17414 : 0E;
17415 : 0E;
17416 : 0E;
17417 : 0E;
17418 : 0E;
17419 : 0E;
17420 : 0A;
17421 : 0A;
17422 : 0A;
17423 : 0A;
17424 : 0A;
17425 : 0A;
17426 : 0A;
17427 : 0A;
17428 : 0A;
17429 : 0A;
17430 : 0A;
17431 : 0E;
17432 : 0E;
17433 : 0E;
17434 : 0A;
17435 : 0A;
17436 : 0A;
17437 : 0A;
17438 : 0A;
17439 : 0A;
17440 : 0E;
17441 : 0E;
17442 : 0E;
17443 : 0E;
17444 : 0E;
17445 : 0A;
17446 : 0A;
17447 : 0A;
17448 : 0A;
17449 : 0A;
17450 : 0A;
17451 : 0A;
17452 : 0A;
17453 : 0A;
17454 : 0A;
17455 : 0A;
17456 : 0A;
17457 : 0A;
17458 : 0A;
17459 : 0A;
17460 : 0E;
17461 : 0E;
17462 : 0E;
17463 : 0E;
17464 : 0E;
17465 : 0E;
17466 : 0E;
17467 : 0A;
17468 : 0A;
17469 : 0A;
17470 : 0E;
17471 : 0E;
17472 : 0E;
17473 : 0A;
17474 : 0A;
17475 : 0A;
17476 : 0A;
17477 : 01;
17478 : 00;
17479 : 00;
17480 : 00;
17481 : 00;
17482 : 00;
17483 : 00;
17484 : 00;
17485 : 00;
17486 : 00;
17487 : 00;
17488 : 06;
17489 : 0A;
17490 : 0A;
17491 : 0A;
17492 : 0A;
17493 : 0A;
17494 : 0A;
17495 : 0A;
17496 : 0A;
17497 : 0A;
17498 : 0A;
17499 : 0A;
17500 : 0A;
17501 : 0A;
17502 : 0A;
17503 : 0A;
17504 : 0A;
17505 : 0A;
17506 : 06;
17507 : 06;
17508 : 06;
17509 : 06;
17510 : 06;
17511 : 06;
17512 : 06;
17513 : 06;
17514 : 06;
17515 : 0A;
17516 : 0A;
17517 : 0A;
17518 : 0A;
17519 : 0A;
17520 : 0A;
17521 : 0A;
17522 : 0A;
17523 : 0A;
17524 : 0A;
17525 : 0A;
17526 : 0A;
17527 : 0A;
17528 : 0A;
17529 : 0A;
17530 : 0A;
17531 : 0A;
17532 : 0A;
17533 : 0A;
17534 : 0A;
17535 : 0E;
17536 : 0E;
17537 : 0E;
17538 : 0E;
17539 : 0E;
17540 : 0E;
17541 : 0E;
17542 : 0A;
17543 : 0E;
17544 : 0E;
17545 : 0E;
17546 : 0E;
17547 : 0E;
17548 : 0E;
17549 : 0E;
17550 : 0E;
17551 : 0E;
17552 : 0E;
17553 : 0E;
17554 : 0A;
17555 : 0E;
17556 : 0E;
17557 : 0E;
17558 : 0E;
17559 : 0E;
17560 : 0E;
17561 : 0E;
17562 : 0E;
17563 : 0E;
17564 : 0E;
17565 : 0E;
17566 : 0A;
17567 : 0A;
17568 : 0A;
17569 : 0A;
17570 : 0A;
17571 : 0A;
17572 : 0A;
17573 : 0A;
17574 : 0A;
17575 : 0A;
17576 : 0A;
17577 : 0A;
17578 : 0A;
17579 : 0A;
17580 : 0A;
17581 : 0A;
17582 : 0A;
17583 : 0A;
17584 : 0A;
17585 : 0A;
17586 : 0A;
17587 : 0A;
17588 : 0A;
17589 : 0A;
17590 : 0A;
17591 : 0A;
17592 : 0A;
17593 : 0A;
17594 : 0A;
17595 : 0A;
17596 : 0A;
17597 : 0A;
17598 : 0E;
17599 : 0E;
17600 : 0A;
17601 : 0E;
17602 : 0E;
17603 : 0E;
17604 : 0A;
17605 : 0A;
17606 : 0A;
17607 : 0A;
17608 : 0A;
17609 : 0A;
17610 : 0E;
17611 : 0E;
17612 : 0A;
17613 : 0A;
17614 : 0A;
17615 : 0A;
17616 : 0A;
17617 : 0A;
17618 : 0A;
17619 : 0A;
17620 : 0E;
17621 : 0A;
17622 : 0A;
17623 : 0A;
17624 : 0A;
17625 : 0A;
17626 : 0A;
17627 : 0A;
17628 : 0A;
17629 : 0A;
17630 : 0A;
17631 : 0A;
17632 : 0A;
17633 : 0A;
17634 : 0A;
17635 : 0A;
17636 : 0A;
17637 : 0A;
17638 : 0A;
17639 : 0A;
17640 : 0A;
17641 : 06;
17642 : 0A;
17643 : 0A;
17644 : 0A;
17645 : 0A;
17646 : 0A;
17647 : 0A;
17648 : 0A;
17649 : 0A;
17650 : 0A;
17651 : 0E;
17652 : 0E;
17653 : 0E;
17654 : 0E;
17655 : 0E;
17656 : 0E;
17657 : 0E;
17658 : 0E;
17659 : 0E;
17660 : 0E;
17661 : 0E;
17662 : 0E;
17663 : 0E;
17664 : 0E;
17665 : 0E;
17666 : 0E;
17667 : 0E;
17668 : 0E;
17669 : 0E;
17670 : 0E;
17671 : 0E;
17672 : 0E;
17673 : 0E;
17674 : 0E;
17675 : 0E;
17676 : 0E;
17677 : 0E;
17678 : 0E;
17679 : 0A;
17680 : 0E;
17681 : 0A;
17682 : 0A;
17683 : 0A;
17684 : 0A;
17685 : 0A;
17686 : 0A;
17687 : 0A;
17688 : 0A;
17689 : 0A;
17690 : 0A;
17691 : 0A;
17692 : 0A;
17693 : 0A;
17694 : 0A;
17695 : 06;
17696 : 0A;
17697 : 0A;
17698 : 0A;
17699 : 0A;
17700 : 0A;
17701 : 0A;
17702 : 0A;
17703 : 0A;
17704 : 0E;
17705 : 0E;
17706 : 0A;
17707 : 0A;
17708 : 0E;
17709 : 0E;
17710 : 0E;
17711 : 0E;
17712 : 0E;
17713 : 0E;
17714 : 0E;
17715 : 0A;
17716 : 0A;
17717 : 0A;
17718 : 0A;
17719 : 0A;
17720 : 0A;
17721 : 0A;
17722 : 0A;
17723 : 0A;
17724 : 0A;
17725 : 0A;
17726 : 0A;
17727 : 0A;
17728 : 0A;
17729 : 0A;
17730 : 0A;
17731 : 0A;
17732 : 0A;
17733 : 0A;
17734 : 0A;
17735 : 0A;
17736 : 0A;
17737 : 0A;
17738 : 0A;
17739 : 0A;
17740 : 0A;
17741 : 0A;
17742 : 0A;
17743 : 0A;
17744 : 0A;
17745 : 0A;
17746 : 0A;
17747 : 06;
17748 : 06;
17749 : 06;
17750 : 06;
17751 : 06;
17752 : 06;
17753 : 06;
17754 : 0A;
17755 : 0A;
17756 : 0A;
17757 : 0A;
17758 : 0A;
17759 : 0A;
17760 : 0A;
17761 : 0A;
17762 : 0A;
17763 : 0A;
17764 : 0A;
17765 : 0A;
17766 : 0A;
17767 : 0A;
17768 : 0A;
17769 : 0A;
17770 : 0A;
17771 : 0A;
17772 : 0A;
17773 : 0A;
17774 : 0A;
17775 : 0A;
17776 : 0E;
17777 : 0E;
17778 : 0E;
17779 : 0E;
17780 : 0E;
17781 : 0E;
17782 : 0E;
17783 : 0E;
17784 : 0E;
17785 : 0E;
17786 : 0E;
17787 : 0E;
17788 : 0E;
17789 : 0E;
17790 : 0E;
17791 : 0E;
17792 : 0E;
17793 : 0E;
17794 : 0E;
17795 : 0E;
17796 : 0E;
17797 : 0E;
17798 : 0E;
17799 : 0E;
17800 : 0E;
17801 : 0E;
17802 : 0A;
17803 : 0A;
17804 : 0A;
17805 : 0A;
17806 : 0A;
17807 : 0A;
17808 : 0A;
17809 : 0A;
17810 : 0A;
17811 : 0A;
17812 : 0A;
17813 : 0A;
17814 : 0A;
17815 : 06;
17816 : 06;
17817 : 0A;
17818 : 0A;
17819 : 06;
17820 : 0A;
17821 : 06;
17822 : 0A;
17823 : 0A;
17824 : 0A;
17825 : 0A;
17826 : 0A;
17827 : 0A;
17828 : 0A;
17829 : 0A;
17830 : 0A;
17831 : 0A;
17832 : 0A;
17833 : 0A;
17834 : 0A;
17835 : 0A;
17836 : 0A;
17837 : 0A;
17838 : 0E;
17839 : 0A;
17840 : 0A;
17841 : 0A;
17842 : 0A;
17843 : 0A;
17844 : 0A;
17845 : 0A;
17846 : 0A;
17847 : 0A;
17848 : 0A;
17849 : 0A;
17850 : 0A;
17851 : 0A;
17852 : 0A;
17853 : 0A;
17854 : 0A;
17855 : 0A;
17856 : 0A;
17857 : 0A;
17858 : 0A;
17859 : 0A;
17860 : 0A;
17861 : 0A;
17862 : 0A;
17863 : 0A;
17864 : 0A;
17865 : 0A;
17866 : 0A;
17867 : 0A;
17868 : 0A;
17869 : 0A;
17870 : 0A;
17871 : 0A;
17872 : 0A;
17873 : 0A;
17874 : 0A;
17875 : 0A;
17876 : 0A;
17877 : 0A;
17878 : 0A;
17879 : 0A;
17880 : 0A;
17881 : 0A;
17882 : 0A;
17883 : 0A;
17884 : 0A;
17885 : 0A;
17886 : 0A;
17887 : 0A;
17888 : 0A;
17889 : 0A;
17890 : 0A;
17891 : 0A;
17892 : 0E;
17893 : 0E;
17894 : 0E;
17895 : 0E;
17896 : 0E;
17897 : 0E;
17898 : 0E;
17899 : 0E;
17900 : 0E;
17901 : 0E;
17902 : 0A;
17903 : 0A;
17904 : 0A;
17905 : 0A;
17906 : 0A;
17907 : 0E;
17908 : 0E;
17909 : 0E;
17910 : 0E;
17911 : 0E;
17912 : 0E;
17913 : 0E;
17914 : 0E;
17915 : 0E;
17916 : 0E;
17917 : 0E;
17918 : 0E;
17919 : 0A;
17920 : 0A;
17921 : 0A;
17922 : 0A;
17923 : 0A;
17924 : 0A;
17925 : 0A;
17926 : 0A;
17927 : 0A;
17928 : 0A;
17929 : 0A;
17930 : 0A;
17931 : 0A;
17932 : 0A;
17933 : 0A;
17934 : 0A;
17935 : 06;
17936 : 0A;
17937 : 0A;
17938 : 0A;
17939 : 0A;
17940 : 0A;
17941 : 0A;
17942 : 0A;
17943 : 0A;
17944 : 0E;
17945 : 0E;
17946 : 0E;
17947 : 0E;
17948 : 0E;
17949 : 0E;
17950 : 0E;
17951 : 0E;
17952 : 0E;
17953 : 0E;
17954 : 0E;
17955 : 0E;
17956 : 0E;
17957 : 0E;
17958 : 0E;
17959 : 0E;
17960 : 0E;
17961 : 0A;
17962 : 0A;
17963 : 0A;
17964 : 0A;
17965 : 0A;
17966 : 0A;
17967 : 0A;
17968 : 0A;
17969 : 0A;
17970 : 0A;
17971 : 0A;
17972 : 0A;
17973 : 0A;
17974 : 0A;
17975 : 0A;
17976 : 0A;
17977 : 0A;
17978 : 0A;
17979 : 0A;
17980 : 0A;
17981 : 06;
17982 : 06;
17983 : 0A;
17984 : 0A;
17985 : 0A;
17986 : 0A;
17987 : 0A;
17988 : 06;
17989 : 06;
17990 : 06;
17991 : 06;
17992 : 06;
17993 : 06;
17994 : 06;
17995 : 0A;
17996 : 0A;
17997 : 0A;
17998 : 06;
17999 : 06;
18000 : 0A;
18001 : 0A;
18002 : 0A;
18003 : 0A;
18004 : 0A;
18005 : 0A;
18006 : 0A;
18007 : 0A;
18008 : 0A;
18009 : 0A;
18010 : 0A;
18011 : 0A;
18012 : 0A;
18013 : 0A;
18014 : 0A;
18015 : 0A;
18016 : 0A;
18017 : 0A;
18018 : 0E;
18019 : 0E;
18020 : 0E;
18021 : 0E;
18022 : 0E;
18023 : 0E;
18024 : 0E;
18025 : 0E;
18026 : 0E;
18027 : 0E;
18028 : 0E;
18029 : 0E;
18030 : 0E;
18031 : 0E;
18032 : 0E;
18033 : 0A;
18034 : 0E;
18035 : 0E;
18036 : 0A;
18037 : 0E;
18038 : 0E;
18039 : 0E;
18040 : 0E;
18041 : 0A;
18042 : 0A;
18043 : 0A;
18044 : 0A;
18045 : 0A;
18046 : 0A;
18047 : 0A;
18048 : 06;
18049 : 0A;
18050 : 06;
18051 : 0A;
18052 : 0A;
18053 : 0A;
18054 : 0A;
18055 : 0A;
18056 : 06;
18057 : 06;
18058 : 0A;
18059 : 0A;
18060 : 0A;
18061 : 06;
18062 : 0A;
18063 : 06;
18064 : 06;
18065 : 06;
18066 : 06;
18067 : 06;
18068 : 0A;
18069 : 0A;
18070 : 0A;
18071 : 0A;
18072 : 0A;
18073 : 0A;
18074 : 0A;
18075 : 0A;
18076 : 0A;
18077 : 0A;
18078 : 0A;
18079 : 0A;
18080 : 0A;
18081 : 0A;
18082 : 0A;
18083 : 0A;
18084 : 0A;
18085 : 0A;
18086 : 0A;
18087 : 0A;
18088 : 0A;
18089 : 0A;
18090 : 0A;
18091 : 0A;
18092 : 0A;
18093 : 0A;
18094 : 0A;
18095 : 0A;
18096 : 0A;
18097 : 0A;
18098 : 0A;
18099 : 0A;
18100 : 0A;
18101 : 0A;
18102 : 0A;
18103 : 0A;
18104 : 0A;
18105 : 0A;
18106 : 0A;
18107 : 0A;
18108 : 0A;
18109 : 0A;
18110 : 0A;
18111 : 0A;
18112 : 0A;
18113 : 0A;
18114 : 0A;
18115 : 0A;
18116 : 0A;
18117 : 0A;
18118 : 06;
18119 : 06;
18120 : 06;
18121 : 06;
18122 : 06;
18123 : 06;
18124 : 06;
18125 : 0A;
18126 : 0A;
18127 : 0A;
18128 : 0A;
18129 : 0A;
18130 : 0A;
18131 : 0A;
18132 : 0A;
18133 : 0A;
18134 : 0E;
18135 : 0E;
18136 : 0E;
18137 : 0E;
18138 : 0E;
18139 : 0E;
18140 : 0E;
18141 : 0E;
18142 : 0E;
18143 : 0A;
18144 : 0E;
18145 : 0E;
18146 : 0E;
18147 : 0E;
18148 : 0E;
18149 : 0A;
18150 : 0E;
18151 : 0A;
18152 : 0A;
18153 : 0E;
18154 : 0E;
18155 : 0E;
18156 : 0E;
18157 : 0A;
18158 : 0A;
18159 : 0A;
18160 : 0A;
18161 : 0A;
18162 : 0A;
18163 : 0A;
18164 : 0A;
18165 : 0A;
18166 : 0A;
18167 : 0A;
18168 : 0A;
18169 : 0A;
18170 : 0A;
18171 : 06;
18172 : 0A;
18173 : 0A;
18174 : 06;
18175 : 06;
18176 : 0A;
18177 : 0A;
18178 : 0A;
18179 : 0A;
18180 : 0A;
18181 : 0A;
18182 : 0A;
18183 : 0A;
18184 : 0A;
18185 : 0A;
18186 : 0E;
18187 : 0E;
18188 : 0E;
18189 : 0E;
18190 : 0E;
18191 : 0E;
18192 : 0E;
18193 : 0E;
18194 : 0E;
18195 : 0E;
18196 : 0E;
18197 : 0E;
18198 : 0A;
18199 : 0A;
18200 : 0E;
18201 : 0E;
18202 : 0E;
18203 : 0E;
18204 : 0E;
18205 : 0A;
18206 : 0A;
18207 : 0A;
18208 : 0A;
18209 : 0A;
18210 : 0A;
18211 : 0A;
18212 : 0A;
18213 : 0A;
18214 : 0A;
18215 : 0A;
18216 : 0A;
18217 : 0A;
18218 : 0A;
18219 : 0A;
18220 : 0A;
18221 : 0A;
18222 : 06;
18223 : 06;
18224 : 06;
18225 : 06;
18226 : 06;
18227 : 06;
18228 : 06;
18229 : 06;
18230 : 06;
18231 : 06;
18232 : 06;
18233 : 06;
18234 : 06;
18235 : 06;
18236 : 06;
18237 : 06;
18238 : 06;
18239 : 06;
18240 : 0A;
18241 : 0A;
18242 : 0A;
18243 : 0A;
18244 : 0A;
18245 : 0A;
18246 : 0A;
18247 : 0A;
18248 : 0A;
18249 : 0A;
18250 : 0A;
18251 : 0A;
18252 : 0A;
18253 : 0A;
18254 : 0A;
18255 : 0A;
18256 : 0A;
18257 : 0A;
18258 : 0A;
18259 : 0A;
18260 : 0A;
18261 : 0E;
18262 : 0E;
18263 : 0E;
18264 : 0E;
18265 : 0E;
18266 : 0E;
18267 : 0E;
18268 : 0E;
18269 : 0A;
18270 : 0A;
18271 : 0A;
18272 : 0E;
18273 : 0E;
18274 : 0E;
18275 : 0E;
18276 : 0A;
18277 : 0E;
18278 : 0A;
18279 : 0A;
18280 : 0A;
18281 : 0A;
18282 : 0A;
18283 : 0A;
18284 : 0A;
18285 : 0A;
18286 : 0A;
18287 : 0A;
18288 : 0A;
18289 : 0A;
18290 : 0A;
18291 : 0A;
18292 : 0A;
18293 : 0A;
18294 : 0A;
18295 : 0A;
18296 : 0A;
18297 : 0A;
18298 : 0A;
18299 : 0A;
18300 : 0A;
18301 : 0A;
18302 : 0A;
18303 : 0A;
18304 : 0A;
18305 : 0A;
18306 : 06;
18307 : 06;
18308 : 06;
18309 : 06;
18310 : 0A;
18311 : 0A;
18312 : 0A;
18313 : 0A;
18314 : 0A;
18315 : 0A;
18316 : 0A;
18317 : 0A;
18318 : 0A;
18319 : 0A;
18320 : 0A;
18321 : 0A;
18322 : 0A;
18323 : 0A;
18324 : 0A;
18325 : 0A;
18326 : 0A;
18327 : 0A;
18328 : 0A;
18329 : 0A;
18330 : 0A;
18331 : 0A;
18332 : 0A;
18333 : 0A;
18334 : 0A;
18335 : 0A;
18336 : 0A;
18337 : 0A;
18338 : 0A;
18339 : 0A;
18340 : 0A;
18341 : 0A;
18342 : 0A;
18343 : 06;
18344 : 0A;
18345 : 0A;
18346 : 0A;
18347 : 0A;
18348 : 0A;
18349 : 0A;
18350 : 0A;
18351 : 0A;
18352 : 0A;
18353 : 0A;
18354 : 0A;
18355 : 0A;
18356 : 06;
18357 : 06;
18358 : 06;
18359 : 06;
18360 : 06;
18361 : 06;
18362 : 06;
18363 : 06;
18364 : 06;
18365 : 06;
18366 : 06;
18367 : 0A;
18368 : 0A;
18369 : 0A;
18370 : 0A;
18371 : 0A;
18372 : 0A;
18373 : 0A;
18374 : 0A;
18375 : 0A;
18376 : 0A;
18377 : 0E;
18378 : 0E;
18379 : 0E;
18380 : 0E;
18381 : 0E;
18382 : 0E;
18383 : 0E;
18384 : 0E;
18385 : 0E;
18386 : 0E;
18387 : 0E;
18388 : 0E;
18389 : 0E;
18390 : 0E;
18391 : 0E;
18392 : 0E;
18393 : 0E;
18394 : 0A;
18395 : 0A;
18396 : 0A;
18397 : 0A;
18398 : 0A;
18399 : 06;
18400 : 0A;
18401 : 0A;
18402 : 0A;
18403 : 0A;
18404 : 0A;
18405 : 0A;
18406 : 0A;
18407 : 06;
18408 : 06;
18409 : 06;
18410 : 06;
18411 : 06;
18412 : 06;
18413 : 06;
18414 : 06;
18415 : 06;
18416 : 06;
18417 : 06;
18418 : 06;
18419 : 06;
18420 : 0A;
18421 : 0A;
18422 : 0A;
18423 : 0A;
18424 : 0A;
18425 : 0A;
18426 : 0A;
18427 : 0A;
18428 : 0A;
18429 : 0E;
18430 : 0E;
18431 : 0E;
18432 : 0E;
18433 : 0E;
18434 : 0E;
18435 : 0E;
18436 : 0E;
18437 : 0E;
18438 : 0E;
18439 : 0E;
18440 : 0E;
18441 : 0E;
18442 : 0E;
18443 : 0E;
18444 : 0E;
18445 : 0E;
18446 : 0A;
18447 : 0A;
18448 : 0E;
18449 : 0A;
18450 : 0A;
18451 : 0A;
18452 : 0A;
18453 : 0A;
18454 : 0A;
18455 : 06;
18456 : 0A;
18457 : 06;
18458 : 0A;
18459 : 06;
18460 : 06;
18461 : 06;
18462 : 06;
18463 : 06;
18464 : 06;
18465 : 06;
18466 : 06;
18467 : 06;
18468 : 06;
18469 : 06;
18470 : 06;
18471 : 06;
18472 : 06;
18473 : 06;
18474 : 06;
18475 : 06;
18476 : 06;
18477 : 06;
18478 : 06;
18479 : 06;
18480 : 0A;
18481 : 0A;
18482 : 0A;
18483 : 0A;
18484 : 0A;
18485 : 0A;
18486 : 0A;
18487 : 0A;
18488 : 0A;
18489 : 0A;
18490 : 0A;
18491 : 0A;
18492 : 0A;
18493 : 0A;
18494 : 0A;
18495 : 0A;
18496 : 0A;
18497 : 0A;
18498 : 0A;
18499 : 0A;
18500 : 0A;
18501 : 0A;
18502 : 0A;
18503 : 0E;
18504 : 0A;
18505 : 0A;
18506 : 0A;
18507 : 0A;
18508 : 0E;
18509 : 0E;
18510 : 0E;
18511 : 0E;
18512 : 0E;
18513 : 0E;
18514 : 0E;
18515 : 0A;
18516 : 0A;
18517 : 0A;
18518 : 0A;
18519 : 0A;
18520 : 0A;
18521 : 0A;
18522 : 0A;
18523 : 0A;
18524 : 0A;
18525 : 0A;
18526 : 0A;
18527 : 0A;
18528 : 0A;
18529 : 06;
18530 : 0A;
18531 : 0A;
18532 : 0A;
18533 : 0A;
18534 : 0A;
18535 : 0A;
18536 : 0A;
18537 : 06;
18538 : 0A;
18539 : 0A;
18540 : 0A;
18541 : 06;
18542 : 06;
18543 : 0A;
18544 : 0A;
18545 : 0A;
18546 : 06;
18547 : 06;
18548 : 0A;
18549 : 06;
18550 : 06;
18551 : 0A;
18552 : 0A;
18553 : 06;
18554 : 06;
18555 : 0A;
18556 : 0A;
18557 : 0A;
18558 : 0A;
18559 : 0A;
18560 : 0E;
18561 : 0E;
18562 : 0A;
18563 : 0A;
18564 : 0A;
18565 : 0A;
18566 : 0A;
18567 : 0A;
18568 : 0A;
18569 : 0A;
18570 : 0A;
18571 : 0A;
18572 : 0A;
18573 : 0A;
18574 : 0A;
18575 : 0A;
18576 : 0A;
18577 : 0A;
18578 : 0A;
18579 : 0A;
18580 : 0A;
18581 : 0A;
18582 : 0A;
18583 : 0A;
18584 : 0A;
18585 : 0A;
18586 : 0A;
18587 : 0A;
18588 : 06;
18589 : 0A;
18590 : 0A;
18591 : 0A;
18592 : 0A;
18593 : 0A;
18594 : 0A;
18595 : 0A;
18596 : 0A;
18597 : 0A;
18598 : 0A;
18599 : 06;
18600 : 06;
18601 : 06;
18602 : 06;
18603 : 06;
18604 : 06;
18605 : 0A;
18606 : 06;
18607 : 06;
18608 : 06;
18609 : 0A;
18610 : 0A;
18611 : 0A;
18612 : 0A;
18613 : 0A;
18614 : 0A;
18615 : 0A;
18616 : 0A;
18617 : 0A;
18618 : 0A;
18619 : 0E;
18620 : 0E;
18621 : 0E;
18622 : 0E;
18623 : 0E;
18624 : 0E;
18625 : 0E;
18626 : 0E;
18627 : 0E;
18628 : 0A;
18629 : 0A;
18630 : 0A;
18631 : 0A;
18632 : 0A;
18633 : 0A;
18634 : 0A;
18635 : 0A;
18636 : 0A;
18637 : 0A;
18638 : 0A;
18639 : 0A;
18640 : 0A;
18641 : 0A;
18642 : 0A;
18643 : 0A;
18644 : 0A;
18645 : 0A;
18646 : 0A;
18647 : 0A;
18648 : 06;
18649 : 06;
18650 : 06;
18651 : 0A;
18652 : 0A;
18653 : 0A;
18654 : 0A;
18655 : 0A;
18656 : 06;
18657 : 06;
18658 : 0A;
18659 : 06;
18660 : 06;
18661 : 0A;
18662 : 0A;
18663 : 0A;
18664 : 0A;
18665 : 0A;
18666 : 0A;
18667 : 0A;
18668 : 0A;
18669 : 0A;
18670 : 0A;
18671 : 0E;
18672 : 0E;
18673 : 0E;
18674 : 0E;
18675 : 0E;
18676 : 0E;
18677 : 0E;
18678 : 0E;
18679 : 0E;
18680 : 0E;
18681 : 0E;
18682 : 0E;
18683 : 0E;
18684 : 0E;
18685 : 0E;
18686 : 0A;
18687 : 0A;
18688 : 0A;
18689 : 0A;
18690 : 0A;
18691 : 0A;
18692 : 0A;
18693 : 0A;
18694 : 0A;
18695 : 0A;
18696 : 0A;
18697 : 0A;
18698 : 0A;
18699 : 0A;
18700 : 0A;
18701 : 0A;
18702 : 06;
18703 : 0A;
18704 : 06;
18705 : 0A;
18706 : 0A;
18707 : 0A;
18708 : 06;
18709 : 06;
18710 : 0A;
18711 : 06;
18712 : 06;
18713 : 06;
18714 : 06;
18715 : 0A;
18716 : 06;
18717 : 0A;
18718 : 06;
18719 : 06;
18720 : 0A;
18721 : 0A;
18722 : 0A;
18723 : 0A;
18724 : 0A;
18725 : 0A;
18726 : 0A;
18727 : 0A;
18728 : 0A;
18729 : 0A;
18730 : 0A;
18731 : 0A;
18732 : 0A;
18733 : 0A;
18734 : 0A;
18735 : 0A;
18736 : 0A;
18737 : 0A;
18738 : 0A;
18739 : 0A;
18740 : 0A;
18741 : 0A;
18742 : 0A;
18743 : 0A;
18744 : 0A;
18745 : 0A;
18746 : 0A;
18747 : 0A;
18748 : 0A;
18749 : 0A;
18750 : 0A;
18751 : 0E;
18752 : 0A;
18753 : 0A;
18754 : 0A;
18755 : 0A;
18756 : 0A;
18757 : 0A;
18758 : 0A;
18759 : 0A;
18760 : 0A;
18761 : 0A;
18762 : 0A;
18763 : 0A;
18764 : 0A;
18765 : 0A;
18766 : 0A;
18767 : 0A;
18768 : 0A;
18769 : 0A;
18770 : 0A;
18771 : 0A;
18772 : 0A;
18773 : 0A;
18774 : 0A;
18775 : 0A;
18776 : 0A;
18777 : 0A;
18778 : 0A;
18779 : 0A;
18780 : 0A;
18781 : 0A;
18782 : 0A;
18783 : 06;
18784 : 06;
18785 : 06;
18786 : 06;
18787 : 06;
18788 : 06;
18789 : 06;
18790 : 06;
18791 : 06;
18792 : 06;
18793 : 06;
18794 : 06;
18795 : 06;
18796 : 06;
18797 : 06;
18798 : 06;
18799 : 0A;
18800 : 0A;
18801 : 0A;
18802 : 0A;
18803 : 0A;
18804 : 0A;
18805 : 0A;
18806 : 0A;
18807 : 0A;
18808 : 0A;
18809 : 0A;
18810 : 0A;
18811 : 0A;
18812 : 0A;
18813 : 0A;
18814 : 0A;
18815 : 0A;
18816 : 0A;
18817 : 0A;
18818 : 0A;
18819 : 06;
18820 : 06;
18821 : 06;
18822 : 06;
18823 : 06;
18824 : 06;
18825 : 06;
18826 : 0A;
18827 : 0A;
18828 : 0A;
18829 : 0A;
18830 : 0A;
18831 : 06;
18832 : 06;
18833 : 06;
18834 : 0A;
18835 : 0A;
18836 : 06;
18837 : 06;
18838 : 06;
18839 : 06;
18840 : 06;
18841 : 06;
18842 : 06;
18843 : 06;
18844 : 06;
18845 : 06;
18846 : 06;
18847 : 06;
18848 : 06;
18849 : 06;
18850 : 06;
18851 : 06;
18852 : 06;
18853 : 06;
18854 : 06;
18855 : 06;
18856 : 06;
18857 : 0A;
18858 : 0A;
18859 : 0A;
18860 : 0A;
18861 : 0A;
18862 : 0A;
18863 : 0A;
18864 : 0A;
18865 : 0A;
18866 : 0A;
18867 : 0A;
18868 : 0A;
18869 : 0A;
18870 : 0A;
18871 : 06;
18872 : 06;
18873 : 0A;
18874 : 0A;
18875 : 0A;
18876 : 0A;
18877 : 0A;
18878 : 06;
18879 : 0A;
18880 : 06;
18881 : 06;
18882 : 06;
18883 : 06;
18884 : 06;
18885 : 06;
18886 : 06;
18887 : 06;
18888 : 06;
18889 : 0A;
18890 : 06;
18891 : 06;
18892 : 06;
18893 : 0A;
18894 : 0A;
18895 : 0A;
18896 : 0A;
18897 : 06;
18898 : 0A;
18899 : 0A;
18900 : 0A;
18901 : 06;
18902 : 06;
18903 : 06;
18904 : 06;
18905 : 06;
18906 : 06;
18907 : 0A;
18908 : 0A;
18909 : 0A;
18910 : 0A;
18911 : 0A;
18912 : 0A;
18913 : 0A;
18914 : 0E;
18915 : 0E;
18916 : 0E;
18917 : 0E;
18918 : 0E;
18919 : 0E;
18920 : 0E;
18921 : 0E;
18922 : 0A;
18923 : 0E;
18924 : 0A;
18925 : 0A;
18926 : 0A;
18927 : 0A;
18928 : 0A;
18929 : 0A;
18930 : 0A;
18931 : 0A;
18932 : 0A;
18933 : 0A;
18934 : 0A;
18935 : 06;
18936 : 06;
18937 : 0A;
18938 : 06;
18939 : 0A;
18940 : 06;
18941 : 06;
18942 : 06;
18943 : 06;
18944 : 06;
18945 : 0A;
18946 : 06;
18947 : 06;
18948 : 06;
18949 : 06;
18950 : 06;
18951 : 06;
18952 : 06;
18953 : 06;
18954 : 06;
18955 : 0A;
18956 : 0A;
18957 : 0A;
18958 : 0A;
18959 : 0A;
18960 : 0A;
18961 : 0A;
18962 : 0A;
18963 : 0A;
18964 : 0A;
18965 : 0A;
18966 : 0A;
18967 : 0A;
18968 : 0A;
18969 : 0A;
18970 : 0A;
18971 : 0A;
18972 : 0A;
18973 : 0A;
18974 : 0A;
18975 : 0A;
18976 : 0A;
18977 : 0A;
18978 : 0A;
18979 : 0A;
18980 : 0A;
18981 : 0A;
18982 : 0A;
18983 : 0A;
18984 : 0A;
18985 : 0A;
18986 : 0A;
18987 : 0A;
18988 : 0A;
18989 : 0A;
18990 : 0A;
18991 : 0A;
18992 : 0A;
18993 : 0A;
18994 : 0A;
18995 : 0A;
18996 : 0A;
18997 : 0A;
18998 : 0A;
18999 : 0A;
19000 : 0A;
19001 : 0A;
19002 : 0A;
19003 : 0A;
19004 : 0A;
19005 : 0A;
19006 : 0A;
19007 : 0A;
19008 : 0A;
19009 : 0A;
19010 : 0A;
19011 : 0A;
19012 : 0E;
19013 : 0E;
19014 : 0E;
19015 : 0E;
19016 : 0E;
19017 : 0E;
19018 : 0E;
19019 : 0E;
19020 : 0E;
19021 : 0E;
19022 : 0E;
19023 : 0A;
19024 : 0A;
19025 : 0A;
19026 : 0A;
19027 : 0A;
19028 : 06;
19029 : 06;
19030 : 0A;
19031 : 06;
19032 : 06;
19033 : 06;
19034 : 06;
19035 : 06;
19036 : 06;
19037 : 06;
19038 : 0A;
19039 : 06;
19040 : 06;
19041 : 06;
19042 : 0A;
19043 : 0A;
19044 : 0A;
19045 : 0A;
19046 : 0A;
19047 : 0A;
19048 : 0A;
19049 : 0A;
19050 : 0A;
19051 : 0A;
19052 : 06;
19053 : 06;
19054 : 06;
19055 : 06;
19056 : 06;
19057 : 0A;
19058 : 0A;
19059 : 0A;
19060 : 06;
19061 : 06;
19062 : 06;
19063 : 06;
19064 : 06;
19065 : 06;
19066 : 06;
19067 : 06;
19068 : 06;
19069 : 06;
19070 : 0A;
19071 : 0A;
19072 : 0A;
19073 : 0A;
19074 : 0A;
19075 : 0A;
19076 : 0A;
19077 : 0A;
19078 : 0A;
19079 : 0A;
19080 : 0A;
19081 : 06;
19082 : 06;
19083 : 06;
19084 : 06;
19085 : 06;
19086 : 0A;
19087 : 06;
19088 : 06;
19089 : 06;
19090 : 06;
19091 : 06;
19092 : 06;
19093 : 06;
19094 : 06;
19095 : 06;
19096 : 06;
19097 : 0A;
19098 : 0A;
19099 : 0A;
19100 : 06;
19101 : 0A;
19102 : 06;
19103 : 06;
19104 : 0A;
19105 : 0A;
19106 : 0A;
19107 : 0A;
19108 : 0A;
19109 : 06;
19110 : 0A;
19111 : 0A;
19112 : 0A;
19113 : 0A;
19114 : 0A;
19115 : 0A;
19116 : 0A;
19117 : 0A;
19118 : 0A;
19119 : 0A;
19120 : 06;
19121 : 06;
19122 : 06;
19123 : 0A;
19124 : 0A;
19125 : 0A;
19126 : 0A;
19127 : 0A;
19128 : 0A;
19129 : 0A;
19130 : 0A;
19131 : 0A;
19132 : 0A;
19133 : 0A;
19134 : 0A;
19135 : 0A;
19136 : 0A;
19137 : 06;
19138 : 06;
19139 : 0A;
19140 : 06;
19141 : 0A;
19142 : 06;
19143 : 06;
19144 : 06;
19145 : 06;
19146 : 06;
19147 : 06;
19148 : 0A;
19149 : 0A;
19150 : 0A;
19151 : 0A;
19152 : 0A;
19153 : 0A;
19154 : 0A;
19155 : 0A;
19156 : 0A;
19157 : 0A;
19158 : 0A;
19159 : 0A;
19160 : 0A;
19161 : 0A;
19162 : 0A;
19163 : 0A;
19164 : 0A;
19165 : 0A;
19166 : 0A;
19167 : 0A;
19168 : 0A;
19169 : 0A;
19170 : 0A;
19171 : 0A;
19172 : 06;
19173 : 06;
19174 : 0A;
19175 : 06;
19176 : 06;
19177 : 06;
19178 : 06;
19179 : 06;
19180 : 0A;
19181 : 0A;
19182 : 0A;
19183 : 0A;
19184 : 0A;
19185 : 0A;
19186 : 0A;
19187 : 0A;
19188 : 0A;
19189 : 0A;
19190 : 0A;
19191 : 0A;
19192 : 06;
19193 : 06;
19194 : 06;
19195 : 06;
19196 : 06;
19197 : 0A;
19198 : 06;
19199 : 06;
19200 : 0E;
19201 : 0E;
19202 : 0E;
19203 : 0E;
19204 : 0E;
19205 : 0E;
19206 : 0A;
19207 : 0A;
19208 : 0A;
19209 : 0A;
19210 : 0A;
19211 : 0A;
19212 : 0A;
19213 : 0A;
19214 : 0A;
19215 : 0A;
19216 : 0A;
19217 : 0A;
19218 : 0A;
19219 : 0A;
19220 : 0A;
19221 : 0A;
19222 : 0A;
19223 : 0A;
19224 : 0A;
19225 : 0A;
19226 : 0A;
19227 : 0A;
19228 : 0A;
19229 : 0A;
19230 : 0A;
19231 : 0A;
19232 : 0A;
19233 : 0A;
19234 : 0A;
19235 : 0A;
19236 : 0A;
19237 : 0A;
19238 : 0A;
19239 : 0A;
19240 : 0A;
19241 : 0A;
19242 : 0A;
19243 : 0A;
19244 : 0A;
19245 : 0A;
19246 : 0A;
19247 : 0A;
19248 : 0A;
19249 : 0E;
19250 : 0E;
19251 : 0E;
19252 : 0E;
19253 : 0E;
19254 : 0E;
19255 : 0E;
19256 : 0E;
19257 : 0E;
19258 : 0E;
19259 : 0E;
19260 : 0E;
19261 : 0E;
19262 : 0E;
19263 : 0E;
19264 : 0E;
19265 : 0E;
19266 : 0E;
19267 : 0A;
19268 : 0A;
19269 : 0A;
19270 : 06;
19271 : 06;
19272 : 06;
19273 : 06;
19274 : 06;
19275 : 0A;
19276 : 06;
19277 : 0A;
19278 : 06;
19279 : 06;
19280 : 06;
19281 : 0A;
19282 : 06;
19283 : 06;
19284 : 06;
19285 : 06;
19286 : 06;
19287 : 06;
19288 : 0A;
19289 : 0A;
19290 : 06;
19291 : 06;
19292 : 06;
19293 : 06;
19294 : 06;
19295 : 06;
19296 : 06;
19297 : 06;
19298 : 06;
19299 : 0A;
19300 : 0A;
19301 : 0A;
19302 : 0A;
19303 : 0A;
19304 : 0A;
19305 : 0A;
19306 : 0A;
19307 : 0A;
19308 : 0A;
19309 : 0A;
19310 : 0E;
19311 : 0E;
19312 : 0E;
19313 : 0E;
19314 : 0E;
19315 : 0E;
19316 : 0E;
19317 : 0E;
19318 : 0E;
19319 : 0E;
19320 : 0E;
19321 : 0A;
19322 : 0A;
19323 : 0A;
19324 : 0A;
19325 : 06;
19326 : 0A;
19327 : 06;
19328 : 06;
19329 : 06;
19330 : 06;
19331 : 06;
19332 : 06;
19333 : 06;
19334 : 06;
19335 : 06;
19336 : 06;
19337 : 06;
19338 : 0A;
19339 : 0A;
19340 : 0A;
19341 : 0A;
19342 : 0A;
19343 : 06;
19344 : 06;
19345 : 0A;
19346 : 0A;
19347 : 0A;
19348 : 0A;
19349 : 0A;
19350 : 0A;
19351 : 0A;
19352 : 0A;
19353 : 0A;
19354 : 0A;
19355 : 0A;
19356 : 0A;
19357 : 0A;
19358 : 0A;
19359 : 0A;
19360 : 0A;
19361 : 0A;
19362 : 0A;
19363 : 0E;
19364 : 0E;
19365 : 0E;
19366 : 0E;
19367 : 0E;
19368 : 0E;
19369 : 0E;
19370 : 0E;
19371 : 0E;
19372 : 0E;
19373 : 0E;
19374 : 0A;
19375 : 0A;
19376 : 0A;
19377 : 0A;
19378 : 0A;
19379 : 0A;
19380 : 0A;
19381 : 0A;
19382 : 0A;
19383 : 0A;
19384 : 06;
19385 : 06;
19386 : 06;
19387 : 06;
19388 : 06;
19389 : 0A;
19390 : 0A;
19391 : 0A;
19392 : 0A;
19393 : 0A;
19394 : 0A;
19395 : 0A;
19396 : 0A;
19397 : 0A;
19398 : 0A;
19399 : 0A;
19400 : 0A;
19401 : 0A;
19402 : 0A;
19403 : 0A;
19404 : 0A;
19405 : 0A;
19406 : 0A;
19407 : 0A;
19408 : 0A;
19409 : 0A;
19410 : 0A;
19411 : 0A;
19412 : 06;
19413 : 06;
19414 : 0A;
19415 : 0A;
19416 : 0A;
19417 : 0A;
19418 : 0A;
19419 : 0A;
19420 : 0E;
19421 : 0E;
19422 : 0E;
19423 : 0E;
19424 : 0E;
19425 : 0E;
19426 : 0E;
19427 : 0E;
19428 : 0E;
19429 : 0E;
19430 : 0E;
19431 : 0E;
19432 : 0A;
19433 : 0A;
19434 : 0A;
19435 : 0A;
19436 : 0A;
19437 : 0A;
19438 : 06;
19439 : 0A;
19440 : 0E;
19441 : 0E;
19442 : 0E;
19443 : 0E;
19444 : 0E;
19445 : 0E;
19446 : 0E;
19447 : 0E;
19448 : 0E;
19449 : 0E;
19450 : 0A;
19451 : 0A;
19452 : 0A;
19453 : 0A;
19454 : 0A;
19455 : 0A;
19456 : 0A;
19457 : 0A;
19458 : 0A;
19459 : 0A;
19460 : 0A;
19461 : 0A;
19462 : 0A;
19463 : 0A;
19464 : 0A;
19465 : 0A;
19466 : 0A;
19467 : 0A;
19468 : 0A;
19469 : 0A;
19470 : 0A;
19471 : 0A;
19472 : 0A;
19473 : 0A;
19474 : 0A;
19475 : 0A;
19476 : 0A;
19477 : 0A;
19478 : 0A;
19479 : 0A;
19480 : 0A;
19481 : 0A;
19482 : 0A;
19483 : 0A;
19484 : 0A;
19485 : 0A;
19486 : 0E;
19487 : 0E;
19488 : 0E;
19489 : 0E;
19490 : 0E;
19491 : 0E;
19492 : 0E;
19493 : 0E;
19494 : 0E;
19495 : 0E;
19496 : 0E;
19497 : 0E;
19498 : 0E;
19499 : 0E;
19500 : 0E;
19501 : 0E;
19502 : 0E;
19503 : 0E;
19504 : 0E;
19505 : 0E;
19506 : 0E;
19507 : 0E;
19508 : 0E;
19509 : 0E;
19510 : 0A;
19511 : 0A;
19512 : 06;
19513 : 06;
19514 : 0A;
19515 : 06;
19516 : 06;
19517 : 06;
19518 : 0A;
19519 : 0A;
19520 : 0A;
19521 : 0A;
19522 : 06;
19523 : 0A;
19524 : 0A;
19525 : 0A;
19526 : 0A;
19527 : 06;
19528 : 06;
19529 : 06;
19530 : 06;
19531 : 06;
19532 : 06;
19533 : 06;
19534 : 06;
19535 : 06;
19536 : 0A;
19537 : 0A;
19538 : 0A;
19539 : 0A;
19540 : 0A;
19541 : 0A;
19542 : 0A;
19543 : 0A;
19544 : 0A;
19545 : 0E;
19546 : 0E;
19547 : 0E;
19548 : 0E;
19549 : 0E;
19550 : 0E;
19551 : 0E;
19552 : 0E;
19553 : 0E;
19554 : 0E;
19555 : 0E;
19556 : 0E;
19557 : 0E;
19558 : 0E;
19559 : 0E;
19560 : 0E;
19561 : 0E;
19562 : 0E;
19563 : 0E;
19564 : 0E;
19565 : 0A;
19566 : 0A;
19567 : 0A;
19568 : 0A;
19569 : 06;
19570 : 06;
19571 : 06;
19572 : 06;
19573 : 06;
19574 : 0A;
19575 : 0A;
19576 : 06;
19577 : 06;
19578 : 06;
19579 : 06;
19580 : 06;
19581 : 0A;
19582 : 06;
19583 : 06;
19584 : 0A;
19585 : 06;
19586 : 0A;
19587 : 0A;
19588 : 0A;
19589 : 0A;
19590 : 0A;
19591 : 0A;
19592 : 0A;
19593 : 0A;
19594 : 0A;
19595 : 0A;
19596 : 0A;
19597 : 0A;
19598 : 0E;
19599 : 0E;
19600 : 0E;
19601 : 0E;
19602 : 0E;
19603 : 0E;
19604 : 0E;
19605 : 0E;
19606 : 0E;
19607 : 0E;
19608 : 0E;
19609 : 0E;
19610 : 0E;
19611 : 0E;
19612 : 0E;
19613 : 0E;
19614 : 0E;
19615 : 0E;
19616 : 0E;
19617 : 0E;
19618 : 0E;
19619 : 0A;
19620 : 0A;
19621 : 0A;
19622 : 0A;
19623 : 0A;
19624 : 0A;
19625 : 06;
19626 : 0A;
19627 : 0A;
19628 : 0A;
19629 : 0A;
19630 : 0A;
19631 : 0A;
19632 : 0A;
19633 : 06;
19634 : 0A;
19635 : 0A;
19636 : 0A;
19637 : 0A;
19638 : 0A;
19639 : 0A;
19640 : 0A;
19641 : 0A;
19642 : 0A;
19643 : 0A;
19644 : 0A;
19645 : 0A;
19646 : 0A;
19647 : 0A;
19648 : 0A;
19649 : 0A;
19650 : 0A;
19651 : 0A;
19652 : 06;
19653 : 06;
19654 : 0A;
19655 : 0A;
19656 : 0A;
19657 : 0E;
19658 : 0E;
19659 : 0E;
19660 : 0E;
19661 : 0E;
19662 : 0E;
19663 : 0E;
19664 : 0E;
19665 : 0E;
19666 : 0E;
19667 : 0E;
19668 : 0E;
19669 : 0E;
19670 : 0E;
19671 : 0E;
19672 : 0E;
19673 : 0E;
19674 : 0E;
19675 : 0E;
19676 : 0E;
19677 : 0A;
19678 : 0A;
19679 : 0A;
19680 : 0E;
19681 : 0E;
19682 : 0E;
19683 : 0E;
19684 : 0E;
19685 : 0E;
19686 : 0E;
19687 : 0E;
19688 : 0E;
19689 : 0E;
19690 : 0E;
19691 : 0E;
19692 : 0E;
19693 : 0A;
19694 : 0A;
19695 : 0A;
19696 : 0A;
19697 : 0A;
19698 : 0A;
19699 : 0A;
19700 : 0A;
19701 : 0A;
19702 : 0A;
19703 : 0A;
19704 : 0A;
19705 : 0A;
19706 : 0A;
19707 : 0A;
19708 : 0A;
19709 : 0A;
19710 : 0A;
19711 : 0A;
19712 : 0A;
19713 : 0A;
19714 : 0A;
19715 : 0A;
19716 : 0A;
19717 : 0A;
19718 : 0A;
19719 : 0A;
19720 : 0A;
19721 : 0A;
19722 : 0E;
19723 : 0A;
19724 : 0E;
19725 : 0E;
19726 : 0E;
19727 : 0E;
19728 : 0E;
19729 : 0E;
19730 : 0E;
19731 : 0E;
19732 : 0E;
19733 : 0E;
19734 : 0E;
19735 : 0E;
19736 : 0E;
19737 : 0E;
19738 : 0E;
19739 : 0E;
19740 : 0E;
19741 : 0E;
19742 : 0E;
19743 : 0E;
19744 : 0E;
19745 : 0E;
19746 : 0E;
19747 : 0E;
19748 : 0E;
19749 : 0E;
19750 : 0E;
19751 : 0E;
19752 : 0A;
19753 : 0A;
19754 : 0A;
19755 : 0A;
19756 : 0A;
19757 : 0A;
19758 : 0A;
19759 : 0A;
19760 : 0A;
19761 : 0A;
19762 : 0A;
19763 : 0A;
19764 : 0A;
19765 : 0A;
19766 : 0A;
19767 : 0A;
19768 : 0A;
19769 : 06;
19770 : 0A;
19771 : 06;
19772 : 06;
19773 : 0A;
19774 : 0A;
19775 : 0A;
19776 : 0A;
19777 : 0A;
19778 : 0A;
19779 : 0A;
19780 : 0A;
19781 : 0A;
19782 : 0E;
19783 : 0E;
19784 : 0E;
19785 : 0E;
19786 : 0E;
19787 : 0E;
19788 : 0E;
19789 : 0E;
19790 : 0E;
19791 : 0E;
19792 : 0E;
19793 : 0E;
19794 : 0E;
19795 : 0E;
19796 : 0E;
19797 : 0E;
19798 : 0E;
19799 : 0E;
19800 : 0E;
19801 : 0E;
19802 : 0E;
19803 : 0E;
19804 : 0E;
19805 : 0E;
19806 : 0E;
19807 : 0E;
19808 : 0E;
19809 : 0A;
19810 : 0A;
19811 : 0A;
19812 : 0A;
19813 : 0A;
19814 : 06;
19815 : 0A;
19816 : 0A;
19817 : 0A;
19818 : 06;
19819 : 06;
19820 : 06;
19821 : 06;
19822 : 0A;
19823 : 0A;
19824 : 0A;
19825 : 0A;
19826 : 0A;
19827 : 0A;
19828 : 0A;
19829 : 0A;
19830 : 0A;
19831 : 0A;
19832 : 0A;
19833 : 0A;
19834 : 0A;
19835 : 0E;
19836 : 0E;
19837 : 0E;
19838 : 0E;
19839 : 0E;
19840 : 0E;
19841 : 0E;
19842 : 0E;
19843 : 0E;
19844 : 0E;
19845 : 0E;
19846 : 0E;
19847 : 0E;
19848 : 0E;
19849 : 0E;
19850 : 0E;
19851 : 0E;
19852 : 0E;
19853 : 0E;
19854 : 0E;
19855 : 0E;
19856 : 0E;
19857 : 0E;
19858 : 0E;
19859 : 0E;
19860 : 0E;
19861 : 0A;
19862 : 0A;
19863 : 0A;
19864 : 0A;
19865 : 0A;
19866 : 06;
19867 : 0A;
19868 : 0A;
19869 : 0A;
19870 : 0A;
19871 : 0A;
19872 : 0A;
19873 : 0A;
19874 : 0A;
19875 : 0A;
19876 : 0A;
19877 : 0A;
19878 : 0A;
19879 : 0A;
19880 : 0A;
19881 : 0A;
19882 : 0A;
19883 : 0A;
19884 : 0A;
19885 : 0A;
19886 : 0A;
19887 : 0A;
19888 : 0A;
19889 : 0A;
19890 : 0A;
19891 : 0A;
19892 : 0A;
19893 : 0A;
19894 : 0A;
19895 : 0E;
19896 : 0E;
19897 : 0E;
19898 : 0E;
19899 : 0E;
19900 : 0E;
19901 : 0E;
19902 : 0E;
19903 : 0E;
19904 : 0E;
19905 : 0E;
19906 : 0E;
19907 : 0E;
19908 : 0E;
19909 : 0E;
19910 : 0E;
19911 : 0E;
19912 : 0E;
19913 : 0E;
19914 : 0E;
19915 : 0E;
19916 : 0E;
19917 : 0E;
19918 : 0E;
19919 : 0E;
19920 : 0E;
19921 : 0E;
19922 : 0E;
19923 : 0E;
19924 : 0E;
19925 : 0E;
19926 : 0E;
19927 : 0E;
19928 : 0E;
19929 : 0E;
19930 : 0E;
19931 : 0E;
19932 : 0E;
19933 : 0E;
19934 : 0E;
19935 : 0E;
19936 : 0E;
19937 : 0A;
19938 : 0A;
19939 : 0A;
19940 : 0A;
19941 : 0A;
19942 : 0A;
19943 : 0A;
19944 : 0A;
19945 : 0A;
19946 : 0A;
19947 : 0A;
19948 : 0A;
19949 : 0A;
19950 : 0A;
19951 : 0A;
19952 : 0A;
19953 : 0A;
19954 : 0A;
19955 : 0A;
19956 : 0A;
19957 : 0A;
19958 : 0A;
19959 : 0A;
19960 : 0A;
19961 : 0E;
19962 : 0E;
19963 : 0E;
19964 : 0E;
19965 : 0E;
19966 : 0E;
19967 : 0E;
19968 : 0E;
19969 : 0E;
19970 : 0E;
19971 : 0E;
19972 : 0E;
19973 : 0E;
19974 : 0E;
19975 : 0A;
19976 : 0A;
19977 : 0E;
19978 : 0E;
19979 : 0E;
19980 : 0E;
19981 : 0E;
19982 : 0E;
19983 : 0E;
19984 : 0E;
19985 : 0E;
19986 : 0E;
19987 : 0E;
19988 : 0E;
19989 : 0E;
19990 : 0E;
19991 : 0E;
19992 : 0E;
19993 : 0E;
19994 : 0A;
19995 : 0A;
19996 : 0A;
19997 : 0A;
19998 : 0A;
19999 : 0A;
20000 : 0A;
20001 : 0A;
20002 : 0A;
20003 : 0A;
20004 : 0A;
20005 : 0A;
20006 : 0A;
20007 : 0A;
20008 : 0A;
20009 : 0A;
20010 : 0A;
20011 : 0A;
20012 : 0A;
20013 : 0A;
20014 : 0A;
20015 : 0A;
20016 : 0A;
20017 : 0A;
20018 : 0A;
20019 : 0A;
20020 : 0E;
20021 : 0E;
20022 : 0E;
20023 : 0E;
20024 : 0E;
20025 : 0E;
20026 : 0E;
20027 : 0E;
20028 : 0E;
20029 : 0E;
20030 : 0E;
20031 : 0E;
20032 : 0A;
20033 : 0A;
20034 : 0A;
20035 : 0A;
20036 : 0A;
20037 : 0A;
20038 : 0A;
20039 : 0A;
20040 : 0A;
20041 : 0E;
20042 : 0E;
20043 : 0E;
20044 : 0E;
20045 : 0E;
20046 : 0E;
20047 : 0E;
20048 : 0E;
20049 : 0E;
20050 : 0E;
20051 : 0A;
20052 : 0A;
20053 : 0A;
20054 : 0A;
20055 : 0A;
20056 : 0A;
20057 : 0A;
20058 : 0A;
20059 : 0A;
20060 : 0A;
20061 : 0A;
20062 : 0A;
20063 : 0A;
20064 : 0A;
20065 : 0A;
20066 : 0A;
20067 : 0A;
20068 : 0A;
20069 : 0A;
20070 : 0A;
20071 : 0A;
20072 : 0A;
20073 : 0E;
20074 : 0E;
20075 : 0E;
20076 : 0E;
20077 : 0E;
20078 : 0E;
20079 : 0E;
20080 : 0E;
20081 : 0E;
20082 : 0E;
20083 : 0E;
20084 : 0E;
20085 : 0E;
20086 : 0E;
20087 : 0E;
20088 : 0E;
20089 : 0E;
20090 : 0E;
20091 : 0A;
20092 : 0A;
20093 : 0A;
20094 : 0A;
20095 : 0E;
20096 : 0E;
20097 : 0E;
20098 : 0E;
20099 : 0E;
20100 : 0E;
20101 : 0E;
20102 : 0E;
20103 : 0E;
20104 : 0A;
20105 : 0A;
20106 : 0A;
20107 : 0A;
20108 : 0A;
20109 : 0A;
20110 : 0A;
20111 : 0A;
20112 : 0A;
20113 : 0A;
20114 : 0A;
20115 : 0A;
20116 : 0A;
20117 : 0A;
20118 : 0A;
20119 : 0A;
20120 : 0A;
20121 : 0A;
20122 : 0A;
20123 : 0A;
20124 : 0A;
20125 : 0A;
20126 : 0A;
20127 : 0A;
20128 : 0A;
20129 : 0A;
20130 : 0A;
20131 : 0A;
20132 : 0E;
20133 : 0E;
20134 : 0E;
20135 : 0E;
20136 : 0E;
20137 : 0E;
20138 : 0E;
20139 : 0E;
20140 : 0E;
20141 : 0E;
20142 : 0E;
20143 : 0E;
20144 : 0E;
20145 : 0E;
20146 : 0E;
20147 : 0E;
20148 : 0E;
20149 : 0E;
20150 : 0E;
20151 : 0E;
20152 : 0E;
20153 : 0E;
20154 : 0E;
20155 : 0E;
20156 : 0E;
20157 : 0E;
20158 : 0E;
20159 : 0E;
20160 : 0A;
20161 : 0A;
20162 : 0A;
20163 : 0A;
20164 : 0A;
20165 : 0E;
20166 : 0E;
20167 : 0E;
20168 : 0E;
20169 : 0E;
20170 : 0E;
20171 : 0E;
20172 : 0E;
20173 : 0E;
20174 : 0E;
20175 : 0E;
20176 : 0E;
20177 : 0E;
20178 : 0E;
20179 : 0E;
20180 : 0A;
20181 : 0A;
20182 : 0A;
20183 : 0A;
20184 : 0A;
20185 : 0A;
20186 : 0A;
20187 : 0A;
20188 : 0A;
20189 : 0A;
20190 : 0A;
20191 : 0A;
20192 : 0A;
20193 : 0A;
20194 : 0A;
20195 : 0A;
20196 : 0A;
20197 : 0A;
20198 : 0E;
20199 : 0E;
20200 : 0E;
20201 : 0E;
20202 : 0E;
20203 : 0E;
20204 : 0E;
20205 : 0E;
20206 : 0E;
20207 : 0E;
20208 : 0E;
20209 : 0E;
20210 : 0E;
20211 : 0A;
20212 : 0A;
20213 : 0A;
20214 : 0A;
20215 : 0A;
20216 : 0A;
20217 : 0A;
20218 : 0A;
20219 : 0A;
20220 : 0A;
20221 : 0A;
20222 : 0A;
20223 : 0A;
20224 : 0E;
20225 : 0E;
20226 : 0E;
20227 : 0E;
20228 : 0E;
20229 : 0E;
20230 : 0E;
20231 : 0E;
20232 : 0E;
20233 : 0E;
20234 : 0E;
20235 : 0E;
20236 : 0E;
20237 : 0A;
20238 : 0A;
20239 : 0A;
20240 : 0A;
20241 : 0A;
20242 : 0A;
20243 : 0A;
20244 : 0A;
20245 : 0A;
20246 : 0A;
20247 : 0A;
20248 : 0A;
20249 : 0A;
20250 : 0A;
20251 : 0A;
20252 : 0A;
20253 : 0A;
20254 : 0A;
20255 : 0A;
20256 : 0A;
20257 : 0A;
20258 : 0E;
20259 : 0E;
20260 : 0E;
20261 : 0E;
20262 : 0E;
20263 : 0E;
20264 : 0E;
20265 : 0E;
20266 : 0E;
20267 : 0E;
20268 : 0E;
20269 : 0A;
20270 : 0A;
20271 : 0A;
20272 : 0A;
20273 : 0A;
20274 : 0A;
20275 : 0A;
20276 : 0A;
20277 : 0A;
20278 : 0A;
20279 : 0A;
20280 : 0A;
20281 : 0A;
20282 : 0A;
20283 : 0A;
20284 : 0A;
20285 : 0E;
20286 : 0E;
20287 : 0E;
20288 : 0E;
20289 : 0E;
20290 : 0E;
20291 : 0E;
20292 : 0E;
20293 : 0A;
20294 : 0A;
20295 : 0A;
20296 : 0A;
20297 : 0A;
20298 : 0A;
20299 : 0A;
20300 : 0A;
20301 : 0A;
20302 : 0A;
20303 : 0A;
20304 : 0A;
20305 : 0A;
20306 : 0A;
20307 : 0A;
20308 : 0A;
20309 : 0A;
20310 : 0A;
20311 : 0E;
20312 : 0E;
20313 : 0E;
20314 : 0E;
20315 : 0E;
20316 : 0E;
20317 : 0E;
20318 : 0E;
20319 : 0E;
20320 : 0E;
20321 : 0E;
20322 : 0E;
20323 : 0E;
20324 : 0A;
20325 : 0A;
20326 : 0A;
20327 : 0A;
20328 : 0A;
20329 : 0A;
20330 : 0A;
20331 : 0A;
20332 : 0A;
20333 : 0A;
20334 : 0A;
20335 : 0A;
20336 : 0A;
20337 : 0A;
20338 : 0A;
20339 : 0E;
20340 : 0E;
20341 : 0E;
20342 : 0E;
20343 : 0E;
20344 : 0E;
20345 : 0E;
20346 : 0E;
20347 : 0E;
20348 : 0A;
20349 : 0A;
20350 : 0A;
20351 : 0A;
20352 : 0A;
20353 : 0A;
20354 : 0A;
20355 : 0A;
20356 : 0A;
20357 : 0A;
20358 : 0A;
20359 : 0A;
20360 : 0A;
20361 : 0A;
20362 : 0A;
20363 : 0A;
20364 : 0A;
20365 : 0A;
20366 : 0A;
20367 : 0A;
20368 : 0A;
20369 : 0E;
20370 : 0E;
20371 : 0E;
20372 : 0E;
20373 : 0E;
20374 : 0E;
20375 : 0E;
20376 : 0E;
20377 : 0E;
20378 : 0E;
20379 : 0E;
20380 : 0E;
20381 : 0E;
20382 : 0E;
20383 : 0A;
20384 : 0A;
20385 : 0A;
20386 : 0A;
20387 : 0A;
20388 : 0A;
20389 : 0E;
20390 : 0E;
20391 : 0E;
20392 : 0E;
20393 : 0E;
20394 : 0E;
20395 : 0E;
20396 : 0E;
20397 : 0E;
20398 : 0E;
20399 : 0E;
20400 : 0A;
20401 : 0A;
20402 : 0A;
20403 : 0A;
20404 : 0A;
20405 : 0A;
20406 : 0A;
20407 : 0E;
20408 : 0E;
20409 : 0E;
20410 : 0E;
20411 : 0E;
20412 : 0E;
20413 : 0E;
20414 : 0E;
20415 : 0E;
20416 : 0E;
20417 : 0E;
20418 : 0E;
20419 : 0E;
20420 : 0E;
20421 : 0E;
20422 : 0E;
20423 : 0E;
20424 : 0A;
20425 : 0A;
20426 : 0A;
20427 : 0A;
20428 : 0A;
20429 : 0A;
20430 : 0A;
20431 : 0A;
20432 : 0A;
20433 : 0A;
20434 : 0E;
20435 : 0E;
20436 : 0E;
20437 : 0E;
20438 : 0E;
20439 : 0E;
20440 : 0E;
20441 : 0E;
20442 : 0E;
20443 : 0E;
20444 : 0E;
20445 : 0E;
20446 : 0E;
20447 : 0E;
20448 : 0E;
20449 : 0A;
20450 : 0A;
20451 : 0A;
20452 : 0A;
20453 : 0A;
20454 : 0A;
20455 : 0A;
20456 : 0A;
20457 : 0A;
20458 : 0A;
20459 : 0A;
20460 : 0A;
20461 : 0A;
20462 : 0A;
20463 : 0A;
20464 : 0A;
20465 : 0A;
20466 : 0A;
20467 : 0A;
20468 : 0A;
20469 : 0E;
20470 : 0E;
20471 : 0E;
20472 : 0E;
20473 : 0E;
20474 : 0E;
20475 : 0E;
20476 : 0E;
20477 : 0E;
20478 : 0E;
20479 : 0E;
20480 : 0A;
20481 : 0A;
20482 : 0A;
20483 : 0A;
20484 : 0A;
20485 : 0A;
20486 : 0A;
20487 : 0A;
20488 : 0A;
20489 : 0A;
20490 : 0A;
20491 : 0A;
20492 : 0A;
20493 : 0A;
20494 : 0A;
20495 : 0E;
20496 : 0E;
20497 : 0E;
20498 : 0E;
20499 : 0E;
20500 : 0E;
20501 : 0E;
20502 : 0E;
20503 : 0E;
20504 : 0E;
20505 : 0E;
20506 : 0A;
20507 : 0A;
20508 : 0A;
20509 : 0A;
20510 : 0A;
20511 : 0A;
20512 : 0A;
20513 : 0A;
20514 : 0A;
20515 : 0A;
20516 : 0A;
20517 : 0A;
20518 : 0A;
20519 : 0A;
20520 : 0A;
20521 : 0A;
20522 : 0A;
20523 : 0A;
20524 : 0A;
20525 : 0A;
20526 : 0A;
20527 : 0E;
20528 : 0E;
20529 : 0E;
20530 : 0E;
20531 : 0E;
20532 : 0E;
20533 : 0E;
20534 : 0E;
20535 : 0E;
20536 : 0E;
20537 : 0A;
20538 : 0A;
20539 : 0A;
20540 : 0A;
20541 : 0A;
20542 : 0A;
20543 : 0A;
20544 : 0A;
20545 : 0A;
20546 : 0E;
20547 : 0E;
20548 : 0E;
20549 : 0E;
20550 : 0E;
20551 : 0E;
20552 : 0E;
20553 : 0E;
20554 : 0E;
20555 : 0E;
20556 : 0E;
20557 : 0E;
20558 : 0E;
20559 : 0E;
20560 : 0E;
20561 : 0A;
20562 : 0A;
20563 : 0A;
20564 : 0A;
20565 : 0A;
20566 : 0A;
20567 : 0A;
20568 : 0A;
20569 : 0A;
20570 : 0A;
20571 : 0A;
20572 : 0A;
20573 : 0A;
20574 : 0A;
20575 : 0A;
20576 : 0A;
20577 : 0A;
20578 : 0A;
20579 : 0A;
20580 : 0A;
20581 : 0A;
20582 : 0E;
20583 : 0E;
20584 : 0E;
20585 : 0E;
20586 : 0E;
20587 : 0E;
20588 : 0E;
20589 : 0A;
20590 : 0A;
20591 : 0A;
20592 : 0A;
20593 : 0A;
20594 : 0A;
20595 : 0A;
20596 : 0A;
20597 : 0A;
20598 : 0A;
20599 : 0A;
20600 : 0A;
20601 : 0A;
20602 : 0A;
20603 : 0A;
20604 : 0A;
20605 : 0A;
20606 : 0A;
20607 : 0E;
20608 : 0E;
20609 : 0E;
20610 : 0E;
20611 : 0E;
20612 : 0E;
20613 : 0E;
20614 : 0E;
20615 : 0E;
20616 : 0E;
20617 : 0E;
20618 : 0E;
20619 : 0E;
20620 : 0A;
20621 : 0A;
20622 : 0A;
20623 : 0A;
20624 : 0A;
20625 : 0A;
20626 : 0A;
20627 : 0A;
20628 : 0A;
20629 : 0A;
20630 : 0A;
20631 : 0A;
20632 : 0A;
20633 : 0A;
20634 : 0E;
20635 : 0E;
20636 : 0E;
20637 : 0E;
20638 : 0E;
20639 : 0E;
20640 : 0A;
20641 : 0A;
20642 : 0A;
20643 : 0A;
20644 : 0A;
20645 : 0A;
20646 : 0A;
20647 : 0A;
20648 : 0A;
20649 : 0E;
20650 : 0E;
20651 : 0E;
20652 : 0E;
20653 : 0E;
20654 : 0E;
20655 : 0E;
20656 : 0E;
20657 : 0E;
20658 : 0E;
20659 : 0E;
20660 : 0E;
20661 : 0E;
20662 : 0E;
20663 : 0E;
20664 : 0E;
20665 : 0E;
20666 : 0E;
20667 : 0E;
20668 : 0E;
20669 : 0E;
20670 : 0E;
20671 : 0E;
20672 : 0E;
20673 : 0E;
20674 : 0E;
20675 : 0E;
20676 : 0E;
20677 : 0E;
20678 : 0E;
20679 : 0E;
20680 : 0E;
20681 : 0E;
20682 : 0E;
20683 : 0E;
20684 : 0E;
20685 : 0A;
20686 : 0A;
20687 : 0A;
20688 : 0A;
20689 : 0A;
20690 : 0A;
20691 : 0A;
20692 : 0A;
20693 : 0A;
20694 : 0A;
20695 : 0A;
20696 : 0A;
20697 : 0A;
20698 : 0A;
20699 : 0A;
20700 : 0A;
20701 : 0A;
20702 : 0A;
20703 : 0A;
20704 : 0A;
20705 : 0A;
20706 : 0A;
20707 : 0A;
20708 : 0A;
20709 : 0A;
20710 : 0E;
20711 : 0E;
20712 : 0E;
20713 : 0E;
20714 : 0E;
20715 : 0E;
20716 : 0E;
20717 : 0E;
20718 : 0E;
20719 : 0E;
20720 : 0E;
20721 : 0E;
20722 : 0E;
20723 : 0A;
20724 : 0A;
20725 : 0A;
20726 : 0A;
20727 : 0A;
20728 : 0A;
20729 : 0A;
20730 : 0E;
20731 : 0E;
20732 : 0E;
20733 : 0E;
20734 : 0E;
20735 : 0E;
20736 : 0E;
20737 : 0E;
20738 : 0E;
20739 : 0E;
20740 : 0E;
20741 : 0E;
20742 : 0E;
20743 : 0E;
20744 : 0A;
20745 : 0A;
20746 : 0A;
20747 : 0A;
20748 : 0A;
20749 : 0A;
20750 : 0A;
20751 : 0A;
20752 : 0A;
20753 : 0A;
20754 : 0A;
20755 : 0A;
20756 : 0A;
20757 : 0A;
20758 : 0A;
20759 : 0A;
20760 : 0A;
20761 : 0A;
20762 : 0A;
20763 : 0A;
20764 : 0A;
20765 : 0A;
20766 : 0A;
20767 : 0A;
20768 : 0A;
20769 : 0E;
20770 : 0E;
20771 : 0E;
20772 : 0E;
20773 : 0E;
20774 : 0E;
20775 : 0E;
20776 : 0E;
20777 : 0E;
20778 : 0E;
20779 : 0E;
20780 : 0E;
20781 : 0E;
20782 : 0E;
20783 : 0E;
20784 : 0E;
20785 : 0E;
20786 : 0E;
20787 : 0E;
20788 : 0E;
20789 : 0E;
20790 : 0E;
20791 : 0E;
20792 : 0E;
20793 : 0E;
20794 : 0E;
20795 : 0E;
20796 : 0E;
20797 : 0E;
20798 : 0A;
20799 : 0A;
20800 : 0A;
20801 : 0A;
20802 : 0A;
20803 : 0A;
20804 : 0A;
20805 : 0A;
20806 : 0A;
20807 : 0A;
20808 : 0A;
20809 : 0A;
20810 : 0A;
20811 : 0A;
20812 : 0A;
20813 : 0A;
20814 : 0A;
20815 : 0A;
20816 : 0A;
20817 : 0A;
20818 : 0A;
20819 : 0A;
20820 : 0A;
20821 : 0A;
20822 : 0A;
20823 : 0A;
20824 : 0A;
20825 : 0E;
20826 : 0E;
20827 : 0E;
20828 : 0E;
20829 : 0E;
20830 : 0E;
20831 : 0E;
20832 : 0A;
20833 : 0A;
20834 : 0A;
20835 : 0A;
20836 : 0A;
20837 : 0A;
20838 : 0A;
20839 : 0A;
20840 : 0A;
20841 : 0A;
20842 : 0A;
20843 : 0A;
20844 : 0A;
20845 : 0E;
20846 : 0E;
20847 : 0E;
20848 : 0E;
20849 : 0E;
20850 : 0E;
20851 : 0E;
20852 : 0E;
20853 : 0E;
20854 : 0E;
20855 : 0E;
20856 : 0E;
20857 : 0E;
20858 : 0A;
20859 : 0A;
20860 : 0A;
20861 : 0A;
20862 : 0A;
20863 : 0A;
20864 : 0A;
20865 : 0A;
20866 : 0A;
20867 : 0A;
20868 : 0A;
20869 : 0A;
20870 : 0A;
20871 : 0A;
20872 : 0A;
20873 : 0A;
20874 : 0A;
20875 : 0A;
20876 : 0A;
20877 : 0A;
20878 : 0E;
20879 : 0E;
20880 : 0A;
20881 : 0A;
20882 : 0A;
20883 : 0A;
20884 : 0A;
20885 : 0A;
20886 : 0A;
20887 : 0A;
20888 : 0A;
20889 : 0A;
20890 : 0A;
20891 : 0A;
20892 : 0A;
20893 : 0E;
20894 : 0E;
20895 : 0E;
20896 : 0E;
20897 : 0E;
20898 : 0E;
20899 : 0E;
20900 : 0E;
20901 : 0E;
20902 : 0E;
20903 : 0E;
20904 : 0E;
20905 : 0E;
20906 : 0E;
20907 : 0E;
20908 : 0E;
20909 : 0E;
20910 : 0E;
20911 : 0E;
20912 : 0E;
20913 : 0E;
20914 : 0E;
20915 : 0E;
20916 : 0E;
20917 : 0E;
20918 : 0E;
20919 : 0E;
20920 : 0E;
20921 : 0E;
20922 : 0E;
20923 : 0A;
20924 : 0A;
20925 : 0A;
20926 : 0A;
20927 : 0A;
20928 : 0A;
20929 : 0A;
20930 : 0A;
20931 : 0A;
20932 : 0A;
20933 : 0A;
20934 : 0A;
20935 : 0A;
20936 : 0A;
20937 : 0A;
20938 : 0A;
20939 : 0A;
20940 : 0A;
20941 : 0A;
20942 : 0A;
20943 : 0A;
20944 : 0A;
20945 : 0A;
20946 : 0A;
20947 : 0A;
20948 : 0A;
20949 : 0A;
20950 : 0A;
20951 : 0A;
20952 : 0A;
20953 : 0A;
20954 : 0E;
20955 : 0E;
20956 : 0E;
20957 : 0E;
20958 : 0E;
20959 : 0F;
20960 : 0F;
20961 : 0E;
20962 : 0F;
20963 : 0E;
20964 : 0E;
20965 : 0E;
20966 : 0E;
20967 : 0E;
20968 : 0E;
20969 : 0E;
20970 : 0F;
20971 : 0F;
20972 : 0E;
20973 : 0F;
20974 : 0E;
20975 : 0E;
20976 : 0E;
20977 : 0E;
20978 : 0E;
20979 : 0E;
20980 : 0E;
20981 : 0A;
20982 : 0A;
20983 : 0A;
20984 : 0A;
20985 : 0A;
20986 : 0A;
20987 : 0A;
20988 : 0A;
20989 : 0A;
20990 : 0A;
20991 : 0A;
20992 : 0A;
20993 : 0A;
20994 : 0A;
20995 : 0A;
20996 : 0A;
20997 : 0A;
20998 : 0A;
20999 : 0A;
21000 : 0A;
21001 : 0A;
21002 : 0A;
21003 : 0A;
21004 : 0A;
21005 : 0A;
21006 : 0A;
21007 : 0A;
21008 : 0A;
21009 : 0A;
21010 : 0A;
21011 : 0A;
21012 : 0E;
21013 : 0E;
21014 : 0E;
21015 : 0E;
21016 : 0E;
21017 : 0E;
21018 : 0E;
21019 : 0E;
21020 : 0E;
21021 : 0E;
21022 : 0E;
21023 : 0E;
21024 : 0E;
21025 : 0E;
21026 : 0E;
21027 : 0E;
21028 : 0E;
21029 : 0E;
21030 : 0E;
21031 : 0E;
21032 : 0E;
21033 : 0E;
21034 : 0E;
21035 : 0A;
21036 : 0A;
21037 : 0A;
21038 : 0A;
21039 : 0A;
21040 : 0A;
21041 : 0A;
21042 : 0A;
21043 : 0A;
21044 : 0A;
21045 : 0A;
21046 : 0A;
21047 : 0A;
21048 : 0A;
21049 : 0A;
21050 : 0A;
21051 : 0A;
21052 : 0A;
21053 : 0A;
21054 : 0A;
21055 : 0A;
21056 : 0A;
21057 : 0A;
21058 : 0A;
21059 : 0A;
21060 : 0A;
21061 : 0A;
21062 : 0A;
21063 : 0A;
21064 : 0A;
21065 : 0A;
21066 : 0A;
21067 : 0E;
21068 : 0E;
21069 : 0E;
21070 : 0E;
21071 : 0E;
21072 : 0E;
21073 : 0E;
21074 : 0E;
21075 : 0E;
21076 : 0E;
21077 : 0E;
21078 : 0E;
21079 : 0E;
21080 : 0E;
21081 : 0E;
21082 : 0E;
21083 : 0E;
21084 : 0E;
21085 : 0E;
21086 : 0E;
21087 : 0E;
21088 : 0E;
21089 : 0E;
21090 : 0E;
21091 : 0E;
21092 : 0E;
21093 : 0E;
21094 : 0E;
21095 : 0A;
21096 : 0A;
21097 : 0A;
21098 : 0A;
21099 : 0A;
21100 : 0A;
21101 : 0A;
21102 : 0A;
21103 : 0A;
21104 : 0A;
21105 : 0A;
21106 : 0A;
21107 : 0A;
21108 : 0A;
21109 : 0A;
21110 : 0A;
21111 : 0A;
21112 : 0A;
21113 : 0A;
21114 : 0A;
21115 : 0A;
21116 : 0A;
21117 : 0A;
21118 : 0A;
21119 : 0A;
21120 : 0A;
21121 : 0A;
21122 : 0A;
21123 : 0A;
21124 : 0A;
21125 : 0A;
21126 : 0A;
21127 : 0A;
21128 : 0A;
21129 : 0A;
21130 : 0A;
21131 : 0A;
21132 : 0A;
21133 : 0A;
21134 : 0A;
21135 : 0E;
21136 : 0E;
21137 : 0E;
21138 : 0E;
21139 : 0E;
21140 : 0E;
21141 : 0E;
21142 : 0E;
21143 : 0E;
21144 : 0E;
21145 : 0E;
21146 : 0E;
21147 : 0E;
21148 : 0E;
21149 : 0E;
21150 : 0E;
21151 : 0E;
21152 : 0E;
21153 : 0E;
21154 : 0E;
21155 : 0E;
21156 : 0E;
21157 : 0E;
21158 : 0E;
21159 : 0E;
21160 : 0E;
21161 : 0A;
21162 : 0A;
21163 : 0A;
21164 : 0A;
21165 : 0A;
21166 : 0A;
21167 : 0A;
21168 : 0A;
21169 : 0A;
21170 : 0A;
21171 : 0A;
21172 : 0A;
21173 : 0A;
21174 : 0A;
21175 : 0A;
21176 : 0A;
21177 : 0A;
21178 : 0A;
21179 : 0A;
21180 : 0A;
21181 : 0A;
21182 : 0A;
21183 : 0A;
21184 : 0A;
21185 : 0A;
21186 : 0A;
21187 : 0A;
21188 : 0A;
21189 : 0A;
21190 : 0A;
21191 : 0A;
21192 : 0A;
21193 : 0A;
21194 : 0A;
21195 : 0E;
21196 : 0E;
21197 : 0E;
21198 : 0E;
21199 : 0E;
21200 : 0E;
21201 : 0F;
21202 : 0F;
21203 : 0F;
21204 : 0E;
21205 : 0E;
21206 : 0E;
21207 : 0E;
21208 : 0E;
21209 : 0E;
21210 : 0E;
21211 : 0E;
21212 : 0E;
21213 : 0E;
21214 : 0E;
21215 : 0E;
21216 : 0E;
21217 : 0E;
21218 : 0E;
21219 : 0A;
21220 : 0A;
21221 : 0A;
21222 : 0A;
21223 : 0A;
21224 : 0A;
21225 : 0A;
21226 : 0A;
21227 : 0A;
21228 : 0A;
21229 : 0A;
21230 : 0A;
21231 : 0A;
21232 : 0A;
21233 : 0A;
21234 : 0A;
21235 : 0A;
21236 : 0A;
21237 : 0A;
21238 : 0A;
21239 : 0A;
21240 : 0A;
21241 : 0A;
21242 : 0A;
21243 : 0A;
21244 : 0A;
21245 : 0A;
21246 : 0A;
21247 : 0A;
21248 : 0A;
21249 : 0A;
21250 : 0A;
21251 : 0A;
21252 : 0A;
21253 : 0A;
21254 : 0A;
21255 : 0E;
21256 : 0E;
21257 : 0E;
21258 : 0E;
21259 : 0E;
21260 : 0E;
21261 : 0E;
21262 : 0E;
21263 : 0E;
21264 : 0E;
21265 : 0E;
21266 : 0E;
21267 : 0E;
21268 : 0E;
21269 : 0E;
21270 : 0E;
21271 : 0E;
21272 : 0E;
21273 : 0E;
21274 : 0A;
21275 : 0A;
21276 : 0A;
21277 : 0A;
21278 : 0A;
21279 : 0A;
21280 : 0A;
21281 : 0A;
21282 : 0A;
21283 : 0A;
21284 : 0A;
21285 : 0A;
21286 : 0A;
21287 : 0A;
21288 : 0A;
21289 : 0A;
21290 : 0A;
21291 : 0A;
21292 : 0A;
21293 : 0A;
21294 : 0A;
21295 : 0A;
21296 : 0A;
21297 : 0A;
21298 : 0A;
21299 : 0A;
21300 : 0A;
21301 : 0A;
21302 : 0A;
21303 : 0A;
21304 : 0A;
21305 : 0A;
21306 : 0A;
21307 : 0A;
21308 : 0A;
21309 : 0E;
21310 : 0E;
21311 : 0E;
21312 : 0E;
21313 : 0E;
21314 : 0E;
21315 : 0E;
21316 : 0E;
21317 : 0E;
21318 : 0E;
21319 : 0E;
21320 : 0E;
21321 : 0E;
21322 : 0E;
21323 : 0E;
21324 : 0E;
21325 : 0E;
21326 : 0E;
21327 : 0E;
21328 : 0E;
21329 : 0E;
21330 : 0E;
21331 : 0E;
21332 : 0A;
21333 : 0A;
21334 : 0A;
21335 : 0A;
21336 : 0A;
21337 : 0A;
21338 : 0A;
21339 : 0A;
21340 : 0A;
21341 : 0A;
21342 : 0A;
21343 : 0A;
21344 : 0A;
21345 : 0A;
21346 : 0A;
21347 : 0A;
21348 : 0A;
21349 : 0A;
21350 : 0A;
21351 : 0A;
21352 : 0A;
21353 : 0A;
21354 : 0A;
21355 : 0A;
21356 : 0A;
21357 : 0A;
21358 : 0A;
21359 : 0A;
21360 : 0A;
21361 : 0A;
21362 : 0A;
21363 : 0A;
21364 : 0A;
21365 : 0A;
21366 : 0A;
21367 : 0A;
21368 : 0A;
21369 : 0A;
21370 : 0A;
21371 : 0A;
21372 : 0A;
21373 : 0A;
21374 : 0A;
21375 : 0A;
21376 : 0A;
21377 : 0A;
21378 : 0E;
21379 : 0E;
21380 : 0E;
21381 : 0E;
21382 : 0E;
21383 : 0E;
21384 : 0E;
21385 : 0E;
21386 : 0E;
21387 : 0E;
21388 : 0E;
21389 : 0E;
21390 : 0E;
21391 : 0E;
21392 : 0E;
21393 : 0E;
21394 : 0E;
21395 : 0E;
21396 : 0E;
21397 : 0E;
21398 : 0E;
21399 : 0A;
21400 : 0A;
21401 : 0A;
21402 : 0A;
21403 : 0A;
21404 : 0A;
21405 : 0A;
21406 : 0A;
21407 : 0A;
21408 : 0A;
21409 : 0A;
21410 : 0A;
21411 : 0A;
21412 : 0A;
21413 : 0A;
21414 : 0A;
21415 : 0A;
21416 : 0A;
21417 : 0A;
21418 : 0A;
21419 : 0A;
21420 : 0A;
21421 : 0A;
21422 : 0A;
21423 : 0A;
21424 : 0A;
21425 : 0A;
21426 : 0A;
21427 : 0A;
21428 : 0A;
21429 : 0A;
21430 : 0A;
21431 : 0A;
21432 : 0A;
21433 : 0A;
21434 : 0A;
21435 : 0A;
21436 : 0A;
21437 : 0E;
21438 : 0E;
21439 : 0E;
21440 : 0E;
21441 : 0E;
21442 : 13;
21443 : 13;
21444 : 0E;
21445 : 0F;
21446 : 0F;
21447 : 0E;
21448 : 0E;
21449 : 0E;
21450 : 0F;
21451 : 0F;
21452 : 0F;
21453 : 0E;
21454 : 0E;
21455 : 0E;
21456 : 0E;
21457 : 0E;
21458 : 0A;
21459 : 0A;
21460 : 0A;
21461 : 0A;
21462 : 0A;
21463 : 0A;
21464 : 0A;
21465 : 0A;
21466 : 0A;
21467 : 0A;
21468 : 0A;
21469 : 0A;
21470 : 0A;
21471 : 0A;
21472 : 0A;
21473 : 0A;
21474 : 0A;
21475 : 0A;
21476 : 0A;
21477 : 0A;
21478 : 0A;
21479 : 0A;
21480 : 0A;
21481 : 0A;
21482 : 0A;
21483 : 0A;
21484 : 0A;
21485 : 0A;
21486 : 0A;
21487 : 0A;
21488 : 0A;
21489 : 0A;
21490 : 0A;
21491 : 0A;
21492 : 0A;
21493 : 0A;
21494 : 0A;
21495 : 0A;
21496 : 0A;
21497 : 0A;
21498 : 0E;
21499 : 0E;
21500 : 0E;
21501 : 0E;
21502 : 0E;
21503 : 0E;
21504 : 0E;
21505 : 0E;
21506 : 0E;
21507 : 0E;
21508 : 0E;
21509 : 0E;
21510 : 0E;
21511 : 0A;
21512 : 0A;
21513 : 0A;
21514 : 0A;
21515 : 0A;
21516 : 0A;
21517 : 0A;
21518 : 0A;
21519 : 0A;
21520 : 0A;
21521 : 0A;
21522 : 0A;
21523 : 0A;
21524 : 0A;
21525 : 0A;
21526 : 0A;
21527 : 0A;
21528 : 0A;
21529 : 0A;
21530 : 0A;
21531 : 0A;
21532 : 0A;
21533 : 0A;
21534 : 0A;
21535 : 0A;
21536 : 0A;
21537 : 0A;
21538 : 0A;
21539 : 0A;
21540 : 0A;
21541 : 0A;
21542 : 0A;
21543 : 0A;
21544 : 0A;
21545 : 0A;
21546 : 0A;
21547 : 0A;
21548 : 0A;
21549 : 0A;
21550 : 0E;
21551 : 0E;
21552 : 0E;
21553 : 0E;
21554 : 0E;
21555 : 0E;
21556 : 0E;
21557 : 0E;
21558 : 0E;
21559 : 0E;
21560 : 0E;
21561 : 0E;
21562 : 0E;
21563 : 0E;
21564 : 0E;
21565 : 0E;
21566 : 0E;
21567 : 0E;
21568 : 0E;
21569 : 0E;
21570 : 0E;
21571 : 0A;
21572 : 0A;
21573 : 0A;
21574 : 0A;
21575 : 0A;
21576 : 0A;
21577 : 0A;
21578 : 0A;
21579 : 0A;
21580 : 0A;
21581 : 0A;
21582 : 0A;
21583 : 0A;
21584 : 0A;
21585 : 0A;
21586 : 0A;
21587 : 0A;
21588 : 0A;
21589 : 0A;
21590 : 0A;
21591 : 0A;
21592 : 0A;
21593 : 0A;
21594 : 0A;
21595 : 0A;
21596 : 0A;
21597 : 0A;
21598 : 0A;
21599 : 0A;
21600 : 0A;
21601 : 0A;
21602 : 0A;
21603 : 0A;
21604 : 0A;
21605 : 0A;
21606 : 0A;
21607 : 0A;
21608 : 0A;
21609 : 0A;
21610 : 0A;
21611 : 0A;
21612 : 0A;
21613 : 0A;
21614 : 0A;
21615 : 0A;
21616 : 0A;
21617 : 0A;
21618 : 0A;
21619 : 0A;
21620 : 0A;
21621 : 0E;
21622 : 0E;
21623 : 0E;
21624 : 0E;
21625 : 0E;
21626 : 0E;
21627 : 0E;
21628 : 0E;
21629 : 0E;
21630 : 0E;
21631 : 0E;
21632 : 0E;
21633 : 0E;
21634 : 0A;
21635 : 0A;
21636 : 0A;
21637 : 0A;
21638 : 0A;
21639 : 0A;
21640 : 0A;
21641 : 0A;
21642 : 0A;
21643 : 0A;
21644 : 0A;
21645 : 0A;
21646 : 0A;
21647 : 0A;
21648 : 0E;
21649 : 0E;
21650 : 0A;
21651 : 0E;
21652 : 0A;
21653 : 0A;
21654 : 0A;
21655 : 0A;
21656 : 0A;
21657 : 0A;
21658 : 0A;
21659 : 0A;
21660 : 0A;
21661 : 0A;
21662 : 0A;
21663 : 0A;
21664 : 0A;
21665 : 0A;
21666 : 0A;
21667 : 0A;
21668 : 0A;
21669 : 0A;
21670 : 0A;
21671 : 0A;
21672 : 0A;
21673 : 0A;
21674 : 0A;
21675 : 0A;
21676 : 0A;
21677 : 0A;
21678 : 0E;
21679 : 0E;
21680 : 0E;
21681 : 0E;
21682 : 0E;
21683 : 0E;
21684 : 13;
21685 : 13;
21686 : 0F;
21687 : 0E;
21688 : 0E;
21689 : 0F;
21690 : 0E;
21691 : 0E;
21692 : 0E;
21693 : 0E;
21694 : 0E;
21695 : 0A;
21696 : 0A;
21697 : 0A;
21698 : 0A;
21699 : 0A;
21700 : 0A;
21701 : 0A;
21702 : 0A;
21703 : 0A;
21704 : 0A;
21705 : 0E;
21706 : 0E;
21707 : 0A;
21708 : 0A;
21709 : 0E;
21710 : 0E;
21711 : 0A;
21712 : 0E;
21713 : 0E;
21714 : 0E;
21715 : 0A;
21716 : 0A;
21717 : 0A;
21718 : 0A;
21719 : 0A;
21720 : 0A;
21721 : 0A;
21722 : 0A;
21723 : 0A;
21724 : 0A;
21725 : 0A;
21726 : 0A;
21727 : 0A;
21728 : 0A;
21729 : 0A;
21730 : 0A;
21731 : 0A;
21732 : 0A;
21733 : 0A;
21734 : 0A;
21735 : 0A;
21736 : 0A;
21737 : 0A;
21738 : 0A;
21739 : 0A;
21740 : 0E;
21741 : 0E;
21742 : 0E;
21743 : 0E;
21744 : 0E;
21745 : 0A;
21746 : 0A;
21747 : 0A;
21748 : 0A;
21749 : 0A;
21750 : 0A;
21751 : 0A;
21752 : 0A;
21753 : 0A;
21754 : 0A;
21755 : 0A;
21756 : 0A;
21757 : 0A;
21758 : 0A;
21759 : 0A;
21760 : 0E;
21761 : 0A;
21762 : 0E;
21763 : 0E;
21764 : 0E;
21765 : 0E;
21766 : 0A;
21767 : 0E;
21768 : 0E;
21769 : 0E;
21770 : 0E;
21771 : 0A;
21772 : 0A;
21773 : 0A;
21774 : 0A;
21775 : 0A;
21776 : 0A;
21777 : 0A;
21778 : 0A;
21779 : 0A;
21780 : 0A;
21781 : 0A;
21782 : 0A;
21783 : 0A;
21784 : 0A;
21785 : 0A;
21786 : 0A;
21787 : 0A;
21788 : 0A;
21789 : 0A;
21790 : 0A;
21791 : 0A;
21792 : 0A;
21793 : 0A;
21794 : 0A;
21795 : 0E;
21796 : 0E;
21797 : 0E;
21798 : 0E;
21799 : 0E;
21800 : 0E;
21801 : 0E;
21802 : 0E;
21803 : 0E;
21804 : 0E;
21805 : 0E;
21806 : 0E;
21807 : 0A;
21808 : 0A;
21809 : 0A;
21810 : 0A;
21811 : 0A;
21812 : 0A;
21813 : 0A;
21814 : 0A;
21815 : 0A;
21816 : 0A;
21817 : 0A;
21818 : 0A;
21819 : 0A;
21820 : 0A;
21821 : 0A;
21822 : 0A;
21823 : 0A;
21824 : 0A;
21825 : 0A;
21826 : 0A;
21827 : 0A;
21828 : 0A;
21829 : 0A;
21830 : 0A;
21831 : 0A;
21832 : 0A;
21833 : 0A;
21834 : 0A;
21835 : 0A;
21836 : 0A;
21837 : 0A;
21838 : 0A;
21839 : 0A;
21840 : 0A;
21841 : 0A;
21842 : 0A;
21843 : 0A;
21844 : 0A;
21845 : 0A;
21846 : 0A;
21847 : 0A;
21848 : 0A;
21849 : 0A;
21850 : 0A;
21851 : 0A;
21852 : 0A;
21853 : 0A;
21854 : 0A;
21855 : 0A;
21856 : 0A;
21857 : 0A;
21858 : 0A;
21859 : 0A;
21860 : 0A;
21861 : 0A;
21862 : 0E;
21863 : 0E;
21864 : 0E;
21865 : 0E;
21866 : 0E;
21867 : 0E;
21868 : 0E;
21869 : 0E;
21870 : 0E;
21871 : 0A;
21872 : 0A;
21873 : 0A;
21874 : 0A;
21875 : 0A;
21876 : 0A;
21877 : 0A;
21878 : 0A;
21879 : 0A;
21880 : 0A;
21881 : 0A;
21882 : 0A;
21883 : 0A;
21884 : 0A;
21885 : 0E;
21886 : 0E;
21887 : 0E;
21888 : 13;
21889 : 13;
21890 : 13;
21891 : 13;
21892 : 13;
21893 : 13;
21894 : 13;
21895 : 13;
21896 : 0E;
21897 : 0E;
21898 : 0A;
21899 : 0A;
21900 : 0A;
21901 : 0A;
21902 : 0A;
21903 : 0A;
21904 : 0A;
21905 : 0A;
21906 : 0A;
21907 : 0A;
21908 : 0A;
21909 : 0A;
21910 : 0A;
21911 : 0A;
21912 : 0A;
21913 : 0A;
21914 : 0A;
21915 : 0A;
21916 : 0A;
21917 : 0A;
21918 : 0A;
21919 : 0A;
21920 : 0A;
21921 : 0A;
21922 : 0E;
21923 : 0E;
21924 : 0E;
21925 : 0E;
21926 : 0E;
21927 : 0E;
21928 : 0E;
21929 : 0E;
21930 : 0E;
21931 : 0A;
21932 : 0A;
21933 : 0A;
21934 : 0A;
21935 : 0A;
21936 : 0A;
21937 : 0A;
21938 : 0A;
21939 : 0A;
21940 : 0A;
21941 : 0A;
21942 : 0E;
21943 : 0E;
21944 : 0E;
21945 : 13;
21946 : 13;
21947 : 13;
21948 : 13;
21949 : 13;
21950 : 13;
21951 : 13;
21952 : 13;
21953 : 13;
21954 : 13;
21955 : 0E;
21956 : 0E;
21957 : 0E;
21958 : 0E;
21959 : 0E;
21960 : 0A;
21961 : 0A;
21962 : 0A;
21963 : 0A;
21964 : 0A;
21965 : 0A;
21966 : 0A;
21967 : 0A;
21968 : 0A;
21969 : 0A;
21970 : 0A;
21971 : 0A;
21972 : 0A;
21973 : 0A;
21974 : 0A;
21975 : 0A;
21976 : 0A;
21977 : 0A;
21978 : 0A;
21979 : 0A;
21980 : 0A;
21981 : 0A;
21982 : 0A;
21983 : 0A;
21984 : 0A;
21985 : 0A;
21986 : 0A;
21987 : 0A;
21988 : 0A;
21989 : 0A;
21990 : 0A;
21991 : 0A;
21992 : 0A;
21993 : 0A;
21994 : 0A;
21995 : 0A;
21996 : 0A;
21997 : 0E;
21998 : 0E;
21999 : 0F;
22000 : 13;
22001 : 13;
22002 : 13;
22003 : 13;
22004 : 13;
22005 : 13;
22006 : 13;
22007 : 13;
22008 : 13;
22009 : 13;
22010 : 13;
22011 : 0E;
22012 : 0E;
22013 : 0E;
22014 : 0E;
22015 : 0A;
22016 : 0A;
22017 : 0A;
22018 : 0A;
22019 : 0A;
22020 : 0A;
22021 : 0A;
22022 : 0A;
22023 : 0A;
22024 : 0A;
22025 : 0A;
22026 : 0A;
22027 : 0A;
22028 : 0A;
22029 : 0A;
22030 : 0A;
22031 : 0A;
22032 : 0A;
22033 : 0A;
22034 : 0A;
22035 : 0A;
22036 : 0A;
22037 : 0E;
22038 : 0E;
22039 : 0E;
22040 : 0E;
22041 : 0E;
22042 : 0E;
22043 : 0E;
22044 : 0A;
22045 : 0A;
22046 : 0A;
22047 : 0A;
22048 : 0A;
22049 : 0A;
22050 : 0A;
22051 : 0A;
22052 : 0A;
22053 : 0A;
22054 : 0A;
22055 : 0A;
22056 : 0A;
22057 : 0E;
22058 : 0E;
22059 : 0E;
22060 : 0E;
22061 : 0E;
22062 : 0E;
22063 : 0E;
22064 : 0E;
22065 : 0E;
22066 : 0E;
22067 : 0E;
22068 : 0A;
22069 : 0A;
22070 : 0A;
22071 : 0A;
22072 : 0A;
22073 : 0A;
22074 : 0A;
22075 : 0A;
22076 : 0A;
22077 : 0A;
22078 : 0A;
22079 : 0A;
22080 : 0E;
22081 : 0E;
22082 : 0A;
22083 : 0A;
22084 : 0A;
22085 : 0A;
22086 : 0A;
22087 : 0A;
22088 : 0A;
22089 : 0A;
22090 : 0A;
22091 : 0A;
22092 : 0A;
22093 : 0A;
22094 : 0A;
22095 : 0A;
22096 : 0A;
22097 : 0A;
22098 : 0A;
22099 : 0A;
22100 : 0A;
22101 : 0A;
22102 : 0A;
22103 : 0A;
22104 : 0A;
22105 : 0A;
22106 : 0A;
22107 : 0A;
22108 : 0A;
22109 : 0A;
22110 : 0A;
22111 : 0A;
22112 : 0A;
22113 : 0A;
22114 : 0A;
22115 : 0A;
22116 : 0A;
22117 : 0A;
22118 : 0A;
22119 : 0A;
22120 : 0E;
22121 : 0E;
22122 : 0E;
22123 : 0E;
22124 : 0E;
22125 : 13;
22126 : 13;
22127 : 13;
22128 : 13;
22129 : 13;
22130 : 13;
22131 : 13;
22132 : 13;
22133 : 13;
22134 : 13;
22135 : 13;
22136 : 13;
22137 : 13;
22138 : 0E;
22139 : 13;
22140 : 0F;
22141 : 0E;
22142 : 0A;
22143 : 0A;
22144 : 0A;
22145 : 0A;
22146 : 0A;
22147 : 0A;
22148 : 0A;
22149 : 0A;
22150 : 0A;
22151 : 0A;
22152 : 0A;
22153 : 0A;
22154 : 0A;
22155 : 0A;
22156 : 0A;
22157 : 0A;
22158 : 0A;
22159 : 0A;
22160 : 0A;
22161 : 0A;
22162 : 0A;
22163 : 0A;
22164 : 0A;
22165 : 0E;
22166 : 0E;
22167 : 0E;
22168 : 0A;
22169 : 0A;
22170 : 0A;
22171 : 0A;
22172 : 0A;
22173 : 0A;
22174 : 0A;
22175 : 0A;
22176 : 0A;
22177 : 0A;
22178 : 0A;
22179 : 0E;
22180 : 0E;
22181 : 0E;
22182 : 13;
22183 : 13;
22184 : 13;
22185 : 13;
22186 : 13;
22187 : 13;
22188 : 13;
22189 : 13;
22190 : 13;
22191 : 13;
22192 : 13;
22193 : 13;
22194 : 13;
22195 : 13;
22196 : 13;
22197 : 13;
22198 : 13;
22199 : 13;
22200 : 0E;
22201 : 0E;
22202 : 0E;
22203 : 0A;
22204 : 0A;
22205 : 0A;
22206 : 0A;
22207 : 0A;
22208 : 0A;
22209 : 0A;
22210 : 0A;
22211 : 0A;
22212 : 0A;
22213 : 0A;
22214 : 0A;
22215 : 0A;
22216 : 0A;
22217 : 0A;
22218 : 0A;
22219 : 0A;
22220 : 0A;
22221 : 0A;
22222 : 0A;
22223 : 0A;
22224 : 0A;
22225 : 0A;
22226 : 0A;
22227 : 0A;
22228 : 0A;
22229 : 0A;
22230 : 0A;
22231 : 0A;
22232 : 0A;
22233 : 0E;
22234 : 0E;
22235 : 0E;
22236 : 13;
22237 : 13;
22238 : 13;
22239 : 13;
22240 : 13;
22241 : 13;
22242 : 13;
22243 : 13;
22244 : 13;
22245 : 13;
22246 : 13;
22247 : 13;
22248 : 13;
22249 : 13;
22250 : 13;
22251 : 13;
22252 : 13;
22253 : 13;
22254 : 13;
22255 : 0E;
22256 : 0E;
22257 : 0E;
22258 : 0A;
22259 : 0A;
22260 : 0A;
22261 : 0A;
22262 : 0A;
22263 : 0A;
22264 : 0A;
22265 : 0A;
22266 : 0A;
22267 : 0A;
22268 : 0A;
22269 : 0A;
22270 : 0A;
22271 : 0A;
22272 : 0A;
22273 : 0A;
22274 : 0A;
22275 : 0A;
22276 : 0A;
22277 : 0A;
22278 : 0A;
22279 : 0A;
22280 : 0A;
22281 : 0A;
22282 : 0A;
22283 : 0A;
22284 : 0A;
22285 : 0A;
22286 : 0A;
22287 : 0A;
22288 : 0A;
22289 : 0A;
22290 : 0A;
22291 : 0A;
22292 : 0A;
22293 : 0E;
22294 : 0E;
22295 : 0E;
22296 : 0E;
22297 : 13;
22298 : 13;
22299 : 13;
22300 : 13;
22301 : 13;
22302 : 13;
22303 : 13;
22304 : 13;
22305 : 13;
22306 : 13;
22307 : 13;
22308 : 0E;
22309 : 0E;
22310 : 0E;
22311 : 0A;
22312 : 0A;
22313 : 0A;
22314 : 0A;
22315 : 0A;
22316 : 0A;
22317 : 0A;
22318 : 0A;
22319 : 0A;
22320 : 13;
22321 : 13;
22322 : 0E;
22323 : 0E;
22324 : 0A;
22325 : 0A;
22326 : 0A;
22327 : 0A;
22328 : 0A;
22329 : 0A;
22330 : 0A;
22331 : 0A;
22332 : 0A;
22333 : 0A;
22334 : 0A;
22335 : 0A;
22336 : 0A;
22337 : 0A;
22338 : 0A;
22339 : 0A;
22340 : 0A;
22341 : 0A;
22342 : 0A;
22343 : 0A;
22344 : 0A;
22345 : 0A;
22346 : 0A;
22347 : 0A;
22348 : 0A;
22349 : 0A;
22350 : 0A;
22351 : 0A;
22352 : 0A;
22353 : 0A;
22354 : 0A;
22355 : 0A;
22356 : 0A;
22357 : 0A;
22358 : 0E;
22359 : 0E;
22360 : 0E;
22361 : 13;
22362 : 13;
22363 : 13;
22364 : 13;
22365 : 13;
22366 : 13;
22367 : 13;
22368 : 13;
22369 : 13;
22370 : 13;
22371 : 13;
22372 : 13;
22373 : 13;
22374 : 13;
22375 : 13;
22376 : 13;
22377 : 13;
22378 : 13;
22379 : 13;
22380 : 13;
22381 : 13;
22382 : 0E;
22383 : 0E;
22384 : 0E;
22385 : 0E;
22386 : 0A;
22387 : 0A;
22388 : 0A;
22389 : 0A;
22390 : 0A;
22391 : 0A;
22392 : 0A;
22393 : 0A;
22394 : 0A;
22395 : 0A;
22396 : 0A;
22397 : 0A;
22398 : 0A;
22399 : 0A;
22400 : 0A;
22401 : 0A;
22402 : 0A;
22403 : 0A;
22404 : 0A;
22405 : 0E;
22406 : 0A;
22407 : 0A;
22408 : 0A;
22409 : 0A;
22410 : 0A;
22411 : 0A;
22412 : 0A;
22413 : 0A;
22414 : 0A;
22415 : 0A;
22416 : 0E;
22417 : 0E;
22418 : 0E;
22419 : 13;
22420 : 13;
22421 : 13;
22422 : 13;
22423 : 13;
22424 : 13;
22425 : 13;
22426 : 13;
22427 : 13;
22428 : 13;
22429 : 13;
22430 : 13;
22431 : 13;
22432 : 13;
22433 : 13;
22434 : 13;
22435 : 13;
22436 : 13;
22437 : 13;
22438 : 13;
22439 : 13;
22440 : 13;
22441 : 13;
22442 : 13;
22443 : 0E;
22444 : 0E;
22445 : 0A;
22446 : 0A;
22447 : 0A;
22448 : 0A;
22449 : 0A;
22450 : 0A;
22451 : 0A;
22452 : 0A;
22453 : 0A;
22454 : 0A;
22455 : 0A;
22456 : 0A;
22457 : 0A;
22458 : 0A;
22459 : 0A;
22460 : 0A;
22461 : 0A;
22462 : 0A;
22463 : 0A;
22464 : 0A;
22465 : 0A;
22466 : 0A;
22467 : 0A;
22468 : 0A;
22469 : 0A;
22470 : 0E;
22471 : 0E;
22472 : 0E;
22473 : 0E;
22474 : 13;
22475 : 13;
22476 : 13;
22477 : 13;
22478 : 13;
22479 : 13;
22480 : 13;
22481 : 13;
22482 : 13;
22483 : 13;
22484 : 13;
22485 : 13;
22486 : 13;
22487 : 13;
22488 : 0F;
22489 : 0F;
22490 : 0F;
22491 : 13;
22492 : 13;
22493 : 13;
22494 : 13;
22495 : 13;
22496 : 13;
22497 : 13;
22498 : 0E;
22499 : 0E;
22500 : 0A;
22501 : 0A;
22502 : 0A;
22503 : 0A;
22504 : 0A;
22505 : 0A;
22506 : 0A;
22507 : 0A;
22508 : 0A;
22509 : 0A;
22510 : 0A;
22511 : 0A;
22512 : 0A;
22513 : 0A;
22514 : 0A;
22515 : 0A;
22516 : 0A;
22517 : 0A;
22518 : 0A;
22519 : 0A;
22520 : 0A;
22521 : 0A;
22522 : 0A;
22523 : 0A;
22524 : 0A;
22525 : 0A;
22526 : 0A;
22527 : 0A;
22528 : 0A;
22529 : 0A;
22530 : 0E;
22531 : 0E;
22532 : 0E;
22533 : 13;
22534 : 13;
22535 : 13;
22536 : 13;
22537 : 13;
22538 : 13;
22539 : 13;
22540 : 13;
22541 : 13;
22542 : 13;
22543 : 13;
22544 : 13;
22545 : 13;
22546 : 13;
22547 : 13;
22548 : 13;
22549 : 13;
22550 : 13;
22551 : 0E;
22552 : 0E;
22553 : 0E;
22554 : 0E;
22555 : 0A;
22556 : 0A;
22557 : 0A;
22558 : 0A;
22559 : 0A;
22560 : 13;
22561 : 13;
22562 : 13;
22563 : 13;
22564 : 13;
22565 : 0E;
22566 : 0E;
22567 : 0A;
22568 : 0A;
22569 : 0A;
22570 : 0A;
22571 : 0A;
22572 : 0A;
22573 : 0A;
22574 : 0A;
22575 : 0A;
22576 : 0A;
22577 : 0A;
22578 : 0A;
22579 : 0A;
22580 : 0A;
22581 : 0A;
22582 : 0A;
22583 : 0A;
22584 : 0A;
22585 : 0A;
22586 : 0A;
22587 : 0A;
22588 : 0A;
22589 : 0A;
22590 : 0A;
22591 : 0A;
22592 : 0A;
22593 : 0A;
22594 : 0A;
22595 : 0A;
22596 : 0E;
22597 : 0E;
22598 : 0F;
22599 : 13;
22600 : 13;
22601 : 13;
22602 : 13;
22603 : 13;
22604 : 13;
22605 : 13;
22606 : 13;
22607 : 13;
22608 : 13;
22609 : 13;
22610 : 13;
22611 : 13;
22612 : 13;
22613 : 13;
22614 : 13;
22615 : 13;
22616 : 13;
22617 : 13;
22618 : 13;
22619 : 13;
22620 : 13;
22621 : 13;
22622 : 13;
22623 : 13;
22624 : 13;
22625 : 13;
22626 : 0E;
22627 : 0E;
22628 : 0A;
22629 : 0A;
22630 : 0A;
22631 : 0A;
22632 : 0A;
22633 : 0A;
22634 : 0A;
22635 : 0A;
22636 : 0A;
22637 : 0A;
22638 : 0A;
22639 : 0A;
22640 : 0A;
22641 : 0A;
22642 : 0A;
22643 : 0A;
22644 : 0A;
22645 : 0A;
22646 : 0A;
22647 : 0A;
22648 : 0A;
22649 : 0A;
22650 : 0A;
22651 : 0A;
22652 : 0A;
22653 : 0E;
22654 : 0E;
22655 : 0E;
22656 : 13;
22657 : 13;
22658 : 13;
22659 : 13;
22660 : 13;
22661 : 13;
22662 : 13;
22663 : 13;
22664 : 13;
22665 : 13;
22666 : 13;
22667 : 13;
22668 : 13;
22669 : 0F;
22670 : 13;
22671 : 0E;
22672 : 0E;
22673 : 0F;
22674 : 13;
22675 : 13;
22676 : 0F;
22677 : 0F;
22678 : 13;
22679 : 13;
22680 : 13;
22681 : 13;
22682 : 13;
22683 : 13;
22684 : 13;
22685 : 0E;
22686 : 0E;
22687 : 0E;
22688 : 0E;
22689 : 0A;
22690 : 0A;
22691 : 0A;
22692 : 0A;
22693 : 0A;
22694 : 0A;
22695 : 0A;
22696 : 0A;
22697 : 0A;
22698 : 0A;
22699 : 0A;
22700 : 0A;
22701 : 0A;
22702 : 0A;
22703 : 0A;
22704 : 0A;
22705 : 0A;
22706 : 0A;
22707 : 0A;
22708 : 0E;
22709 : 0E;
22710 : 13;
22711 : 13;
22712 : 13;
22713 : 13;
22714 : 13;
22715 : 13;
22716 : 13;
22717 : 13;
22718 : 13;
22719 : 13;
22720 : 13;
22721 : 13;
22722 : 13;
22723 : 13;
22724 : 13;
22725 : 0E;
22726 : 0E;
22727 : 0E;
22728 : 0E;
22729 : 0E;
22730 : 0E;
22731 : 0E;
22732 : 0E;
22733 : 13;
22734 : 13;
22735 : 13;
22736 : 13;
22737 : 13;
22738 : 13;
22739 : 13;
22740 : 0E;
22741 : 0E;
22742 : 0A;
22743 : 0A;
22744 : 0A;
22745 : 0A;
22746 : 0A;
22747 : 0A;
22748 : 0A;
22749 : 0A;
22750 : 0A;
22751 : 0A;
22752 : 0A;
22753 : 0A;
22754 : 0A;
22755 : 0A;
22756 : 0A;
22757 : 0A;
22758 : 0A;
22759 : 0A;
22760 : 0A;
22761 : 0A;
22762 : 0A;
22763 : 0A;
22764 : 0A;
22765 : 0A;
22766 : 0A;
22767 : 0A;
22768 : 0E;
22769 : 0E;
22770 : 0F;
22771 : 13;
22772 : 13;
22773 : 13;
22774 : 13;
22775 : 13;
22776 : 13;
22777 : 13;
22778 : 13;
22779 : 13;
22780 : 13;
22781 : 13;
22782 : 13;
22783 : 13;
22784 : 13;
22785 : 13;
22786 : 13;
22787 : 13;
22788 : 13;
22789 : 13;
22790 : 13;
22791 : 13;
22792 : 13;
22793 : 13;
22794 : 13;
22795 : 0E;
22796 : 0E;
22797 : 0E;
22798 : 0E;
22799 : 0E;
22800 : 13;
22801 : 13;
22802 : 13;
22803 : 13;
22804 : 13;
22805 : 13;
22806 : 13;
22807 : 13;
22808 : 0E;
22809 : 0E;
22810 : 0E;
22811 : 0E;
22812 : 0A;
22813 : 0A;
22814 : 0A;
22815 : 0A;
22816 : 0A;
22817 : 0A;
22818 : 0A;
22819 : 0A;
22820 : 0A;
22821 : 0A;
22822 : 0A;
22823 : 0A;
22824 : 0A;
22825 : 0A;
22826 : 0A;
22827 : 0A;
22828 : 0A;
22829 : 0A;
22830 : 0A;
22831 : 0A;
22832 : 0A;
22833 : 0E;
22834 : 0E;
22835 : 0E;
22836 : 13;
22837 : 13;
22838 : 13;
22839 : 13;
22840 : 13;
22841 : 13;
22842 : 13;
22843 : 13;
22844 : 13;
22845 : 13;
22846 : 13;
22847 : 13;
22848 : 13;
22849 : 13;
22850 : 0E;
22851 : 13;
22852 : 0F;
22853 : 0F;
22854 : 0F;
22855 : 0F;
22856 : 0F;
22857 : 13;
22858 : 13;
22859 : 13;
22860 : 13;
22861 : 13;
22862 : 13;
22863 : 13;
22864 : 13;
22865 : 13;
22866 : 13;
22867 : 13;
22868 : 0E;
22869 : 0E;
22870 : 0E;
22871 : 0A;
22872 : 0A;
22873 : 0E;
22874 : 0A;
22875 : 0A;
22876 : 0A;
22877 : 0A;
22878 : 0A;
22879 : 0A;
22880 : 0A;
22881 : 0A;
22882 : 0A;
22883 : 0A;
22884 : 0A;
22885 : 0A;
22886 : 0A;
22887 : 0A;
22888 : 0A;
22889 : 0A;
22890 : 0A;
22891 : 0E;
22892 : 0E;
22893 : 0E;
22894 : 13;
22895 : 13;
22896 : 13;
22897 : 13;
22898 : 13;
22899 : 13;
22900 : 13;
22901 : 13;
22902 : 13;
22903 : 13;
22904 : 13;
22905 : 13;
22906 : 0F;
22907 : 0E;
22908 : 0E;
22909 : 0E;
22910 : 0E;
22911 : 0E;
22912 : 0E;
22913 : 0E;
22914 : 0E;
22915 : 0E;
22916 : 0E;
22917 : 0E;
22918 : 0E;
22919 : 0E;
22920 : 0F;
22921 : 13;
22922 : 13;
22923 : 13;
22924 : 13;
22925 : 13;
22926 : 13;
22927 : 13;
22928 : 0E;
22929 : 0E;
22930 : 0E;
22931 : 0A;
22932 : 0A;
22933 : 0A;
22934 : 0A;
22935 : 0A;
22936 : 0A;
22937 : 0A;
22938 : 0A;
22939 : 0A;
22940 : 0A;
22941 : 0A;
22942 : 0A;
22943 : 0A;
22944 : 0A;
22945 : 0E;
22946 : 0E;
22947 : 0E;
22948 : 13;
22949 : 13;
22950 : 13;
22951 : 13;
22952 : 13;
22953 : 13;
22954 : 13;
22955 : 13;
22956 : 13;
22957 : 13;
22958 : 13;
22959 : 13;
22960 : 13;
22961 : 0F;
22962 : 0E;
22963 : 0E;
22964 : 0E;
22965 : 0E;
22966 : 0E;
22967 : 0E;
22968 : 0E;
22969 : 0E;
22970 : 0E;
22971 : 0E;
22972 : 0E;
22973 : 0E;
22974 : 0F;
22975 : 0F;
22976 : 0F;
22977 : 13;
22978 : 13;
22979 : 13;
22980 : 13;
22981 : 13;
22982 : 0E;
22983 : 0E;
22984 : 0E;
22985 : 0A;
22986 : 0A;
22987 : 0A;
22988 : 0A;
22989 : 0A;
22990 : 0A;
22991 : 0A;
22992 : 0A;
22993 : 0A;
22994 : 0A;
22995 : 0A;
22996 : 0A;
22997 : 0A;
22998 : 0A;
22999 : 0A;
23000 : 0A;
23001 : 0A;
23002 : 0E;
23003 : 0A;
23004 : 0A;
23005 : 0E;
23006 : 0E;
23007 : 0F;
23008 : 13;
23009 : 13;
23010 : 13;
23011 : 13;
23012 : 13;
23013 : 13;
23014 : 13;
23015 : 13;
23016 : 13;
23017 : 13;
23018 : 13;
23019 : 13;
23020 : 13;
23021 : 13;
23022 : 13;
23023 : 13;
23024 : 13;
23025 : 13;
23026 : 13;
23027 : 13;
23028 : 13;
23029 : 13;
23030 : 13;
23031 : 13;
23032 : 13;
23033 : 13;
23034 : 13;
23035 : 13;
23036 : 13;
23037 : 12;
23038 : 0E;
23039 : 0E;
23040 : 13;
23041 : 13;
23042 : 13;
23043 : 13;
23044 : 13;
23045 : 13;
23046 : 13;
23047 : 13;
23048 : 13;
23049 : 13;
23050 : 13;
23051 : 13;
23052 : 0E;
23053 : 0E;
23054 : 0E;
23055 : 0E;
23056 : 0A;
23057 : 0A;
23058 : 0A;
23059 : 0E;
23060 : 0A;
23061 : 0A;
23062 : 0A;
23063 : 0A;
23064 : 0A;
23065 : 0A;
23066 : 0A;
23067 : 0A;
23068 : 0A;
23069 : 0A;
23070 : 0A;
23071 : 0E;
23072 : 0E;
23073 : 0E;
23074 : 0E;
23075 : 13;
23076 : 13;
23077 : 13;
23078 : 13;
23079 : 13;
23080 : 13;
23081 : 13;
23082 : 13;
23083 : 13;
23084 : 13;
23085 : 0F;
23086 : 0E;
23087 : 0E;
23088 : 0E;
23089 : 0E;
23090 : 0E;
23091 : 0E;
23092 : 0E;
23093 : 0E;
23094 : 0E;
23095 : 0E;
23096 : 0E;
23097 : 0E;
23098 : 0E;
23099 : 0E;
23100 : 0F;
23101 : 13;
23102 : 13;
23103 : 13;
23104 : 13;
23105 : 13;
23106 : 13;
23107 : 13;
23108 : 13;
23109 : 13;
23110 : 0E;
23111 : 0E;
23112 : 0E;
23113 : 0A;
23114 : 0A;
23115 : 0A;
23116 : 0A;
23117 : 0E;
23118 : 0E;
23119 : 0A;
23120 : 0A;
23121 : 0A;
23122 : 0A;
23123 : 0A;
23124 : 0A;
23125 : 0A;
23126 : 0A;
23127 : 0E;
23128 : 0E;
23129 : 0E;
23130 : 0E;
23131 : 0E;
23132 : 13;
23133 : 13;
23134 : 13;
23135 : 13;
23136 : 13;
23137 : 13;
23138 : 13;
23139 : 13;
23140 : 13;
23141 : 13;
23142 : 0F;
23143 : 0E;
23144 : 0E;
23145 : 0E;
23146 : 0E;
23147 : 0E;
23148 : 0E;
23149 : 0E;
23150 : 0E;
23151 : 0E;
23152 : 0E;
23153 : 0E;
23154 : 0E;
23155 : 0E;
23156 : 0E;
23157 : 0E;
23158 : 0E;
23159 : 0E;
23160 : 0E;
23161 : 0E;
23162 : 0F;
23163 : 13;
23164 : 13;
23165 : 13;
23166 : 13;
23167 : 13;
23168 : 13;
23169 : 13;
23170 : 13;
23171 : 0E;
23172 : 0E;
23173 : 0E;
23174 : 0A;
23175 : 0A;
23176 : 0A;
23177 : 0A;
23178 : 0A;
23179 : 0A;
23180 : 0A;
23181 : 0E;
23182 : 0E;
23183 : 0E;
23184 : 0E;
23185 : 13;
23186 : 13;
23187 : 13;
23188 : 13;
23189 : 13;
23190 : 13;
23191 : 13;
23192 : 13;
23193 : 13;
23194 : 13;
23195 : 13;
23196 : 13;
23197 : 0F;
23198 : 0E;
23199 : 0E;
23200 : 0E;
23201 : 0E;
23202 : 0E;
23203 : 0E;
23204 : 0E;
23205 : 0E;
23206 : 0E;
23207 : 0E;
23208 : 0E;
23209 : 0E;
23210 : 0E;
23211 : 0E;
23212 : 0E;
23213 : 0E;
23214 : 0E;
23215 : 0E;
23216 : 0E;
23217 : 0E;
23218 : 0E;
23219 : 13;
23220 : 13;
23221 : 13;
23222 : 13;
23223 : 13;
23224 : 13;
23225 : 0E;
23226 : 0E;
23227 : 0E;
23228 : 0A;
23229 : 0A;
23230 : 0A;
23231 : 0E;
23232 : 0E;
23233 : 0E;
23234 : 0E;
23235 : 0E;
23236 : 0A;
23237 : 0A;
23238 : 0E;
23239 : 0A;
23240 : 0A;
23241 : 0E;
23242 : 0E;
23243 : 0E;
23244 : 0E;
23245 : 0E;
23246 : 13;
23247 : 13;
23248 : 13;
23249 : 13;
23250 : 13;
23251 : 13;
23252 : 13;
23253 : 13;
23254 : 13;
23255 : 13;
23256 : 13;
23257 : 13;
23258 : 13;
23259 : 0F;
23260 : 0E;
23261 : 0E;
23262 : 0E;
23263 : 0E;
23264 : 0E;
23265 : 0E;
23266 : 0E;
23267 : 0E;
23268 : 0F;
23269 : 13;
23270 : 13;
23271 : 13;
23272 : 13;
23273 : 13;
23274 : 13;
23275 : 13;
23276 : 13;
23277 : 13;
23278 : 13;
23279 : 13;
23280 : 0E;
23281 : 0E;
23282 : 0E;
23283 : 13;
23284 : 13;
23285 : 13;
23286 : 13;
23287 : 13;
23288 : 13;
23289 : 13;
23290 : 13;
23291 : 13;
23292 : 13;
23293 : 13;
23294 : 13;
23295 : 0E;
23296 : 0E;
23297 : 0E;
23298 : 0E;
23299 : 0A;
23300 : 0A;
23301 : 0A;
23302 : 0A;
23303 : 0A;
23304 : 0E;
23305 : 0A;
23306 : 0A;
23307 : 0E;
23308 : 0E;
23309 : 0E;
23310 : 0E;
23311 : 13;
23312 : 13;
23313 : 13;
23314 : 13;
23315 : 13;
23316 : 13;
23317 : 13;
23318 : 13;
23319 : 13;
23320 : 13;
23321 : 0F;
23322 : 0E;
23323 : 0E;
23324 : 0E;
23325 : 0E;
23326 : 0E;
23327 : 0E;
23328 : 0E;
23329 : 0E;
23330 : 0E;
23331 : 0E;
23332 : 0E;
23333 : 0E;
23334 : 0E;
23335 : 0E;
23336 : 0E;
23337 : 0E;
23338 : 0E;
23339 : 0E;
23340 : 0E;
23341 : 0E;
23342 : 0E;
23343 : 13;
23344 : 13;
23345 : 13;
23346 : 13;
23347 : 13;
23348 : 13;
23349 : 13;
23350 : 13;
23351 : 13;
23352 : 0E;
23353 : 0E;
23354 : 0E;
23355 : 0E;
23356 : 0A;
23357 : 0E;
23358 : 0E;
23359 : 0A;
23360 : 0E;
23361 : 0A;
23362 : 0E;
23363 : 0E;
23364 : 0E;
23365 : 0E;
23366 : 0E;
23367 : 0E;
23368 : 0E;
23369 : 13;
23370 : 13;
23371 : 13;
23372 : 13;
23373 : 13;
23374 : 13;
23375 : 13;
23376 : 13;
23377 : 13;
23378 : 13;
23379 : 13;
23380 : 13;
23381 : 0F;
23382 : 0E;
23383 : 0E;
23384 : 0E;
23385 : 0E;
23386 : 0E;
23387 : 0E;
23388 : 0E;
23389 : 0E;
23390 : 0E;
23391 : 0E;
23392 : 0E;
23393 : 0E;
23394 : 0E;
23395 : 0E;
23396 : 0E;
23397 : 0E;
23398 : 0E;
23399 : 0E;
23400 : 0E;
23401 : 0E;
23402 : 0E;
23403 : 0E;
23404 : 0F;
23405 : 13;
23406 : 13;
23407 : 13;
23408 : 13;
23409 : 13;
23410 : 13;
23411 : 13;
23412 : 13;
23413 : 0F;
23414 : 0E;
23415 : 0E;
23416 : 0E;
23417 : 0E;
23418 : 0E;
23419 : 0E;
23420 : 0E;
23421 : 0E;
23422 : 0F;
23423 : 13;
23424 : 13;
23425 : 13;
23426 : 13;
23427 : 13;
23428 : 13;
23429 : 13;
23430 : 13;
23431 : 13;
23432 : 13;
23433 : 13;
23434 : 13;
23435 : 13;
23436 : 0F;
23437 : 0E;
23438 : 0E;
23439 : 0E;
23440 : 0E;
23441 : 0E;
23442 : 0E;
23443 : 0E;
23444 : 0E;
23445 : 0E;
23446 : 0E;
23447 : 0E;
23448 : 0E;
23449 : 0E;
23450 : 0E;
23451 : 0E;
23452 : 0E;
23453 : 0E;
23454 : 0E;
23455 : 0E;
23456 : 0E;
23457 : 0E;
23458 : 0E;
23459 : 0E;
23460 : 0F;
23461 : 0F;
23462 : 13;
23463 : 13;
23464 : 13;
23465 : 13;
23466 : 13;
23467 : 13;
23468 : 0E;
23469 : 0E;
23470 : 0E;
23471 : 0E;
23472 : 0E;
23473 : 0E;
23474 : 0E;
23475 : 0E;
23476 : 0E;
23477 : 0A;
23478 : 0E;
23479 : 0E;
23480 : 0E;
23481 : 0E;
23482 : 0E;
23483 : 13;
23484 : 13;
23485 : 13;
23486 : 13;
23487 : 13;
23488 : 13;
23489 : 13;
23490 : 13;
23491 : 13;
23492 : 13;
23493 : 13;
23494 : 13;
23495 : 13;
23496 : 13;
23497 : 0E;
23498 : 0E;
23499 : 0E;
23500 : 0E;
23501 : 0E;
23502 : 0E;
23503 : 0E;
23504 : 0E;
23505 : 0E;
23506 : 0E;
23507 : 0E;
23508 : 0E;
23509 : 0E;
23510 : 0E;
23511 : 0E;
23512 : 13;
23513 : 13;
23514 : 13;
23515 : 13;
23516 : 13;
23517 : 13;
23518 : 13;
23519 : 13;
23520 : 0E;
23521 : 0E;
23522 : 0E;
23523 : 0E;
23524 : 0F;
23525 : 13;
23526 : 13;
23527 : 13;
23528 : 13;
23529 : 13;
23530 : 13;
23531 : 13;
23532 : 13;
23533 : 13;
23534 : 13;
23535 : 13;
23536 : 13;
23537 : 13;
23538 : 0E;
23539 : 0E;
23540 : 0E;
23541 : 0E;
23542 : 0E;
23543 : 0E;
23544 : 0E;
23545 : 0E;
23546 : 0E;
23547 : 0E;
23548 : 13;
23549 : 13;
23550 : 13;
23551 : 13;
23552 : 13;
23553 : 13;
23554 : 13;
23555 : 13;
23556 : 13;
23557 : 13;
23558 : 13;
23559 : 0F;
23560 : 0E;
23561 : 0E;
23562 : 0E;
23563 : 0E;
23564 : 0E;
23565 : 0E;
23566 : 0E;
23567 : 0E;
23568 : 0E;
23569 : 0E;
23570 : 0E;
23571 : 0E;
23572 : 0E;
23573 : 0E;
23574 : 0E;
23575 : 0E;
23576 : 0E;
23577 : 0E;
23578 : 0E;
23579 : 0E;
23580 : 0E;
23581 : 0E;
23582 : 0E;
23583 : 0E;
23584 : 0E;
23585 : 0F;
23586 : 13;
23587 : 13;
23588 : 13;
23589 : 13;
23590 : 13;
23591 : 13;
23592 : 13;
23593 : 13;
23594 : 13;
23595 : 13;
23596 : 0E;
23597 : 0E;
23598 : 0E;
23599 : 0E;
23600 : 0E;
23601 : 0E;
23602 : 0E;
23603 : 0E;
23604 : 0E;
23605 : 13;
23606 : 13;
23607 : 13;
23608 : 13;
23609 : 13;
23610 : 13;
23611 : 13;
23612 : 13;
23613 : 13;
23614 : 13;
23615 : 13;
23616 : 13;
23617 : 13;
23618 : 0F;
23619 : 0E;
23620 : 0E;
23621 : 0E;
23622 : 0E;
23623 : 0E;
23624 : 0E;
23625 : 0E;
23626 : 0E;
23627 : 0E;
23628 : 0E;
23629 : 0E;
23630 : 0E;
23631 : 0E;
23632 : 0E;
23633 : 0E;
23634 : 0E;
23635 : 0E;
23636 : 0E;
23637 : 0E;
23638 : 0E;
23639 : 0E;
23640 : 0E;
23641 : 0E;
23642 : 0E;
23643 : 0E;
23644 : 0E;
23645 : 0E;
23646 : 0F;
23647 : 13;
23648 : 13;
23649 : 13;
23650 : 13;
23651 : 13;
23652 : 13;
23653 : 13;
23654 : 13;
23655 : 13;
23656 : 13;
23657 : 13;
23658 : 13;
23659 : 13;
23660 : 13;
23661 : 13;
23662 : 13;
23663 : 13;
23664 : 13;
23665 : 13;
23666 : 13;
23667 : 13;
23668 : 13;
23669 : 13;
23670 : 13;
23671 : 13;
23672 : 13;
23673 : 0F;
23674 : 0E;
23675 : 0E;
23676 : 0E;
23677 : 0E;
23678 : 0E;
23679 : 0E;
23680 : 0E;
23681 : 0E;
23682 : 0E;
23683 : 0E;
23684 : 0E;
23685 : 0E;
23686 : 0E;
23687 : 0E;
23688 : 0E;
23689 : 0E;
23690 : 0E;
23691 : 0E;
23692 : 0E;
23693 : 0E;
23694 : 0E;
23695 : 0E;
23696 : 0E;
23697 : 0E;
23698 : 0E;
23699 : 0E;
23700 : 0E;
23701 : 0E;
23702 : 0F;
23703 : 13;
23704 : 13;
23705 : 13;
23706 : 13;
23707 : 13;
23708 : 13;
23709 : 13;
23710 : 13;
23711 : 0E;
23712 : 0E;
23713 : 0E;
23714 : 0E;
23715 : 0E;
23716 : 0E;
23717 : 0E;
23718 : 0E;
23719 : 0E;
23720 : 13;
23721 : 13;
23722 : 13;
23723 : 13;
23724 : 13;
23725 : 13;
23726 : 13;
23727 : 13;
23728 : 13;
23729 : 13;
23730 : 13;
23731 : 13;
23732 : 13;
23733 : 13;
23734 : 13;
23735 : 0E;
23736 : 0E;
23737 : 0E;
23738 : 0E;
23739 : 0E;
23740 : 0E;
23741 : 0E;
23742 : 0E;
23743 : 0E;
23744 : 0E;
23745 : 0E;
23746 : 0E;
23747 : 0E;
23748 : 0E;
23749 : 0E;
23750 : 0E;
23751 : 0E;
23752 : 0E;
23753 : 13;
23754 : 13;
23755 : 13;
23756 : 13;
23757 : 13;
23758 : 13;
23759 : 13;
23760 : 0E;
23761 : 0E;
23762 : 0E;
23763 : 0E;
23764 : 0E;
23765 : 0E;
23766 : 0E;
23767 : 0E;
23768 : 13;
23769 : 13;
23770 : 13;
23771 : 13;
23772 : 13;
23773 : 13;
23774 : 13;
23775 : 13;
23776 : 13;
23777 : 13;
23778 : 13;
23779 : 13;
23780 : 13;
23781 : 13;
23782 : 13;
23783 : 13;
23784 : 13;
23785 : 13;
23786 : 13;
23787 : 13;
23788 : 13;
23789 : 13;
23790 : 13;
23791 : 13;
23792 : 13;
23793 : 13;
23794 : 13;
23795 : 13;
23796 : 13;
23797 : 0E;
23798 : 0E;
23799 : 0E;
23800 : 0E;
23801 : 0E;
23802 : 0E;
23803 : 0E;
23804 : 0E;
23805 : 0E;
23806 : 0E;
23807 : 0E;
23808 : 0E;
23809 : 0E;
23810 : 0E;
23811 : 0E;
23812 : 0E;
23813 : 0E;
23814 : 0E;
23815 : 0E;
23816 : 0E;
23817 : 0E;
23818 : 0E;
23819 : 0E;
23820 : 0E;
23821 : 0E;
23822 : 0E;
23823 : 0E;
23824 : 0E;
23825 : 0E;
23826 : 0E;
23827 : 13;
23828 : 13;
23829 : 13;
23830 : 13;
23831 : 13;
23832 : 13;
23833 : 13;
23834 : 13;
23835 : 13;
23836 : 13;
23837 : 13;
23838 : 13;
23839 : 13;
23840 : 0F;
23841 : 13;
23842 : 13;
23843 : 13;
23844 : 13;
23845 : 13;
23846 : 13;
23847 : 13;
23848 : 13;
23849 : 13;
23850 : 13;
23851 : 13;
23852 : 13;
23853 : 13;
23854 : 13;
23855 : 13;
23856 : 0E;
23857 : 0E;
23858 : 0E;
23859 : 0E;
23860 : 0E;
23861 : 0E;
23862 : 0E;
23863 : 0E;
23864 : 0E;
23865 : 0E;
23866 : 0E;
23867 : 0E;
23868 : 0E;
23869 : 0E;
23870 : 0E;
23871 : 0E;
23872 : 0E;
23873 : 0E;
23874 : 0E;
23875 : 0E;
23876 : 0E;
23877 : 0E;
23878 : 0E;
23879 : 0E;
23880 : 0E;
23881 : 0E;
23882 : 0E;
23883 : 0E;
23884 : 0E;
23885 : 0E;
23886 : 0E;
23887 : 0E;
23888 : 0F;
23889 : 13;
23890 : 13;
23891 : 13;
23892 : 13;
23893 : 13;
23894 : 13;
23895 : 13;
23896 : 13;
23897 : 13;
23898 : 13;
23899 : 13;
23900 : 13;
23901 : 13;
23902 : 13;
23903 : 13;
23904 : 13;
23905 : 13;
23906 : 13;
23907 : 13;
23908 : 13;
23909 : 13;
23910 : 0F;
23911 : 0E;
23912 : 0E;
23913 : 0E;
23914 : 0E;
23915 : 0E;
23916 : 0E;
23917 : 0E;
23918 : 0E;
23919 : 0E;
23920 : 0E;
23921 : 0E;
23922 : 0E;
23923 : 0E;
23924 : 0E;
23925 : 0E;
23926 : 0E;
23927 : 0E;
23928 : 0E;
23929 : 0E;
23930 : 0E;
23931 : 0E;
23932 : 0E;
23933 : 0E;
23934 : 0E;
23935 : 0E;
23936 : 0E;
23937 : 0E;
23938 : 0E;
23939 : 0E;
23940 : 0E;
23941 : 0E;
23942 : 0E;
23943 : 0F;
23944 : 13;
23945 : 13;
23946 : 13;
23947 : 13;
23948 : 13;
23949 : 13;
23950 : 13;
23951 : 13;
23952 : 13;
23953 : 13;
23954 : 13;
23955 : 13;
23956 : 13;
23957 : 13;
23958 : 13;
23959 : 13;
23960 : 13;
23961 : 13;
23962 : 13;
23963 : 13;
23964 : 13;
23965 : 13;
23966 : 13;
23967 : 13;
23968 : 13;
23969 : 13;
23970 : 13;
23971 : 13;
23972 : 13;
23973 : 0E;
23974 : 0E;
23975 : 0E;
23976 : 0E;
23977 : 0E;
23978 : 0E;
23979 : 0E;
23980 : 0E;
23981 : 0E;
23982 : 0E;
23983 : 0E;
23984 : 0E;
23985 : 0E;
23986 : 0E;
23987 : 0E;
23988 : 0E;
23989 : 0E;
23990 : 0E;
23991 : 0E;
23992 : 0E;
23993 : 0E;
23994 : 0E;
23995 : 13;
23996 : 13;
23997 : 13;
23998 : 13;
23999 : 13;
24000 : 0E;
24001 : 0E;
24002 : 0E;
24003 : 0E;
24004 : 0E;
24005 : 0E;
24006 : 0E;
24007 : 0E;
24008 : 0E;
24009 : 0F;
24010 : 13;
24011 : 13;
24012 : 13;
24013 : 13;
24014 : 13;
24015 : 13;
24016 : 13;
24017 : 13;
24018 : 13;
24019 : 13;
24020 : 13;
24021 : 13;
24022 : 13;
24023 : 13;
24024 : 13;
24025 : 13;
24026 : 13;
24027 : 13;
24028 : 13;
24029 : 13;
24030 : 13;
24031 : 13;
24032 : 13;
24033 : 13;
24034 : 13;
24035 : 0E;
24036 : 0E;
24037 : 0E;
24038 : 0E;
24039 : 0E;
24040 : 0E;
24041 : 0E;
24042 : 0E;
24043 : 0E;
24044 : 0E;
24045 : 0E;
24046 : 0E;
24047 : 0E;
24048 : 0E;
24049 : 0E;
24050 : 0E;
24051 : 0E;
24052 : 0E;
24053 : 0E;
24054 : 0E;
24055 : 0E;
24056 : 0E;
24057 : 0E;
24058 : 0E;
24059 : 0E;
24060 : 0E;
24061 : 0E;
24062 : 0E;
24063 : 0E;
24064 : 0E;
24065 : 0E;
24066 : 0E;
24067 : 0E;
24068 : 0F;
24069 : 13;
24070 : 13;
24071 : 13;
24072 : 13;
24073 : 13;
24074 : 13;
24075 : 13;
24076 : 13;
24077 : 13;
24078 : 13;
24079 : 13;
24080 : 13;
24081 : 13;
24082 : 13;
24083 : 13;
24084 : 13;
24085 : 13;
24086 : 13;
24087 : 13;
24088 : 13;
24089 : 13;
24090 : 13;
24091 : 13;
24092 : 0F;
24093 : 0F;
24094 : 0E;
24095 : 0E;
24096 : 0E;
24097 : 0E;
24098 : 0E;
24099 : 0E;
24100 : 0E;
24101 : 0E;
24102 : 0E;
24103 : 0E;
24104 : 0E;
24105 : 0E;
24106 : 0E;
24107 : 0E;
24108 : 0E;
24109 : 0E;
24110 : 0E;
24111 : 0E;
24112 : 0E;
24113 : 0E;
24114 : 0E;
24115 : 0E;
24116 : 0E;
24117 : 0E;
24118 : 0E;
24119 : 0E;
24120 : 0E;
24121 : 0E;
24122 : 0E;
24123 : 0E;
24124 : 0E;
24125 : 0E;
24126 : 0E;
24127 : 0E;
24128 : 0E;
24129 : 0E;
24130 : 0E;
24131 : 13;
24132 : 13;
24133 : 13;
24134 : 13;
24135 : 13;
24136 : 13;
24137 : 13;
24138 : 13;
24139 : 13;
24140 : 13;
24141 : 13;
24142 : 13;
24143 : 13;
24144 : 13;
24145 : 13;
24146 : 13;
24147 : 0F;
24148 : 0E;
24149 : 0E;
24150 : 0E;
24151 : 0E;
24152 : 0E;
24153 : 0E;
24154 : 0E;
24155 : 0E;
24156 : 0E;
24157 : 0E;
24158 : 0E;
24159 : 0E;
24160 : 0E;
24161 : 0E;
24162 : 0E;
24163 : 0E;
24164 : 0E;
24165 : 0E;
24166 : 0E;
24167 : 0E;
24168 : 0E;
24169 : 0E;
24170 : 0E;
24171 : 0E;
24172 : 0E;
24173 : 0E;
24174 : 0E;
24175 : 0E;
24176 : 0E;
24177 : 0E;
24178 : 0E;
24179 : 0E;
24180 : 0E;
24181 : 0E;
24182 : 0E;
24183 : 0E;
24184 : 0E;
24185 : 0F;
24186 : 13;
24187 : 13;
24188 : 13;
24189 : 13;
24190 : 13;
24191 : 13;
24192 : 13;
24193 : 13;
24194 : 13;
24195 : 13;
24196 : 13;
24197 : 13;
24198 : 13;
24199 : 13;
24200 : 13;
24201 : 13;
24202 : 13;
24203 : 13;
24204 : 13;
24205 : 13;
24206 : 13;
24207 : 13;
24208 : 13;
24209 : 13;
24210 : 0F;
24211 : 0E;
24212 : 0E;
24213 : 0E;
24214 : 0E;
24215 : 0E;
24216 : 0E;
24217 : 0E;
24218 : 0E;
24219 : 0E;
24220 : 0E;
24221 : 0E;
24222 : 0E;
24223 : 0E;
24224 : 0E;
24225 : 0E;
24226 : 0E;
24227 : 0E;
24228 : 0E;
24229 : 0E;
24230 : 0E;
24231 : 0E;
24232 : 0E;
24233 : 0E;
24234 : 0E;
24235 : 0E;
24236 : 0E;
24237 : 13;
24238 : 13;
24239 : 13;
24240 : 0E;
24241 : 0E;
24242 : 0E;
24243 : 0E;
24244 : 0E;
24245 : 0E;
24246 : 0E;
24247 : 0E;
24248 : 0E;
24249 : 0E;
24250 : 0E;
24251 : 13;
24252 : 13;
24253 : 13;
24254 : 13;
24255 : 13;
24256 : 13;
24257 : 13;
24258 : 13;
24259 : 13;
24260 : 13;
24261 : 13;
24262 : 13;
24263 : 13;
24264 : 13;
24265 : 13;
24266 : 13;
24267 : 13;
24268 : 13;
24269 : 13;
24270 : 13;
24271 : 13;
24272 : 0F;
24273 : 0E;
24274 : 0E;
24275 : 0E;
24276 : 0E;
24277 : 0E;
24278 : 0E;
24279 : 0E;
24280 : 0E;
24281 : 0E;
24282 : 0E;
24283 : 0E;
24284 : 0E;
24285 : 0E;
24286 : 0E;
24287 : 0E;
24288 : 0E;
24289 : 0E;
24290 : 0E;
24291 : 0E;
24292 : 0E;
24293 : 0E;
24294 : 0E;
24295 : 0E;
24296 : 0E;
24297 : 0E;
24298 : 0E;
24299 : 0E;
24300 : 0E;
24301 : 0E;
24302 : 0E;
24303 : 0E;
24304 : 0E;
24305 : 0E;
24306 : 0E;
24307 : 0E;
24308 : 0E;
24309 : 0E;
24310 : 13;
24311 : 13;
24312 : 13;
24313 : 13;
24314 : 13;
24315 : 13;
24316 : 13;
24317 : 13;
24318 : 13;
24319 : 13;
24320 : 13;
24321 : 13;
24322 : 13;
24323 : 13;
24324 : 13;
24325 : 13;
24326 : 13;
24327 : 13;
24328 : 13;
24329 : 13;
24330 : 0F;
24331 : 0E;
24332 : 0E;
24333 : 0E;
24334 : 0E;
24335 : 0E;
24336 : 0E;
24337 : 0E;
24338 : 0E;
24339 : 0E;
24340 : 0E;
24341 : 0E;
24342 : 0E;
24343 : 0E;
24344 : 0E;
24345 : 0E;
24346 : 0E;
24347 : 0E;
24348 : 0E;
24349 : 0E;
24350 : 0E;
24351 : 0E;
24352 : 0E;
24353 : 0E;
24354 : 0E;
24355 : 0E;
24356 : 0E;
24357 : 0E;
24358 : 0E;
24359 : 0E;
24360 : 0E;
24361 : 0E;
24362 : 0E;
24363 : 0E;
24364 : 0E;
24365 : 0E;
24366 : 0E;
24367 : 0E;
24368 : 0E;
24369 : 0E;
24370 : 0E;
24371 : 0E;
24372 : 0E;
24373 : 13;
24374 : 13;
24375 : 13;
24376 : 13;
24377 : 13;
24378 : 13;
24379 : 13;
24380 : 13;
24381 : 13;
24382 : 13;
24383 : 13;
24384 : 13;
24385 : 0F;
24386 : 0E;
24387 : 0E;
24388 : 0E;
24389 : 0E;
24390 : 0E;
24391 : 0E;
24392 : 0E;
24393 : 0E;
24394 : 0E;
24395 : 0E;
24396 : 0E;
24397 : 0E;
24398 : 0E;
24399 : 0E;
24400 : 0E;
24401 : 0E;
24402 : 0E;
24403 : 0E;
24404 : 0E;
24405 : 0E;
24406 : 0E;
24407 : 0E;
24408 : 0E;
24409 : 0E;
24410 : 0E;
24411 : 0E;
24412 : 0E;
24413 : 0E;
24414 : 0E;
24415 : 0E;
24416 : 0E;
24417 : 0E;
24418 : 0E;
24419 : 0E;
24420 : 0E;
24421 : 0E;
24422 : 0E;
24423 : 0E;
24424 : 0E;
24425 : 0E;
24426 : 0E;
24427 : 0F;
24428 : 13;
24429 : 13;
24430 : 13;
24431 : 13;
24432 : 13;
24433 : 13;
24434 : 13;
24435 : 13;
24436 : 13;
24437 : 13;
24438 : 13;
24439 : 13;
24440 : 13;
24441 : 13;
24442 : 13;
24443 : 13;
24444 : 13;
24445 : 13;
24446 : 0F;
24447 : 0F;
24448 : 0E;
24449 : 0F;
24450 : 0E;
24451 : 0E;
24452 : 0E;
24453 : 0E;
24454 : 0E;
24455 : 0E;
24456 : 0E;
24457 : 0E;
24458 : 0E;
24459 : 0E;
24460 : 0E;
24461 : 0E;
24462 : 0E;
24463 : 0E;
24464 : 0E;
24465 : 0E;
24466 : 0E;
24467 : 0E;
24468 : 0E;
24469 : 0E;
24470 : 0E;
24471 : 0E;
24472 : 0E;
24473 : 0E;
24474 : 0E;
24475 : 0E;
24476 : 0E;
24477 : 0E;
24478 : 0E;
24479 : 0E;
24480 : 0E;
24481 : 0E;
24482 : 0E;
24483 : 0E;
24484 : 0E;
24485 : 0E;
24486 : 0E;
24487 : 0E;
24488 : 0E;
24489 : 0E;
24490 : 0E;
24491 : 0E;
24492 : 0E;
24493 : 0E;
24494 : 0E;
24495 : 0F;
24496 : 13;
24497 : 13;
24498 : 13;
24499 : 13;
24500 : 13;
24501 : 13;
24502 : 13;
24503 : 13;
24504 : 13;
24505 : 13;
24506 : 13;
24507 : 13;
24508 : 0F;
24509 : 0F;
24510 : 0E;
24511 : 0E;
24512 : 0E;
24513 : 0E;
24514 : 0E;
24515 : 0E;
24516 : 0E;
24517 : 0E;
24518 : 0E;
24519 : 0E;
24520 : 0E;
24521 : 0E;
24522 : 0E;
24523 : 0E;
24524 : 0E;
24525 : 0E;
24526 : 0E;
24527 : 0E;
24528 : 0E;
24529 : 0E;
24530 : 0E;
24531 : 0E;
24532 : 0E;
24533 : 0E;
24534 : 0E;
24535 : 0E;
24536 : 0E;
24537 : 0E;
24538 : 0E;
24539 : 0E;
24540 : 0E;
24541 : 0E;
24542 : 0E;
24543 : 0E;
24544 : 0E;
24545 : 0E;
24546 : 0E;
24547 : 0E;
24548 : 0E;
24549 : 0E;
24550 : 0E;
24551 : 0E;
24552 : 0F;
24553 : 13;
24554 : 13;
24555 : 13;
24556 : 13;
24557 : 13;
24558 : 13;
24559 : 13;
24560 : 13;
24561 : 13;
24562 : 13;
24563 : 13;
24564 : 13;
24565 : 13;
24566 : 13;
24567 : 13;
24568 : 0E;
24569 : 0E;
24570 : 0E;
24571 : 0E;
24572 : 0E;
24573 : 0E;
24574 : 0E;
24575 : 0E;
24576 : 0E;
24577 : 0E;
24578 : 0E;
24579 : 0F;
24580 : 13;
24581 : 13;
24582 : 13;
24583 : 0E;
24584 : 0E;
24585 : 0E;
24586 : 0E;
24587 : 0E;
24588 : 0E;
24589 : 0F;
24590 : 0E;
24591 : 0E;
24592 : 0E;
24593 : 0E;
24594 : 0E;
24595 : 0E;
24596 : 0E;
24597 : 0E;
24598 : 0E;
24599 : 0E;
24600 : 0E;
24601 : 0E;
24602 : 0E;
24603 : 0E;
24604 : 0E;
24605 : 0E;
24606 : 0E;
24607 : 0E;
24608 : 0E;
24609 : 0E;
24610 : 0E;
24611 : 0E;
24612 : 0E;
24613 : 0E;
24614 : 0E;
24615 : 0F;
24616 : 13;
24617 : 13;
24618 : 13;
24619 : 0F;
24620 : 13;
24621 : 0F;
24622 : 0F;
24623 : 0E;
24624 : 0E;
24625 : 0E;
24626 : 0E;
24627 : 0E;
24628 : 0E;
24629 : 0E;
24630 : 0E;
24631 : 0E;
24632 : 0E;
24633 : 0E;
24634 : 0E;
24635 : 0E;
24636 : 0E;
24637 : 0E;
24638 : 0F;
24639 : 13;
24640 : 13;
24641 : 13;
24642 : 13;
24643 : 13;
24644 : 13;
24645 : 13;
24646 : 13;
24647 : 13;
24648 : 13;
24649 : 0E;
24650 : 13;
24651 : 0F;
24652 : 0E;
24653 : 0E;
24654 : 0E;
24655 : 0E;
24656 : 0E;
24657 : 0E;
24658 : 0E;
24659 : 0E;
24660 : 0E;
24661 : 0E;
24662 : 0E;
24663 : 0E;
24664 : 0E;
24665 : 0E;
24666 : 0E;
24667 : 0E;
24668 : 0E;
24669 : 0E;
24670 : 13;
24671 : 13;
24672 : 13;
24673 : 13;
24674 : 13;
24675 : 13;
24676 : 13;
24677 : 13;
24678 : 13;
24679 : 13;
24680 : 13;
24681 : 13;
24682 : 13;
24683 : 13;
24684 : 0F;
24685 : 0E;
24686 : 0E;
24687 : 0E;
24688 : 0E;
24689 : 0E;
24690 : 0E;
24691 : 0E;
24692 : 0E;
24693 : 0E;
24694 : 0E;
24695 : 0E;
24696 : 0E;
24697 : 0E;
24698 : 0E;
24699 : 0E;
24700 : 0E;
24701 : 0E;
24702 : 0E;
24703 : 0E;
24704 : 0E;
24705 : 0E;
24706 : 0E;
24707 : 0E;
24708 : 0E;
24709 : 0E;
24710 : 0E;
24711 : 0E;
24712 : 0E;
24713 : 0E;
24714 : 0E;
24715 : 0E;
24716 : 0E;
24717 : 0E;
24718 : 0E;
24719 : 0E;
24720 : 0E;
24721 : 0E;
24722 : 0E;
24723 : 0E;
24724 : 0E;
24725 : 0E;
24726 : 0E;
24727 : 0E;
24728 : 0E;
24729 : 0E;
24730 : 0E;
24731 : 0E;
24732 : 0E;
24733 : 0E;
24734 : 0E;
24735 : 0E;
24736 : 0E;
24737 : 0E;
24738 : 0E;
24739 : 0F;
24740 : 13;
24741 : 13;
24742 : 13;
24743 : 0F;
24744 : 0F;
24745 : 0F;
24746 : 0E;
24747 : 0E;
24748 : 0E;
24749 : 0E;
24750 : 0E;
24751 : 0E;
24752 : 0E;
24753 : 0E;
24754 : 0E;
24755 : 0E;
24756 : 0E;
24757 : 0E;
24758 : 0E;
24759 : 0E;
24760 : 0E;
24761 : 0F;
24762 : 13;
24763 : 13;
24764 : 13;
24765 : 13;
24766 : 13;
24767 : 13;
24768 : 13;
24769 : 13;
24770 : 0F;
24771 : 0F;
24772 : 0E;
24773 : 0E;
24774 : 0E;
24775 : 0E;
24776 : 0E;
24777 : 0E;
24778 : 0E;
24779 : 0E;
24780 : 0E;
24781 : 0E;
24782 : 0E;
24783 : 0E;
24784 : 0E;
24785 : 0E;
24786 : 0E;
24787 : 0E;
24788 : 0E;
24789 : 0E;
24790 : 0E;
24791 : 0E;
24792 : 0E;
24793 : 0E;
24794 : 0F;
24795 : 0F;
24796 : 13;
24797 : 13;
24798 : 13;
24799 : 13;
24800 : 13;
24801 : 13;
24802 : 13;
24803 : 13;
24804 : 13;
24805 : 0F;
24806 : 0E;
24807 : 0E;
24808 : 0E;
24809 : 0E;
24810 : 0E;
24811 : 0E;
24812 : 0E;
24813 : 0E;
24814 : 0E;
24815 : 0E;
24816 : 0E;
24817 : 0E;
24818 : 0F;
24819 : 13;
24820 : 13;
24821 : 13;
24822 : 13;
24823 : 13;
24824 : 13;
24825 : 13;
24826 : 13;
24827 : 13;
24828 : 13;
24829 : 13;
24830 : 13;
24831 : 0E;
24832 : 0E;
24833 : 0E;
24834 : 0E;
24835 : 0E;
24836 : 0E;
24837 : 0E;
24838 : 0E;
24839 : 0E;
24840 : 0E;
24841 : 0E;
24842 : 0E;
24843 : 0E;
24844 : 0E;
24845 : 0E;
24846 : 0E;
24847 : 0E;
24848 : 0E;
24849 : 0E;
24850 : 0E;
24851 : 0E;
24852 : 0E;
24853 : 0E;
24854 : 0E;
24855 : 0E;
24856 : 0E;
24857 : 0E;
24858 : 0E;
24859 : 0E;
24860 : 0E;
24861 : 0E;
24862 : 0E;
24863 : 0E;
24864 : 0E;
24865 : 0E;
24866 : 0E;
24867 : 0E;
24868 : 0E;
24869 : 0E;
24870 : 0E;
24871 : 0E;
24872 : 0E;
24873 : 0E;
24874 : 13;
24875 : 13;
24876 : 13;
24877 : 13;
24878 : 13;
24879 : 13;
24880 : 13;
24881 : 13;
24882 : 13;
24883 : 13;
24884 : 13;
24885 : 13;
24886 : 13;
24887 : 13;
24888 : 13;
24889 : 13;
24890 : 13;
24891 : 13;
24892 : 0F;
24893 : 0E;
24894 : 0E;
24895 : 0E;
24896 : 0E;
24897 : 0E;
24898 : 0E;
24899 : 0E;
24900 : 0E;
24901 : 0E;
24902 : 0E;
24903 : 0E;
24904 : 0E;
24905 : 0E;
24906 : 0E;
24907 : 0E;
24908 : 0E;
24909 : 0E;
24910 : 0E;
24911 : 0E;
24912 : 0E;
24913 : 0E;
24914 : 0F;
24915 : 13;
24916 : 13;
24917 : 13;
24918 : 13;
24919 : 13;
24920 : 13;
24921 : 0F;
24922 : 0E;
24923 : 0E;
24924 : 0E;
24925 : 0E;
24926 : 0E;
24927 : 0E;
24928 : 0E;
24929 : 0E;
24930 : 0E;
24931 : 0E;
24932 : 0E;
24933 : 13;
24934 : 13;
24935 : 13;
24936 : 13;
24937 : 13;
24938 : 13;
24939 : 13;
24940 : 13;
24941 : 13;
24942 : 13;
24943 : 13;
24944 : 13;
24945 : 0E;
24946 : 0E;
24947 : 0E;
24948 : 0E;
24949 : 0E;
24950 : 0E;
24951 : 0E;
24952 : 0E;
24953 : 0E;
24954 : 0E;
24955 : 0E;
24956 : 0E;
24957 : 0E;
24958 : 0E;
24959 : 0F;
24960 : 0E;
24961 : 0E;
24962 : 0E;
24963 : 0E;
24964 : 0E;
24965 : 0E;
24966 : 0E;
24967 : 0E;
24968 : 0E;
24969 : 0E;
24970 : 0E;
24971 : 0E;
24972 : 0E;
24973 : 0E;
24974 : 0E;
24975 : 0E;
24976 : 0E;
24977 : 0E;
24978 : 0E;
24979 : 0E;
24980 : 0E;
24981 : 0E;
24982 : 0E;
24983 : 0E;
24984 : 0E;
24985 : 0E;
24986 : 0E;
24987 : 0E;
24988 : 0E;
24989 : 0E;
24990 : 0E;
24991 : 0E;
24992 : 0E;
24993 : 0E;
24994 : 0E;
24995 : 0E;
24996 : 0E;
24997 : 0E;
24998 : 13;
24999 : 13;
25000 : 13;
25001 : 13;
25002 : 13;
25003 : 13;
25004 : 13;
25005 : 13;
25006 : 13;
25007 : 13;
25008 : 13;
25009 : 13;
25010 : 13;
25011 : 13;
25012 : 13;
25013 : 13;
25014 : 13;
25015 : 0F;
25016 : 0E;
25017 : 0E;
25018 : 0E;
25019 : 0E;
25020 : 0E;
25021 : 0E;
25022 : 0E;
25023 : 0E;
25024 : 0E;
25025 : 0E;
25026 : 0E;
25027 : 0E;
25028 : 0E;
25029 : 0E;
25030 : 0E;
25031 : 0E;
25032 : 0E;
25033 : 0E;
25034 : 0E;
25035 : 0E;
25036 : 0E;
25037 : 0F;
25038 : 0E;
25039 : 0E;
25040 : 0F;
25041 : 0E;
25042 : 0F;
25043 : 0F;
25044 : 0E;
25045 : 0E;
25046 : 0E;
25047 : 0E;
25048 : 0E;
25049 : 0E;
25050 : 0E;
25051 : 0E;
25052 : 0E;
25053 : 0E;
25054 : 0E;
25055 : 13;
25056 : 13;
25057 : 13;
25058 : 13;
25059 : 13;
25060 : 13;
25061 : 13;
25062 : 13;
25063 : 13;
25064 : 13;
25065 : 13;
25066 : 13;
25067 : 13;
25068 : 13;
25069 : 13;
25070 : 13;
25071 : 13;
25072 : 13;
25073 : 13;
25074 : 13;
25075 : 0F;
25076 : 0E;
25077 : 0E;
25078 : 0E;
25079 : 0E;
25080 : 0E;
25081 : 0E;
25082 : 0E;
25083 : 0E;
25084 : 0E;
25085 : 0E;
25086 : 0E;
25087 : 0E;
25088 : 0E;
25089 : 0E;
25090 : 0E;
25091 : 0E;
25092 : 0E;
25093 : 0E;
25094 : 0E;
25095 : 0E;
25096 : 0E;
25097 : 0E;
25098 : 0E;
25099 : 0E;
25100 : 0E;
25101 : 0E;
25102 : 0E;
25103 : 0E;
25104 : 0E;
25105 : 0E;
25106 : 0E;
25107 : 0E;
25108 : 0E;
25109 : 0E;
25110 : 0E;
25111 : 13;
25112 : 13;
25113 : 13;
25114 : 13;
25115 : 13;
25116 : 13;
25117 : 13;
25118 : 13;
25119 : 13;
25120 : 13;
25121 : 13;
25122 : 13;
25123 : 13;
25124 : 13;
25125 : 13;
25126 : 13;
25127 : 13;
25128 : 13;
25129 : 13;
25130 : 13;
25131 : 13;
25132 : 13;
25133 : 13;
25134 : 13;
25135 : 0E;
25136 : 0E;
25137 : 0E;
25138 : 0E;
25139 : 0E;
25140 : 0E;
25141 : 0E;
25142 : 0E;
25143 : 0E;
25144 : 0E;
25145 : 0E;
25146 : 0E;
25147 : 0E;
25148 : 0E;
25149 : 0E;
25150 : 0E;
25151 : 0E;
25152 : 0E;
25153 : 0E;
25154 : 0E;
25155 : 0E;
25156 : 0F;
25157 : 0F;
25158 : 0F;
25159 : 0E;
25160 : 0E;
25161 : 0F;
25162 : 0E;
25163 : 0E;
25164 : 0E;
25165 : 0E;
25166 : 0E;
25167 : 0E;
25168 : 0E;
25169 : 13;
25170 : 13;
25171 : 13;
25172 : 13;
25173 : 13;
25174 : 13;
25175 : 13;
25176 : 13;
25177 : 13;
25178 : 13;
25179 : 13;
25180 : 13;
25181 : 13;
25182 : 13;
25183 : 13;
25184 : 13;
25185 : 13;
25186 : 13;
25187 : 13;
25188 : 0E;
25189 : 0E;
25190 : 0E;
25191 : 0E;
25192 : 0F;
25193 : 0E;
25194 : 0E;
25195 : 0E;
25196 : 0E;
25197 : 0E;
25198 : 0E;
25199 : 0F;
25200 : 0E;
25201 : 0E;
25202 : 0E;
25203 : 0E;
25204 : 0E;
25205 : 0E;
25206 : 0E;
25207 : 0E;
25208 : 0E;
25209 : 0E;
25210 : 0E;
25211 : 0E;
25212 : 0E;
25213 : 0E;
25214 : 0E;
25215 : 0E;
25216 : 0E;
25217 : 0E;
25218 : 0E;
25219 : 0E;
25220 : 0E;
25221 : 0E;
25222 : 0E;
25223 : 0E;
25224 : 0E;
25225 : 0E;
25226 : 0E;
25227 : 0E;
25228 : 0E;
25229 : 0E;
25230 : 0E;
25231 : 0E;
25232 : 0E;
25233 : 0F;
25234 : 0F;
25235 : 13;
25236 : 13;
25237 : 13;
25238 : 13;
25239 : 13;
25240 : 13;
25241 : 13;
25242 : 13;
25243 : 13;
25244 : 13;
25245 : 13;
25246 : 13;
25247 : 13;
25248 : 13;
25249 : 13;
25250 : 13;
25251 : 13;
25252 : 13;
25253 : 13;
25254 : 13;
25255 : 13;
25256 : 13;
25257 : 13;
25258 : 0F;
25259 : 0E;
25260 : 0E;
25261 : 0E;
25262 : 0E;
25263 : 0E;
25264 : 0E;
25265 : 0E;
25266 : 0E;
25267 : 0E;
25268 : 0E;
25269 : 0E;
25270 : 0E;
25271 : 0E;
25272 : 0E;
25273 : 0E;
25274 : 0F;
25275 : 0F;
25276 : 0F;
25277 : 0F;
25278 : 0E;
25279 : 0E;
25280 : 0F;
25281 : 0F;
25282 : 0E;
25283 : 0E;
25284 : 0F;
25285 : 0F;
25286 : 0E;
25287 : 0F;
25288 : 0E;
25289 : 0E;
25290 : 0E;
25291 : 0E;
25292 : 13;
25293 : 13;
25294 : 13;
25295 : 13;
25296 : 13;
25297 : 13;
25298 : 13;
25299 : 13;
25300 : 13;
25301 : 13;
25302 : 13;
25303 : 13;
25304 : 13;
25305 : 13;
25306 : 13;
25307 : 13;
25308 : 13;
25309 : 13;
25310 : 13;
25311 : 13;
25312 : 13;
25313 : 13;
25314 : 13;
25315 : 13;
25316 : 13;
25317 : 13;
25318 : 0F;
25319 : 0E;
25320 : 0E;
25321 : 0E;
25322 : 0E;
25323 : 0E;
25324 : 0E;
25325 : 0E;
25326 : 0E;
25327 : 0E;
25328 : 0E;
25329 : 0E;
25330 : 0E;
25331 : 0E;
25332 : 0E;
25333 : 0E;
25334 : 0E;
25335 : 0E;
25336 : 0E;
25337 : 0E;
25338 : 0E;
25339 : 0E;
25340 : 0E;
25341 : 0E;
25342 : 0E;
25343 : 0E;
25344 : 0E;
25345 : 0E;
25346 : 0E;
25347 : 0E;
25348 : 13;
25349 : 13;
25350 : 13;
25351 : 13;
25352 : 13;
25353 : 13;
25354 : 13;
25355 : 13;
25356 : 13;
25357 : 13;
25358 : 13;
25359 : 13;
25360 : 13;
25361 : 13;
25362 : 13;
25363 : 13;
25364 : 13;
25365 : 13;
25366 : 13;
25367 : 13;
25368 : 13;
25369 : 13;
25370 : 13;
25371 : 13;
25372 : 13;
25373 : 13;
25374 : 13;
25375 : 13;
25376 : 13;
25377 : 13;
25378 : 13;
25379 : 0E;
25380 : 0E;
25381 : 0E;
25382 : 0E;
25383 : 0E;
25384 : 0E;
25385 : 0E;
25386 : 0E;
25387 : 0E;
25388 : 0E;
25389 : 0E;
25390 : 0E;
25391 : 0E;
25392 : 0E;
25393 : 0E;
25394 : 0E;
25395 : 0F;
25396 : 0F;
25397 : 0F;
25398 : 0F;
25399 : 0F;
25400 : 0F;
25401 : 0F;
25402 : 0F;
25403 : 0F;
25404 : 0E;
25405 : 0F;
25406 : 0F;
25407 : 13;
25408 : 13;
25409 : 13;
25410 : 13;
25411 : 13;
25412 : 13;
25413 : 13;
25414 : 13;
25415 : 13;
25416 : 13;
25417 : 13;
25418 : 13;
25419 : 13;
25420 : 13;
25421 : 13;
25422 : 13;
25423 : 13;
25424 : 13;
25425 : 13;
25426 : 13;
25427 : 13;
25428 : 13;
25429 : 13;
25430 : 13;
25431 : 0E;
25432 : 0E;
25433 : 0E;
25434 : 0E;
25435 : 0E;
25436 : 0F;
25437 : 0E;
25438 : 0E;
25439 : 0E;
25440 : 13;
25441 : 13;
25442 : 0F;
25443 : 0F;
25444 : 0F;
25445 : 0E;
25446 : 0F;
25447 : 0E;
25448 : 0E;
25449 : 0E;
25450 : 0F;
25451 : 0E;
25452 : 0E;
25453 : 0E;
25454 : 0E;
25455 : 0E;
25456 : 0F;
25457 : 0E;
25458 : 0E;
25459 : 0E;
25460 : 0F;
25461 : 0F;
25462 : 0E;
25463 : 0E;
25464 : 0E;
25465 : 0E;
25466 : 0E;
25467 : 0E;
25468 : 0E;
25469 : 0E;
25470 : 0E;
25471 : 0F;
25472 : 13;
25473 : 13;
25474 : 13;
25475 : 13;
25476 : 13;
25477 : 13;
25478 : 13;
25479 : 13;
25480 : 13;
25481 : 13;
25482 : 13;
25483 : 13;
25484 : 13;
25485 : 13;
25486 : 13;
25487 : 13;
25488 : 13;
25489 : 13;
25490 : 13;
25491 : 13;
25492 : 13;
25493 : 13;
25494 : 13;
25495 : 13;
25496 : 13;
25497 : 13;
25498 : 13;
25499 : 13;
25500 : 13;
25501 : 0E;
25502 : 0E;
25503 : 0E;
25504 : 0E;
25505 : 0E;
25506 : 0E;
25507 : 0F;
25508 : 0E;
25509 : 0F;
25510 : 0F;
25511 : 0E;
25512 : 0E;
25513 : 0E;
25514 : 0E;
25515 : 0F;
25516 : 0E;
25517 : 0E;
25518 : 0E;
25519 : 0F;
25520 : 0F;
25521 : 0F;
25522 : 0E;
25523 : 0E;
25524 : 0E;
25525 : 0F;
25526 : 0E;
25527 : 0E;
25528 : 0F;
25529 : 13;
25530 : 13;
25531 : 13;
25532 : 13;
25533 : 13;
25534 : 13;
25535 : 13;
25536 : 13;
25537 : 13;
25538 : 13;
25539 : 13;
25540 : 13;
25541 : 13;
25542 : 13;
25543 : 13;
25544 : 13;
25545 : 13;
25546 : 13;
25547 : 0F;
25548 : 0F;
25549 : 13;
25550 : 13;
25551 : 13;
25552 : 13;
25553 : 13;
25554 : 13;
25555 : 13;
25556 : 13;
25557 : 13;
25558 : 13;
25559 : 13;
25560 : 13;
25561 : 0E;
25562 : 0F;
25563 : 0E;
25564 : 0E;
25565 : 0E;
25566 : 0E;
25567 : 0E;
25568 : 0E;
25569 : 0E;
25570 : 0E;
25571 : 0E;
25572 : 0E;
25573 : 0E;
25574 : 0E;
25575 : 0E;
25576 : 0F;
25577 : 0E;
25578 : 0E;
25579 : 0E;
25580 : 0E;
25581 : 0E;
25582 : 0E;
25583 : 0E;
25584 : 0E;
25585 : 0E;
25586 : 13;
25587 : 13;
25588 : 13;
25589 : 13;
25590 : 13;
25591 : 13;
25592 : 13;
25593 : 13;
25594 : 13;
25595 : 13;
25596 : 13;
25597 : 13;
25598 : 13;
25599 : 13;
25600 : 13;
25601 : 13;
25602 : 0F;
25603 : 0F;
25604 : 13;
25605 : 13;
25606 : 13;
25607 : 13;
25608 : 13;
25609 : 13;
25610 : 13;
25611 : 13;
25612 : 13;
25613 : 13;
25614 : 13;
25615 : 13;
25616 : 13;
25617 : 13;
25618 : 13;
25619 : 13;
25620 : 0E;
25621 : 0F;
25622 : 0E;
25623 : 0E;
25624 : 0E;
25625 : 0E;
25626 : 0E;
25627 : 0E;
25628 : 0E;
25629 : 0F;
25630 : 0F;
25631 : 0F;
25632 : 0F;
25633 : 0F;
25634 : 0F;
25635 : 0F;
25636 : 0F;
25637 : 0F;
25638 : 0F;
25639 : 0F;
25640 : 0F;
25641 : 0F;
25642 : 0F;
25643 : 0F;
25644 : 13;
25645 : 13;
25646 : 13;
25647 : 13;
25648 : 13;
25649 : 17;
25650 : 13;
25651 : 13;
25652 : 13;
25653 : 13;
25654 : 13;
25655 : 13;
25656 : 13;
25657 : 17;
25658 : 13;
25659 : 13;
25660 : 13;
25661 : 13;
25662 : 13;
25663 : 13;
25664 : 13;
25665 : 13;
25666 : 13;
25667 : 13;
25668 : 13;
25669 : 13;
25670 : 13;
25671 : 13;
25672 : 13;
25673 : 13;
25674 : 0E;
25675 : 0E;
25676 : 0F;
25677 : 0F;
25678 : 0F;
25679 : 0F;
25680 : 13;
25681 : 13;
25682 : 13;
25683 : 13;
25684 : 13;
25685 : 13;
25686 : 0F;
25687 : 0F;
25688 : 0E;
25689 : 0E;
25690 : 0E;
25691 : 0F;
25692 : 0F;
25693 : 0F;
25694 : 0F;
25695 : 0F;
25696 : 0E;
25697 : 0F;
25698 : 0E;
25699 : 0E;
25700 : 0F;
25701 : 0E;
25702 : 0E;
25703 : 0E;
25704 : 0E;
25705 : 0F;
25706 : 0F;
25707 : 0F;
25708 : 0E;
25709 : 13;
25710 : 13;
25711 : 13;
25712 : 13;
25713 : 13;
25714 : 13;
25715 : 13;
25716 : 13;
25717 : 13;
25718 : 13;
25719 : 13;
25720 : 13;
25721 : 13;
25722 : 13;
25723 : 13;
25724 : 13;
25725 : 13;
25726 : 13;
25727 : 13;
25728 : 13;
25729 : 13;
25730 : 13;
25731 : 13;
25732 : 13;
25733 : 13;
25734 : 13;
25735 : 13;
25736 : 13;
25737 : 13;
25738 : 13;
25739 : 13;
25740 : 13;
25741 : 13;
25742 : 0F;
25743 : 0E;
25744 : 0E;
25745 : 0E;
25746 : 0F;
25747 : 0E;
25748 : 0E;
25749 : 0E;
25750 : 0F;
25751 : 0F;
25752 : 0E;
25753 : 0F;
25754 : 0F;
25755 : 0F;
25756 : 0F;
25757 : 0F;
25758 : 0F;
25759 : 0F;
25760 : 0F;
25761 : 0E;
25762 : 0F;
25763 : 0F;
25764 : 0F;
25765 : 0F;
25766 : 0E;
25767 : 13;
25768 : 13;
25769 : 13;
25770 : 13;
25771 : 13;
25772 : 13;
25773 : 13;
25774 : 13;
25775 : 13;
25776 : 13;
25777 : 13;
25778 : 13;
25779 : 13;
25780 : 0F;
25781 : 0F;
25782 : 0F;
25783 : 0F;
25784 : 0F;
25785 : 0F;
25786 : 0F;
25787 : 0F;
25788 : 0F;
25789 : 0F;
25790 : 0F;
25791 : 0F;
25792 : 13;
25793 : 0F;
25794 : 13;
25795 : 13;
25796 : 13;
25797 : 13;
25798 : 13;
25799 : 13;
25800 : 13;
25801 : 13;
25802 : 13;
25803 : 0E;
25804 : 0E;
25805 : 0E;
25806 : 0F;
25807 : 0F;
25808 : 0E;
25809 : 0F;
25810 : 0F;
25811 : 0E;
25812 : 0E;
25813 : 0F;
25814 : 0F;
25815 : 0F;
25816 : 0E;
25817 : 0E;
25818 : 0E;
25819 : 0E;
25820 : 0F;
25821 : 0E;
25822 : 0F;
25823 : 13;
25824 : 13;
25825 : 13;
25826 : 13;
25827 : 13;
25828 : 13;
25829 : 13;
25830 : 13;
25831 : 13;
25832 : 13;
25833 : 13;
25834 : 13;
25835 : 13;
25836 : 13;
25837 : 13;
25838 : 13;
25839 : 0F;
25840 : 0F;
25841 : 0F;
25842 : 0F;
25843 : 0F;
25844 : 0F;
25845 : 0F;
25846 : 0F;
25847 : 0F;
25848 : 0F;
25849 : 13;
25850 : 13;
25851 : 13;
25852 : 13;
25853 : 13;
25854 : 13;
25855 : 13;
25856 : 13;
25857 : 13;
25858 : 13;
25859 : 13;
25860 : 13;
25861 : 0F;
25862 : 0E;
25863 : 0E;
25864 : 0E;
25865 : 0E;
25866 : 0E;
25867 : 0E;
25868 : 0F;
25869 : 0F;
25870 : 0F;
25871 : 0F;
25872 : 0F;
25873 : 0F;
25874 : 0F;
25875 : 0F;
25876 : 0F;
25877 : 0F;
25878 : 0F;
25879 : 0F;
25880 : 0F;
25881 : 13;
25882 : 13;
25883 : 13;
25884 : 13;
25885 : 13;
25886 : 17;
25887 : 17;
25888 : 17;
25889 : 13;
25890 : 17;
25891 : 13;
25892 : 13;
25893 : 13;
25894 : 13;
25895 : 13;
25896 : 13;
25897 : 13;
25898 : 13;
25899 : 13;
25900 : 13;
25901 : 13;
25902 : 13;
25903 : 13;
25904 : 13;
25905 : 13;
25906 : 13;
25907 : 13;
25908 : 13;
25909 : 13;
25910 : 17;
25911 : 17;
25912 : 17;
25913 : 13;
25914 : 13;
25915 : 13;
25916 : 13;
25917 : 13;
25918 : 13;
25919 : 13;
25920 : 13;
25921 : 13;
25922 : 13;
25923 : 13;
25924 : 13;
25925 : 13;
25926 : 13;
25927 : 13;
25928 : 13;
25929 : 0F;
25930 : 0F;
25931 : 0F;
25932 : 0F;
25933 : 0F;
25934 : 0F;
25935 : 0F;
25936 : 0F;
25937 : 0E;
25938 : 0F;
25939 : 0F;
25940 : 0F;
25941 : 0F;
25942 : 0F;
25943 : 0F;
25944 : 0F;
25945 : 0F;
25946 : 0F;
25947 : 13;
25948 : 13;
25949 : 13;
25950 : 13;
25951 : 13;
25952 : 13;
25953 : 13;
25954 : 13;
25955 : 17;
25956 : 17;
25957 : 13;
25958 : 13;
25959 : 13;
25960 : 13;
25961 : 13;
25962 : 13;
25963 : 13;
25964 : 13;
25965 : 13;
25966 : 13;
25967 : 13;
25968 : 13;
25969 : 13;
25970 : 13;
25971 : 13;
25972 : 13;
25973 : 13;
25974 : 13;
25975 : 13;
25976 : 13;
25977 : 13;
25978 : 13;
25979 : 13;
25980 : 13;
25981 : 13;
25982 : 13;
25983 : 13;
25984 : 0F;
25985 : 0E;
25986 : 0E;
25987 : 0E;
25988 : 0F;
25989 : 0F;
25990 : 0F;
25991 : 0F;
25992 : 0F;
25993 : 0F;
25994 : 0F;
25995 : 0F;
25996 : 0F;
25997 : 0F;
25998 : 0F;
25999 : 0F;
26000 : 0F;
26001 : 0F;
26002 : 0E;
26003 : 0E;
26004 : 0F;
26005 : 13;
26006 : 13;
26007 : 13;
26008 : 13;
26009 : 13;
26010 : 13;
26011 : 13;
26012 : 13;
26013 : 13;
26014 : 13;
26015 : 13;
26016 : 13;
26017 : 13;
26018 : 0F;
26019 : 0F;
26020 : 0F;
26021 : 0F;
26022 : 0F;
26023 : 0F;
26024 : 0F;
26025 : 0F;
26026 : 0F;
26027 : 0F;
26028 : 0F;
26029 : 0F;
26030 : 0F;
26031 : 0F;
26032 : 0F;
26033 : 0F;
26034 : 0F;
26035 : 0F;
26036 : 13;
26037 : 13;
26038 : 13;
26039 : 13;
26040 : 13;
26041 : 13;
26042 : 13;
26043 : 13;
26044 : 13;
26045 : 13;
26046 : 0E;
26047 : 0E;
26048 : 0F;
26049 : 0F;
26050 : 0E;
26051 : 0E;
26052 : 0E;
26053 : 0F;
26054 : 0E;
26055 : 0F;
26056 : 0F;
26057 : 0F;
26058 : 0F;
26059 : 0E;
26060 : 13;
26061 : 13;
26062 : 13;
26063 : 13;
26064 : 13;
26065 : 13;
26066 : 13;
26067 : 13;
26068 : 13;
26069 : 13;
26070 : 13;
26071 : 13;
26072 : 13;
26073 : 13;
26074 : 13;
26075 : 13;
26076 : 13;
26077 : 13;
26078 : 0F;
26079 : 0F;
26080 : 0F;
26081 : 0F;
26082 : 0F;
26083 : 0F;
26084 : 0F;
26085 : 0F;
26086 : 0F;
26087 : 0F;
26088 : 0F;
26089 : 13;
26090 : 13;
26091 : 0F;
26092 : 13;
26093 : 13;
26094 : 13;
26095 : 13;
26096 : 13;
26097 : 13;
26098 : 13;
26099 : 13;
26100 : 13;
26101 : 13;
26102 : 13;
26103 : 13;
26104 : 0E;
26105 : 0E;
26106 : 0F;
26107 : 0F;
26108 : 0F;
26109 : 0F;
26110 : 0F;
26111 : 0F;
26112 : 0F;
26113 : 0F;
26114 : 0F;
26115 : 0F;
26116 : 0F;
26117 : 0F;
26118 : 13;
26119 : 13;
26120 : 13;
26121 : 13;
26122 : 13;
26123 : 13;
26124 : 17;
26125 : 13;
26126 : 17;
26127 : 17;
26128 : 13;
26129 : 13;
26130 : 13;
26131 : 13;
26132 : 13;
26133 : 13;
26134 : 13;
26135 : 13;
26136 : 13;
26137 : 0F;
26138 : 0F;
26139 : 13;
26140 : 13;
26141 : 13;
26142 : 13;
26143 : 13;
26144 : 13;
26145 : 13;
26146 : 13;
26147 : 13;
26148 : 13;
26149 : 13;
26150 : 13;
26151 : 13;
26152 : 13;
26153 : 13;
26154 : 17;
26155 : 17;
26156 : 13;
26157 : 13;
26158 : 13;
26159 : 13;
26160 : 13;
26161 : 13;
26162 : 13;
26163 : 13;
26164 : 13;
26165 : 13;
26166 : 13;
26167 : 13;
26168 : 13;
26169 : 13;
26170 : 13;
26171 : 13;
26172 : 0F;
26173 : 0F;
26174 : 0E;
26175 : 0F;
26176 : 0F;
26177 : 0F;
26178 : 0F;
26179 : 0F;
26180 : 0F;
26181 : 0F;
26182 : 0F;
26183 : 0F;
26184 : 13;
26185 : 13;
26186 : 13;
26187 : 13;
26188 : 13;
26189 : 13;
26190 : 13;
26191 : 13;
26192 : 17;
26193 : 13;
26194 : 13;
26195 : 13;
26196 : 13;
26197 : 13;
26198 : 13;
26199 : 13;
26200 : 13;
26201 : 13;
26202 : 13;
26203 : 13;
26204 : 13;
26205 : 13;
26206 : 13;
26207 : 13;
26208 : 13;
26209 : 13;
26210 : 13;
26211 : 13;
26212 : 13;
26213 : 13;
26214 : 13;
26215 : 13;
26216 : 13;
26217 : 13;
26218 : 13;
26219 : 13;
26220 : 13;
26221 : 13;
26222 : 13;
26223 : 13;
26224 : 13;
26225 : 13;
26226 : 13;
26227 : 0F;
26228 : 0F;
26229 : 0F;
26230 : 0F;
26231 : 0F;
26232 : 0F;
26233 : 0F;
26234 : 0F;
26235 : 0F;
26236 : 0E;
26237 : 0F;
26238 : 0F;
26239 : 0F;
26240 : 0E;
26241 : 0F;
26242 : 13;
26243 : 13;
26244 : 13;
26245 : 13;
26246 : 13;
26247 : 13;
26248 : 13;
26249 : 13;
26250 : 13;
26251 : 13;
26252 : 13;
26253 : 13;
26254 : 0F;
26255 : 0F;
26256 : 0F;
26257 : 0F;
26258 : 0F;
26259 : 0F;
26260 : 0F;
26261 : 0F;
26262 : 0F;
26263 : 0F;
26264 : 0F;
26265 : 0F;
26266 : 0F;
26267 : 13;
26268 : 13;
26269 : 0F;
26270 : 0F;
26271 : 0F;
26272 : 0F;
26273 : 0F;
26274 : 0F;
26275 : 0F;
26276 : 0F;
26277 : 0F;
26278 : 0F;
26279 : 13;
26280 : 13;
26281 : 13;
26282 : 13;
26283 : 13;
26284 : 13;
26285 : 13;
26286 : 13;
26287 : 13;
26288 : 13;
26289 : 0F;
26290 : 0F;
26291 : 0F;
26292 : 0F;
26293 : 0F;
26294 : 0E;
26295 : 0E;
26296 : 0E;
26297 : 13;
26298 : 13;
26299 : 13;
26300 : 13;
26301 : 13;
26302 : 13;
26303 : 13;
26304 : 13;
26305 : 13;
26306 : 13;
26307 : 13;
26308 : 13;
26309 : 13;
26310 : 13;
26311 : 13;
26312 : 13;
26313 : 13;
26314 : 13;
26315 : 13;
26316 : 13;
26317 : 13;
26318 : 13;
26319 : 0F;
26320 : 0F;
26321 : 0F;
26322 : 0F;
26323 : 0F;
26324 : 0F;
26325 : 0F;
26326 : 0F;
26327 : 13;
26328 : 13;
26329 : 13;
26330 : 13;
26331 : 13;
26332 : 0F;
26333 : 0F;
26334 : 0F;
26335 : 0F;
26336 : 0F;
26337 : 13;
26338 : 13;
26339 : 13;
26340 : 13;
26341 : 13;
26342 : 13;
26343 : 13;
26344 : 13;
26345 : 13;
26346 : 13;
26347 : 0F;
26348 : 0F;
26349 : 0F;
26350 : 0F;
26351 : 0F;
26352 : 0F;
26353 : 0F;
26354 : 0F;
26355 : 0F;
26356 : 0F;
26357 : 13;
26358 : 13;
26359 : 13;
26360 : 17;
26361 : 13;
26362 : 13;
26363 : 17;
26364 : 17;
26365 : 13;
26366 : 13;
26367 : 13;
26368 : 13;
26369 : 13;
26370 : 13;
26371 : 13;
26372 : 13;
26373 : 13;
26374 : 13;
26375 : 13;
26376 : 13;
26377 : 13;
26378 : 13;
26379 : 13;
26380 : 0F;
26381 : 13;
26382 : 13;
26383 : 13;
26384 : 13;
26385 : 13;
26386 : 13;
26387 : 13;
26388 : 13;
26389 : 13;
26390 : 13;
26391 : 13;
26392 : 17;
26393 : 17;
26394 : 13;
26395 : 17;
26396 : 17;
26397 : 17;
26398 : 17;
26399 : 13;
26400 : 13;
26401 : 13;
26402 : 13;
26403 : 13;
26404 : 13;
26405 : 13;
26406 : 13;
26407 : 13;
26408 : 13;
26409 : 13;
26410 : 13;
26411 : 13;
26412 : 13;
26413 : 13;
26414 : 13;
26415 : 13;
26416 : 13;
26417 : 0F;
26418 : 0F;
26419 : 0F;
26420 : 13;
26421 : 13;
26422 : 13;
26423 : 13;
26424 : 13;
26425 : 13;
26426 : 17;
26427 : 13;
26428 : 17;
26429 : 17;
26430 : 17;
26431 : 17;
26432 : 13;
26433 : 13;
26434 : 13;
26435 : 13;
26436 : 13;
26437 : 13;
26438 : 13;
26439 : 13;
26440 : 13;
26441 : 13;
26442 : 13;
26443 : 13;
26444 : 13;
26445 : 13;
26446 : 13;
26447 : 13;
26448 : 13;
26449 : 13;
26450 : 13;
26451 : 13;
26452 : 13;
26453 : 13;
26454 : 13;
26455 : 13;
26456 : 13;
26457 : 13;
26458 : 13;
26459 : 13;
26460 : 13;
26461 : 13;
26462 : 13;
26463 : 13;
26464 : 13;
26465 : 13;
26466 : 13;
26467 : 13;
26468 : 13;
26469 : 13;
26470 : 0F;
26471 : 0F;
26472 : 0F;
26473 : 0F;
26474 : 0F;
26475 : 0F;
26476 : 0F;
26477 : 0F;
26478 : 13;
26479 : 13;
26480 : 13;
26481 : 13;
26482 : 13;
26483 : 13;
26484 : 17;
26485 : 13;
26486 : 13;
26487 : 13;
26488 : 17;
26489 : 13;
26490 : 13;
26491 : 13;
26492 : 13;
26493 : 13;
26494 : 13;
26495 : 0F;
26496 : 0F;
26497 : 0F;
26498 : 0F;
26499 : 0F;
26500 : 0F;
26501 : 0F;
26502 : 0F;
26503 : 0F;
26504 : 0F;
26505 : 0F;
26506 : 0F;
26507 : 0F;
26508 : 0F;
26509 : 0F;
26510 : 13;
26511 : 0F;
26512 : 0F;
26513 : 0F;
26514 : 0F;
26515 : 0F;
26516 : 0F;
26517 : 0F;
26518 : 0F;
26519 : 0F;
26520 : 0F;
26521 : 0F;
26522 : 13;
26523 : 13;
26524 : 13;
26525 : 13;
26526 : 13;
26527 : 13;
26528 : 13;
26529 : 13;
26530 : 13;
26531 : 13;
26532 : 13;
26533 : 13;
26534 : 13;
26535 : 13;
26536 : 13;
26537 : 13;
26538 : 13;
26539 : 13;
26540 : 17;
26541 : 13;
26542 : 13;
26543 : 13;
26544 : 13;
26545 : 13;
26546 : 13;
26547 : 13;
26548 : 13;
26549 : 13;
26550 : 13;
26551 : 13;
26552 : 13;
26553 : 13;
26554 : 13;
26555 : 13;
26556 : 13;
26557 : 13;
26558 : 13;
26559 : 0F;
26560 : 13;
26561 : 0F;
26562 : 0F;
26563 : 13;
26564 : 13;
26565 : 13;
26566 : 13;
26567 : 13;
26568 : 13;
26569 : 13;
26570 : 13;
26571 : 13;
26572 : 0F;
26573 : 0F;
26574 : 0F;
26575 : 0F;
26576 : 0F;
26577 : 0F;
26578 : 0F;
26579 : 0F;
26580 : 13;
26581 : 13;
26582 : 13;
26583 : 13;
26584 : 13;
26585 : 13;
26586 : 13;
26587 : 13;
26588 : 13;
26589 : 13;
26590 : 13;
26591 : 13;
26592 : 13;
26593 : 13;
26594 : 13;
26595 : 13;
26596 : 13;
26597 : 17;
26598 : 17;
26599 : 17;
26600 : 17;
26601 : 17;
26602 : 17;
26603 : 17;
26604 : 13;
26605 : 13;
26606 : 13;
26607 : 13;
26608 : 13;
26609 : 13;
26610 : 13;
26611 : 13;
26612 : 13;
26613 : 13;
26614 : 13;
26615 : 13;
26616 : 13;
26617 : 13;
26618 : 13;
26619 : 13;
26620 : 13;
26621 : 13;
26622 : 13;
26623 : 13;
26624 : 13;
26625 : 13;
26626 : 13;
26627 : 13;
26628 : 13;
26629 : 13;
26630 : 13;
26631 : 13;
26632 : 13;
26633 : 13;
26634 : 17;
26635 : 17;
26636 : 17;
26637 : 17;
26638 : 17;
26639 : 17;
26640 : 13;
26641 : 13;
26642 : 13;
26643 : 13;
26644 : 13;
26645 : 13;
26646 : 13;
26647 : 13;
26648 : 13;
26649 : 13;
26650 : 17;
26651 : 13;
26652 : 13;
26653 : 17;
26654 : 17;
26655 : 13;
26656 : 13;
26657 : 13;
26658 : 13;
26659 : 13;
26660 : 13;
26661 : 13;
26662 : 13;
26663 : 17;
26664 : 17;
26665 : 17;
26666 : 17;
26667 : 17;
26668 : 17;
26669 : 13;
26670 : 13;
26671 : 13;
26672 : 13;
26673 : 13;
26674 : 13;
26675 : 13;
26676 : 13;
26677 : 13;
26678 : 13;
26679 : 13;
26680 : 13;
26681 : 13;
26682 : 13;
26683 : 13;
26684 : 13;
26685 : 13;
26686 : 13;
26687 : 13;
26688 : 13;
26689 : 13;
26690 : 13;
26691 : 13;
26692 : 13;
26693 : 13;
26694 : 13;
26695 : 13;
26696 : 13;
26697 : 13;
26698 : 13;
26699 : 13;
26700 : 13;
26701 : 13;
26702 : 13;
26703 : 13;
26704 : 13;
26705 : 13;
26706 : 13;
26707 : 13;
26708 : 13;
26709 : 13;
26710 : 13;
26711 : 13;
26712 : 13;
26713 : 13;
26714 : 13;
26715 : 13;
26716 : 13;
26717 : 13;
26718 : 13;
26719 : 13;
26720 : 13;
26721 : 13;
26722 : 13;
26723 : 13;
26724 : 13;
26725 : 13;
26726 : 13;
26727 : 13;
26728 : 13;
26729 : 13;
26730 : 13;
26731 : 13;
26732 : 13;
26733 : 13;
26734 : 13;
26735 : 13;
26736 : 13;
26737 : 13;
26738 : 13;
26739 : 13;
26740 : 13;
26741 : 0F;
26742 : 0F;
26743 : 13;
26744 : 13;
26745 : 13;
26746 : 0F;
26747 : 0F;
26748 : 0F;
26749 : 13;
26750 : 13;
26751 : 0F;
26752 : 13;
26753 : 13;
26754 : 0F;
26755 : 0F;
26756 : 13;
26757 : 0F;
26758 : 0F;
26759 : 0F;
26760 : 0F;
26761 : 0F;
26762 : 0F;
26763 : 13;
26764 : 13;
26765 : 13;
26766 : 13;
26767 : 13;
26768 : 13;
26769 : 13;
26770 : 13;
26771 : 13;
26772 : 13;
26773 : 13;
26774 : 13;
26775 : 13;
26776 : 13;
26777 : 13;
26778 : 13;
26779 : 13;
26780 : 13;
26781 : 13;
26782 : 13;
26783 : 13;
26784 : 13;
26785 : 13;
26786 : 13;
26787 : 13;
26788 : 13;
26789 : 13;
26790 : 13;
26791 : 0F;
26792 : 13;
26793 : 13;
26794 : 13;
26795 : 13;
26796 : 13;
26797 : 13;
26798 : 13;
26799 : 13;
26800 : 13;
26801 : 13;
26802 : 13;
26803 : 0F;
26804 : 13;
26805 : 13;
26806 : 13;
26807 : 13;
26808 : 13;
26809 : 13;
26810 : 0F;
26811 : 13;
26812 : 13;
26813 : 0F;
26814 : 13;
26815 : 13;
26816 : 13;
26817 : 13;
26818 : 13;
26819 : 0F;
26820 : 13;
26821 : 13;
26822 : 13;
26823 : 13;
26824 : 13;
26825 : 13;
26826 : 13;
26827 : 13;
26828 : 13;
26829 : 13;
26830 : 13;
26831 : 13;
26832 : 17;
26833 : 17;
26834 : 17;
26835 : 17;
26836 : 17;
26837 : 17;
26838 : 17;
26839 : 17;
26840 : 17;
26841 : 17;
26842 : 17;
26843 : 13;
26844 : 13;
26845 : 13;
26846 : 13;
26847 : 13;
26848 : 13;
26849 : 13;
26850 : 13;
26851 : 13;
26852 : 13;
26853 : 13;
26854 : 13;
26855 : 13;
26856 : 13;
26857 : 13;
26858 : 13;
26859 : 13;
26860 : 13;
26861 : 13;
26862 : 13;
26863 : 13;
26864 : 13;
26865 : 13;
26866 : 13;
26867 : 13;
26868 : 13;
26869 : 13;
26870 : 13;
26871 : 13;
26872 : 13;
26873 : 13;
26874 : 13;
26875 : 13;
26876 : 13;
26877 : 13;
26878 : 13;
26879 : 17;
26880 : 13;
26881 : 13;
26882 : 13;
26883 : 13;
26884 : 13;
26885 : 13;
26886 : 13;
26887 : 13;
26888 : 17;
26889 : 17;
26890 : 13;
26891 : 13;
26892 : 17;
26893 : 17;
26894 : 17;
26895 : 17;
26896 : 17;
26897 : 17;
26898 : 17;
26899 : 17;
26900 : 17;
26901 : 17;
26902 : 17;
26903 : 17;
26904 : 17;
26905 : 17;
26906 : 17;
26907 : 17;
26908 : 13;
26909 : 13;
26910 : 13;
26911 : 13;
26912 : 13;
26913 : 13;
26914 : 13;
26915 : 13;
26916 : 13;
26917 : 13;
26918 : 13;
26919 : 13;
26920 : 13;
26921 : 13;
26922 : 13;
26923 : 13;
26924 : 13;
26925 : 13;
26926 : 13;
26927 : 13;
26928 : 13;
26929 : 13;
26930 : 13;
26931 : 13;
26932 : 13;
26933 : 13;
26934 : 13;
26935 : 13;
26936 : 13;
26937 : 13;
26938 : 13;
26939 : 13;
26940 : 13;
26941 : 13;
26942 : 13;
26943 : 13;
26944 : 13;
26945 : 13;
26946 : 13;
26947 : 13;
26948 : 13;
26949 : 13;
26950 : 13;
26951 : 13;
26952 : 13;
26953 : 13;
26954 : 13;
26955 : 13;
26956 : 13;
26957 : 17;
26958 : 13;
26959 : 17;
26960 : 17;
26961 : 13;
26962 : 17;
26963 : 13;
26964 : 17;
26965 : 13;
26966 : 13;
26967 : 13;
26968 : 13;
26969 : 13;
26970 : 13;
26971 : 13;
26972 : 13;
26973 : 13;
26974 : 13;
26975 : 13;
26976 : 13;
26977 : 13;
26978 : 13;
26979 : 13;
26980 : 13;
26981 : 13;
26982 : 13;
26983 : 13;
26984 : 13;
26985 : 13;
26986 : 13;
26987 : 13;
26988 : 13;
26989 : 0F;
26990 : 13;
26991 : 13;
26992 : 13;
26993 : 13;
26994 : 13;
26995 : 13;
26996 : 13;
26997 : 13;
26998 : 0F;
26999 : 0F;
27000 : 0F;
27001 : 0F;
27002 : 13;
27003 : 13;
27004 : 13;
27005 : 13;
27006 : 13;
27007 : 13;
27008 : 13;
27009 : 13;
27010 : 13;
27011 : 13;
27012 : 13;
27013 : 13;
27014 : 13;
27015 : 13;
27016 : 13;
27017 : 13;
27018 : 13;
27019 : 13;
27020 : 13;
27021 : 13;
27022 : 13;
27023 : 13;
27024 : 13;
27025 : 13;
27026 : 13;
27027 : 13;
27028 : 13;
27029 : 13;
27030 : 13;
27031 : 13;
27032 : 13;
27033 : 13;
27034 : 13;
27035 : 13;
27036 : 13;
27037 : 13;
27038 : 13;
27039 : 13;
27040 : 13;
27041 : 13;
27042 : 13;
27043 : 13;
27044 : 13;
27045 : 13;
27046 : 13;
27047 : 13;
27048 : 13;
27049 : 13;
27050 : 13;
27051 : 13;
27052 : 0F;
27053 : 13;
27054 : 13;
27055 : 13;
27056 : 13;
27057 : 13;
27058 : 0F;
27059 : 13;
27060 : 13;
27061 : 13;
27062 : 13;
27063 : 13;
27064 : 13;
27065 : 13;
27066 : 13;
27067 : 13;
27068 : 13;
27069 : 17;
27070 : 13;
27071 : 13;
27072 : 17;
27073 : 17;
27074 : 17;
27075 : 17;
27076 : 17;
27077 : 17;
27078 : 17;
27079 : 17;
27080 : 17;
27081 : 13;
27082 : 13;
27083 : 13;
27084 : 13;
27085 : 13;
27086 : 13;
27087 : 13;
27088 : 13;
27089 : 13;
27090 : 13;
27091 : 13;
27092 : 13;
27093 : 13;
27094 : 13;
27095 : 13;
27096 : 13;
27097 : 13;
27098 : 13;
27099 : 13;
27100 : 13;
27101 : 13;
27102 : 13;
27103 : 13;
27104 : 13;
27105 : 13;
27106 : 13;
27107 : 13;
27108 : 13;
27109 : 13;
27110 : 13;
27111 : 13;
27112 : 13;
27113 : 13;
27114 : 13;
27115 : 13;
27116 : 13;
27117 : 13;
27118 : 13;
27119 : 13;
27120 : 13;
27121 : 13;
27122 : 13;
27123 : 13;
27124 : 13;
27125 : 13;
27126 : 13;
27127 : 13;
27128 : 13;
27129 : 13;
27130 : 13;
27131 : 13;
27132 : 17;
27133 : 17;
27134 : 17;
27135 : 17;
27136 : 17;
27137 : 17;
27138 : 17;
27139 : 17;
27140 : 17;
27141 : 17;
27142 : 17;
27143 : 17;
27144 : 13;
27145 : 13;
27146 : 13;
27147 : 13;
27148 : 13;
27149 : 13;
27150 : 13;
27151 : 13;
27152 : 13;
27153 : 13;
27154 : 13;
27155 : 13;
27156 : 13;
27157 : 13;
27158 : 13;
27159 : 13;
27160 : 13;
27161 : 13;
27162 : 13;
27163 : 13;
27164 : 13;
27165 : 13;
27166 : 13;
27167 : 13;
27168 : 13;
27169 : 13;
27170 : 13;
27171 : 13;
27172 : 13;
27173 : 13;
27174 : 13;
27175 : 13;
27176 : 13;
27177 : 13;
27178 : 13;
27179 : 13;
27180 : 13;
27181 : 13;
27182 : 13;
27183 : 13;
27184 : 13;
27185 : 13;
27186 : 13;
27187 : 13;
27188 : 13;
27189 : 13;
27190 : 13;
27191 : 13;
27192 : 13;
27193 : 13;
27194 : 13;
27195 : 13;
27196 : 17;
27197 : 13;
27198 : 17;
27199 : 17;
27200 : 17;
27201 : 17;
27202 : 13;
27203 : 13;
27204 : 13;
27205 : 13;
27206 : 13;
27207 : 13;
27208 : 13;
27209 : 13;
27210 : 13;
27211 : 13;
27212 : 13;
27213 : 13;
27214 : 13;
27215 : 13;
27216 : 13;
27217 : 13;
27218 : 13;
27219 : 13;
27220 : 13;
27221 : 13;
27222 : 13;
27223 : 13;
27224 : 13;
27225 : 13;
27226 : 13;
27227 : 13;
27228 : 13;
27229 : 13;
27230 : 13;
27231 : 13;
27232 : 13;
27233 : 13;
27234 : 13;
27235 : 13;
27236 : 13;
27237 : 13;
27238 : 13;
27239 : 13;
27240 : 0F;
27241 : 0F;
27242 : 0F;
27243 : 13;
27244 : 13;
27245 : 13;
27246 : 0F;
27247 : 13;
27248 : 13;
27249 : 13;
27250 : 13;
27251 : 13;
27252 : 13;
27253 : 13;
27254 : 13;
27255 : 13;
27256 : 13;
27257 : 13;
27258 : 13;
27259 : 13;
27260 : 13;
27261 : 13;
27262 : 13;
27263 : 13;
27264 : 13;
27265 : 13;
27266 : 13;
27267 : 13;
27268 : 13;
27269 : 13;
27270 : 13;
27271 : 13;
27272 : 13;
27273 : 13;
27274 : 13;
27275 : 13;
27276 : 13;
27277 : 13;
27278 : 13;
27279 : 13;
27280 : 13;
27281 : 13;
27282 : 13;
27283 : 13;
27284 : 13;
27285 : 13;
27286 : 13;
27287 : 13;
27288 : 13;
27289 : 13;
27290 : 13;
27291 : 13;
27292 : 13;
27293 : 13;
27294 : 13;
27295 : 13;
27296 : 13;
27297 : 13;
27298 : 13;
27299 : 13;
27300 : 13;
27301 : 13;
27302 : 13;
27303 : 13;
27304 : 13;
27305 : 13;
27306 : 13;
27307 : 13;
27308 : 13;
27309 : 13;
27310 : 17;
27311 : 17;
27312 : 17;
27313 : 17;
27314 : 17;
27315 : 17;
27316 : 17;
27317 : 17;
27318 : 17;
27319 : 13;
27320 : 13;
27321 : 13;
27322 : 13;
27323 : 13;
27324 : 13;
27325 : 13;
27326 : 13;
27327 : 13;
27328 : 13;
27329 : 13;
27330 : 13;
27331 : 13;
27332 : 13;
27333 : 13;
27334 : 13;
27335 : 13;
27336 : 13;
27337 : 13;
27338 : 13;
27339 : 13;
27340 : 13;
27341 : 13;
27342 : 13;
27343 : 13;
27344 : 13;
27345 : 13;
27346 : 13;
27347 : 13;
27348 : 13;
27349 : 13;
27350 : 13;
27351 : 13;
27352 : 13;
27353 : 13;
27354 : 13;
27355 : 13;
27356 : 13;
27357 : 13;
27358 : 13;
27359 : 13;
27360 : 13;
27361 : 13;
27362 : 13;
27363 : 13;
27364 : 13;
27365 : 13;
27366 : 13;
27367 : 13;
27368 : 13;
27369 : 13;
27370 : 13;
27371 : 13;
27372 : 13;
27373 : 17;
27374 : 17;
27375 : 17;
27376 : 17;
27377 : 17;
27378 : 17;
27379 : 13;
27380 : 17;
27381 : 17;
27382 : 13;
27383 : 13;
27384 : 13;
27385 : 13;
27386 : 13;
27387 : 13;
27388 : 13;
27389 : 13;
27390 : 13;
27391 : 13;
27392 : 13;
27393 : 13;
27394 : 13;
27395 : 13;
27396 : 13;
27397 : 13;
27398 : 13;
27399 : 13;
27400 : 13;
27401 : 13;
27402 : 13;
27403 : 13;
27404 : 13;
27405 : 13;
27406 : 13;
27407 : 13;
27408 : 13;
27409 : 13;
27410 : 13;
27411 : 13;
27412 : 13;
27413 : 13;
27414 : 13;
27415 : 13;
27416 : 13;
27417 : 13;
27418 : 13;
27419 : 13;
27420 : 13;
27421 : 13;
27422 : 13;
27423 : 13;
27424 : 13;
27425 : 13;
27426 : 13;
27427 : 13;
27428 : 13;
27429 : 13;
27430 : 13;
27431 : 13;
27432 : 13;
27433 : 13;
27434 : 13;
27435 : 13;
27436 : 17;
27437 : 17;
27438 : 13;
27439 : 13;
27440 : 13;
27441 : 13;
27442 : 13;
27443 : 13;
27444 : 13;
27445 : 13;
27446 : 13;
27447 : 13;
27448 : 13;
27449 : 13;
27450 : 13;
27451 : 13;
27452 : 13;
27453 : 13;
27454 : 13;
27455 : 13;
27456 : 13;
27457 : 13;
27458 : 13;
27459 : 13;
27460 : 13;
27461 : 13;
27462 : 13;
27463 : 13;
27464 : 13;
27465 : 13;
27466 : 13;
27467 : 13;
27468 : 13;
27469 : 13;
27470 : 13;
27471 : 13;
27472 : 13;
27473 : 13;
27474 : 13;
27475 : 13;
27476 : 0F;
27477 : 0F;
27478 : 0F;
27479 : 0F;
27480 : 0F;
27481 : 13;
27482 : 13;
27483 : 13;
27484 : 13;
27485 : 0F;
27486 : 13;
27487 : 13;
27488 : 13;
27489 : 13;
27490 : 13;
27491 : 13;
27492 : 13;
27493 : 13;
27494 : 13;
27495 : 13;
27496 : 13;
27497 : 13;
27498 : 13;
27499 : 13;
27500 : 13;
27501 : 13;
27502 : 13;
27503 : 13;
27504 : 13;
27505 : 13;
27506 : 13;
27507 : 13;
27508 : 13;
27509 : 13;
27510 : 13;
27511 : 13;
27512 : 13;
27513 : 13;
27514 : 13;
27515 : 17;
27516 : 17;
27517 : 17;
27518 : 17;
27519 : 17;
27520 : 17;
27521 : 17;
27522 : 17;
27523 : 17;
27524 : 13;
27525 : 13;
27526 : 13;
27527 : 13;
27528 : 13;
27529 : 13;
27530 : 13;
27531 : 13;
27532 : 13;
27533 : 13;
27534 : 13;
27535 : 13;
27536 : 13;
27537 : 13;
27538 : 13;
27539 : 13;
27540 : 13;
27541 : 13;
27542 : 13;
27543 : 13;
27544 : 13;
27545 : 13;
27546 : 13;
27547 : 13;
27548 : 13;
27549 : 13;
27550 : 13;
27551 : 17;
27552 : 17;
27553 : 17;
27554 : 17;
27555 : 13;
27556 : 13;
27557 : 13;
27558 : 13;
27559 : 13;
27560 : 13;
27561 : 13;
27562 : 13;
27563 : 13;
27564 : 13;
27565 : 13;
27566 : 13;
27567 : 13;
27568 : 13;
27569 : 13;
27570 : 13;
27571 : 13;
27572 : 13;
27573 : 13;
27574 : 13;
27575 : 13;
27576 : 13;
27577 : 13;
27578 : 13;
27579 : 13;
27580 : 13;
27581 : 13;
27582 : 13;
27583 : 13;
27584 : 13;
27585 : 13;
27586 : 13;
27587 : 13;
27588 : 13;
27589 : 13;
27590 : 13;
27591 : 13;
27592 : 13;
27593 : 13;
27594 : 13;
27595 : 13;
27596 : 13;
27597 : 13;
27598 : 13;
27599 : 13;
27600 : 13;
27601 : 13;
27602 : 13;
27603 : 13;
27604 : 13;
27605 : 13;
27606 : 13;
27607 : 13;
27608 : 13;
27609 : 13;
27610 : 13;
27611 : 13;
27612 : 13;
27613 : 13;
27614 : 13;
27615 : 13;
27616 : 13;
27617 : 13;
27618 : 13;
27619 : 13;
27620 : 13;
27621 : 13;
27622 : 13;
27623 : 13;
27624 : 13;
27625 : 13;
27626 : 13;
27627 : 13;
27628 : 13;
27629 : 13;
27630 : 13;
27631 : 13;
27632 : 13;
27633 : 13;
27634 : 13;
27635 : 13;
27636 : 17;
27637 : 17;
27638 : 17;
27639 : 17;
27640 : 17;
27641 : 17;
27642 : 17;
27643 : 17;
27644 : 13;
27645 : 13;
27646 : 13;
27647 : 13;
27648 : 13;
27649 : 13;
27650 : 13;
27651 : 13;
27652 : 13;
27653 : 13;
27654 : 13;
27655 : 13;
27656 : 13;
27657 : 13;
27658 : 13;
27659 : 13;
27660 : 13;
27661 : 13;
27662 : 13;
27663 : 13;
27664 : 13;
27665 : 13;
27666 : 13;
27667 : 13;
27668 : 13;
27669 : 13;
27670 : 13;
27671 : 13;
27672 : 13;
27673 : 13;
27674 : 13;
27675 : 13;
27676 : 13;
27677 : 13;
27678 : 13;
27679 : 13;
27680 : 13;
27681 : 13;
27682 : 13;
27683 : 13;
27684 : 13;
27685 : 13;
27686 : 13;
27687 : 13;
27688 : 13;
27689 : 13;
27690 : 13;
27691 : 13;
27692 : 13;
27693 : 13;
27694 : 17;
27695 : 17;
27696 : 17;
27697 : 17;
27698 : 17;
27699 : 17;
27700 : 17;
27701 : 17;
27702 : 17;
27703 : 17;
27704 : 17;
27705 : 13;
27706 : 13;
27707 : 13;
27708 : 13;
27709 : 13;
27710 : 13;
27711 : 0F;
27712 : 13;
27713 : 13;
27714 : 13;
27715 : 13;
27716 : 13;
27717 : 13;
27718 : 13;
27719 : 13;
27720 : 13;
27721 : 13;
27722 : 13;
27723 : 13;
27724 : 13;
27725 : 13;
27726 : 13;
27727 : 13;
27728 : 13;
27729 : 13;
27730 : 13;
27731 : 13;
27732 : 13;
27733 : 13;
27734 : 13;
27735 : 13;
27736 : 13;
27737 : 13;
27738 : 13;
27739 : 13;
27740 : 13;
27741 : 13;
27742 : 13;
27743 : 13;
27744 : 13;
27745 : 13;
27746 : 13;
27747 : 13;
27748 : 13;
27749 : 13;
27750 : 13;
27751 : 17;
27752 : 17;
27753 : 17;
27754 : 17;
27755 : 17;
27756 : 17;
27757 : 17;
27758 : 17;
27759 : 17;
27760 : 17;
27761 : 17;
27762 : 17;
27763 : 17;
27764 : 17;
27765 : 17;
27766 : 17;
27767 : 13;
27768 : 13;
27769 : 13;
27770 : 13;
27771 : 13;
27772 : 13;
27773 : 13;
27774 : 13;
27775 : 13;
27776 : 13;
27777 : 13;
27778 : 13;
27779 : 13;
27780 : 13;
27781 : 13;
27782 : 13;
27783 : 13;
27784 : 13;
27785 : 13;
27786 : 13;
27787 : 13;
27788 : 13;
27789 : 13;
27790 : 13;
27791 : 13;
27792 : 13;
27793 : 13;
27794 : 13;
27795 : 13;
27796 : 13;
27797 : 13;
27798 : 13;
27799 : 13;
27800 : 13;
27801 : 13;
27802 : 13;
27803 : 13;
27804 : 13;
27805 : 13;
27806 : 13;
27807 : 13;
27808 : 13;
27809 : 13;
27810 : 17;
27811 : 17;
27812 : 17;
27813 : 17;
27814 : 17;
27815 : 17;
27816 : 17;
27817 : 17;
27818 : 17;
27819 : 17;
27820 : 17;
27821 : 17;
27822 : 17;
27823 : 13;
27824 : 13;
27825 : 13;
27826 : 13;
27827 : 13;
27828 : 13;
27829 : 13;
27830 : 13;
27831 : 13;
27832 : 13;
27833 : 13;
27834 : 13;
27835 : 13;
27836 : 13;
27837 : 13;
27838 : 13;
27839 : 13;
27840 : 13;
27841 : 13;
27842 : 13;
27843 : 13;
27844 : 13;
27845 : 13;
27846 : 13;
27847 : 13;
27848 : 13;
27849 : 13;
27850 : 13;
27851 : 13;
27852 : 13;
27853 : 13;
27854 : 13;
27855 : 13;
27856 : 13;
27857 : 13;
27858 : 13;
27859 : 13;
27860 : 13;
27861 : 13;
27862 : 13;
27863 : 13;
27864 : 13;
27865 : 13;
27866 : 13;
27867 : 13;
27868 : 13;
27869 : 13;
27870 : 13;
27871 : 13;
27872 : 17;
27873 : 17;
27874 : 17;
27875 : 17;
27876 : 17;
27877 : 17;
27878 : 17;
27879 : 17;
27880 : 17;
27881 : 17;
27882 : 17;
27883 : 17;
27884 : 17;
27885 : 17;
27886 : 17;
27887 : 17;
27888 : 17;
27889 : 13;
27890 : 13;
27891 : 13;
27892 : 13;
27893 : 13;
27894 : 13;
27895 : 13;
27896 : 13;
27897 : 13;
27898 : 13;
27899 : 13;
27900 : 13;
27901 : 13;
27902 : 13;
27903 : 13;
27904 : 13;
27905 : 13;
27906 : 13;
27907 : 13;
27908 : 13;
27909 : 13;
27910 : 13;
27911 : 13;
27912 : 13;
27913 : 13;
27914 : 13;
27915 : 13;
27916 : 13;
27917 : 13;
27918 : 13;
27919 : 13;
27920 : 13;
27921 : 13;
27922 : 13;
27923 : 13;
27924 : 13;
27925 : 13;
27926 : 13;
27927 : 13;
27928 : 13;
27929 : 13;
27930 : 13;
27931 : 17;
27932 : 17;
27933 : 17;
27934 : 17;
27935 : 17;
27936 : 17;
27937 : 17;
27938 : 17;
27939 : 17;
27940 : 17;
27941 : 17;
27942 : 17;
27943 : 17;
27944 : 17;
27945 : 17;
27946 : 17;
27947 : 17;
27948 : 17;
27949 : 17;
27950 : 13;
27951 : 13;
27952 : 13;
27953 : 13;
27954 : 13;
27955 : 13;
27956 : 13;
27957 : 13;
27958 : 13;
27959 : 13;
27960 : 13;
27961 : 13;
27962 : 13;
27963 : 13;
27964 : 13;
27965 : 13;
27966 : 13;
27967 : 13;
27968 : 13;
27969 : 13;
27970 : 13;
27971 : 13;
27972 : 13;
27973 : 13;
27974 : 13;
27975 : 13;
27976 : 13;
27977 : 13;
27978 : 13;
27979 : 13;
27980 : 13;
27981 : 13;
27982 : 13;
27983 : 13;
27984 : 13;
27985 : 13;
27986 : 13;
27987 : 13;
27988 : 17;
27989 : 17;
27990 : 17;
27991 : 17;
27992 : 17;
27993 : 17;
27994 : 17;
27995 : 17;
27996 : 17;
27997 : 17;
27998 : 17;
27999 : 17;
28000 : 17;
28001 : 17;
28002 : 17;
28003 : 17;
28004 : 17;
28005 : 17;
28006 : 17;
28007 : 17;
28008 : 17;
28009 : 17;
28010 : 13;
28011 : 13;
28012 : 13;
28013 : 13;
28014 : 13;
28015 : 13;
28016 : 13;
28017 : 13;
28018 : 13;
28019 : 13;
28020 : 13;
28021 : 13;
28022 : 13;
28023 : 13;
28024 : 13;
28025 : 13;
28026 : 13;
28027 : 13;
28028 : 13;
28029 : 13;
28030 : 13;
28031 : 13;
28032 : 13;
28033 : 13;
28034 : 13;
28035 : 13;
28036 : 13;
28037 : 13;
28038 : 13;
28039 : 13;
28040 : 13;
28041 : 13;
28042 : 13;
28043 : 13;
28044 : 13;
28045 : 13;
28046 : 17;
28047 : 17;
28048 : 17;
28049 : 17;
28050 : 17;
28051 : 17;
28052 : 17;
28053 : 17;
28054 : 17;
28055 : 17;
28056 : 17;
28057 : 17;
28058 : 17;
28059 : 17;
28060 : 17;
28061 : 17;
28062 : 17;
28063 : 17;
28064 : 17;
28065 : 17;
28066 : 13;
28067 : 13;
28068 : 13;
28069 : 13;
28070 : 13;
28071 : 13;
28072 : 13;
28073 : 13;
28074 : 13;
28075 : 13;
28076 : 13;
28077 : 13;
28078 : 13;
28079 : 13;
28080 : 13;
28081 : 13;
28082 : 13;
28083 : 13;
28084 : 13;
28085 : 13;
28086 : 13;
28087 : 13;
28088 : 13;
28089 : 13;
28090 : 13;
28091 : 13;
28092 : 13;
28093 : 13;
28094 : 13;
28095 : 13;
28096 : 13;
28097 : 13;
28098 : 13;
28099 : 13;
28100 : 13;
28101 : 13;
28102 : 13;
28103 : 13;
28104 : 13;
28105 : 13;
28106 : 13;
28107 : 13;
28108 : 13;
28109 : 17;
28110 : 17;
28111 : 17;
28112 : 17;
28113 : 17;
28114 : 17;
28115 : 17;
28116 : 17;
28117 : 17;
28118 : 17;
28119 : 17;
28120 : 17;
28121 : 17;
28122 : 17;
28123 : 17;
28124 : 17;
28125 : 17;
28126 : 17;
28127 : 17;
28128 : 17;
28129 : 17;
28130 : 17;
28131 : 17;
28132 : 13;
28133 : 13;
28134 : 13;
28135 : 13;
28136 : 13;
28137 : 13;
28138 : 13;
28139 : 13;
28140 : 13;
28141 : 13;
28142 : 13;
28143 : 13;
28144 : 13;
28145 : 13;
28146 : 13;
28147 : 13;
28148 : 13;
28149 : 13;
28150 : 13;
28151 : 13;
28152 : 13;
28153 : 13;
28154 : 13;
28155 : 13;
28156 : 13;
28157 : 13;
28158 : 13;
28159 : 13;
28160 : 13;
28161 : 13;
28162 : 13;
28163 : 13;
28164 : 13;
28165 : 13;
28166 : 13;
28167 : 13;
28168 : 17;
28169 : 17;
28170 : 17;
28171 : 17;
28172 : 17;
28173 : 17;
28174 : 17;
28175 : 17;
28176 : 17;
28177 : 17;
28178 : 17;
28179 : 13;
28180 : 13;
28181 : 13;
28182 : 13;
28183 : 13;
28184 : 13;
28185 : 13;
28186 : 13;
28187 : 13;
28188 : 17;
28189 : 17;
28190 : 17;
28191 : 17;
28192 : 17;
28193 : 13;
28194 : 13;
28195 : 13;
28196 : 13;
28197 : 13;
28198 : 13;
28199 : 13;
28200 : 13;
28201 : 13;
28202 : 13;
28203 : 13;
28204 : 13;
28205 : 13;
28206 : 13;
28207 : 13;
28208 : 13;
28209 : 13;
28210 : 13;
28211 : 13;
28212 : 13;
28213 : 13;
28214 : 13;
28215 : 13;
28216 : 13;
28217 : 13;
28218 : 13;
28219 : 13;
28220 : 13;
28221 : 13;
28222 : 13;
28223 : 13;
28224 : 13;
28225 : 13;
28226 : 17;
28227 : 17;
28228 : 17;
28229 : 17;
28230 : 17;
28231 : 17;
28232 : 17;
28233 : 17;
28234 : 17;
28235 : 17;
28236 : 17;
28237 : 13;
28238 : 13;
28239 : 13;
28240 : 13;
28241 : 13;
28242 : 13;
28243 : 13;
28244 : 13;
28245 : 13;
28246 : 13;
28247 : 13;
28248 : 13;
28249 : 13;
28250 : 17;
28251 : 13;
28252 : 13;
28253 : 13;
28254 : 13;
28255 : 13;
28256 : 13;
28257 : 13;
28258 : 13;
28259 : 13;
28260 : 13;
28261 : 13;
28262 : 13;
28263 : 13;
28264 : 13;
28265 : 13;
28266 : 13;
28267 : 13;
28268 : 13;
28269 : 13;
28270 : 13;
28271 : 13;
28272 : 13;
28273 : 13;
28274 : 13;
28275 : 13;
28276 : 13;
28277 : 13;
28278 : 13;
28279 : 13;
28280 : 13;
28281 : 13;
28282 : 13;
28283 : 17;
28284 : 17;
28285 : 17;
28286 : 17;
28287 : 17;
28288 : 17;
28289 : 17;
28290 : 17;
28291 : 17;
28292 : 17;
28293 : 17;
28294 : 17;
28295 : 17;
28296 : 17;
28297 : 17;
28298 : 17;
28299 : 17;
28300 : 17;
28301 : 17;
28302 : 17;
28303 : 17;
28304 : 17;
28305 : 17;
28306 : 17;
28307 : 17;
28308 : 17;
28309 : 13;
28310 : 13;
28311 : 13;
28312 : 13;
28313 : 13;
28314 : 13;
28315 : 13;
28316 : 13;
28317 : 13;
28318 : 13;
28319 : 13;
28320 : 13;
28321 : 13;
28322 : 13;
28323 : 13;
28324 : 13;
28325 : 13;
28326 : 13;
28327 : 13;
28328 : 13;
28329 : 13;
28330 : 13;
28331 : 13;
28332 : 13;
28333 : 13;
28334 : 13;
28335 : 13;
28336 : 13;
28337 : 13;
28338 : 13;
28339 : 13;
28340 : 13;
28341 : 13;
28342 : 13;
28343 : 13;
28344 : 13;
28345 : 13;
28346 : 13;
28347 : 17;
28348 : 17;
28349 : 17;
28350 : 17;
28351 : 17;
28352 : 17;
28353 : 17;
28354 : 17;
28355 : 17;
28356 : 17;
28357 : 17;
28358 : 17;
28359 : 17;
28360 : 17;
28361 : 17;
28362 : 17;
28363 : 17;
28364 : 17;
28365 : 17;
28366 : 17;
28367 : 17;
28368 : 17;
28369 : 17;
28370 : 17;
28371 : 17;
28372 : 17;
28373 : 13;
28374 : 13;
28375 : 13;
28376 : 13;
28377 : 13;
28378 : 13;
28379 : 13;
28380 : 13;
28381 : 13;
28382 : 13;
28383 : 13;
28384 : 13;
28385 : 13;
28386 : 13;
28387 : 13;
28388 : 13;
28389 : 13;
28390 : 13;
28391 : 13;
28392 : 13;
28393 : 13;
28394 : 13;
28395 : 13;
28396 : 13;
28397 : 13;
28398 : 13;
28399 : 13;
28400 : 13;
28401 : 13;
28402 : 13;
28403 : 13;
28404 : 13;
28405 : 13;
28406 : 17;
28407 : 17;
28408 : 17;
28409 : 17;
28410 : 17;
28411 : 17;
28412 : 17;
28413 : 17;
28414 : 17;
28415 : 17;
28416 : 13;
28417 : 13;
28418 : 13;
28419 : 13;
28420 : 13;
28421 : 13;
28422 : 13;
28423 : 13;
28424 : 13;
28425 : 13;
28426 : 13;
28427 : 13;
28428 : 13;
28429 : 13;
28430 : 13;
28431 : 17;
28432 : 17;
28433 : 17;
28434 : 17;
28435 : 13;
28436 : 13;
28437 : 13;
28438 : 13;
28439 : 13;
28440 : 13;
28441 : 13;
28442 : 13;
28443 : 13;
28444 : 13;
28445 : 13;
28446 : 13;
28447 : 13;
28448 : 13;
28449 : 13;
28450 : 13;
28451 : 13;
28452 : 13;
28453 : 13;
28454 : 13;
28455 : 13;
28456 : 13;
28457 : 13;
28458 : 13;
28459 : 13;
28460 : 13;
28461 : 13;
28462 : 13;
28463 : 17;
28464 : 17;
28465 : 17;
28466 : 17;
28467 : 17;
28468 : 17;
28469 : 17;
28470 : 17;
28471 : 17;
28472 : 17;
28473 : 17;
28474 : 17;
28475 : 13;
28476 : 13;
28477 : 13;
28478 : 13;
28479 : 13;
28480 : 13;
28481 : 13;
28482 : 13;
28483 : 13;
28484 : 13;
28485 : 13;
28486 : 13;
28487 : 13;
28488 : 13;
28489 : 13;
28490 : 13;
28491 : 13;
28492 : 13;
28493 : 17;
28494 : 17;
28495 : 13;
28496 : 13;
28497 : 13;
28498 : 13;
28499 : 13;
28500 : 13;
28501 : 13;
28502 : 13;
28503 : 13;
28504 : 13;
28505 : 13;
28506 : 13;
28507 : 13;
28508 : 13;
28509 : 13;
28510 : 13;
28511 : 13;
28512 : 13;
28513 : 13;
28514 : 13;
28515 : 13;
28516 : 13;
28517 : 13;
28518 : 13;
28519 : 13;
28520 : 13;
28521 : 13;
28522 : 17;
28523 : 17;
28524 : 17;
28525 : 17;
28526 : 17;
28527 : 17;
28528 : 17;
28529 : 17;
28530 : 17;
28531 : 17;
28532 : 17;
28533 : 17;
28534 : 17;
28535 : 17;
28536 : 13;
28537 : 13;
28538 : 13;
28539 : 13;
28540 : 13;
28541 : 13;
28542 : 17;
28543 : 17;
28544 : 17;
28545 : 17;
28546 : 17;
28547 : 17;
28548 : 17;
28549 : 17;
28550 : 17;
28551 : 13;
28552 : 13;
28553 : 13;
28554 : 13;
28555 : 13;
28556 : 13;
28557 : 13;
28558 : 13;
28559 : 13;
28560 : 13;
28561 : 13;
28562 : 13;
28563 : 13;
28564 : 13;
28565 : 13;
28566 : 13;
28567 : 13;
28568 : 13;
28569 : 13;
28570 : 13;
28571 : 13;
28572 : 13;
28573 : 13;
28574 : 13;
28575 : 13;
28576 : 13;
28577 : 13;
28578 : 13;
28579 : 13;
28580 : 13;
28581 : 13;
28582 : 13;
28583 : 13;
28584 : 17;
28585 : 17;
28586 : 17;
28587 : 17;
28588 : 17;
28589 : 17;
28590 : 17;
28591 : 17;
28592 : 17;
28593 : 17;
28594 : 17;
28595 : 17;
28596 : 17;
28597 : 17;
28598 : 13;
28599 : 13;
28600 : 13;
28601 : 13;
28602 : 13;
28603 : 13;
28604 : 13;
28605 : 13;
28606 : 17;
28607 : 17;
28608 : 17;
28609 : 17;
28610 : 17;
28611 : 17;
28612 : 17;
28613 : 17;
28614 : 17;
28615 : 13;
28616 : 13;
28617 : 13;
28618 : 13;
28619 : 13;
28620 : 13;
28621 : 13;
28622 : 13;
28623 : 13;
28624 : 13;
28625 : 13;
28626 : 13;
28627 : 13;
28628 : 13;
28629 : 13;
28630 : 13;
28631 : 13;
28632 : 13;
28633 : 13;
28634 : 13;
28635 : 13;
28636 : 13;
28637 : 13;
28638 : 13;
28639 : 13;
28640 : 13;
28641 : 13;
28642 : 13;
28643 : 13;
28644 : 17;
28645 : 17;
28646 : 17;
28647 : 17;
28648 : 17;
28649 : 17;
28650 : 17;
28651 : 17;
28652 : 17;
28653 : 13;
28654 : 13;
28655 : 13;
28656 : 13;
28657 : 13;
28658 : 13;
28659 : 13;
28660 : 13;
28661 : 13;
28662 : 13;
28663 : 13;
28664 : 13;
28665 : 13;
28666 : 13;
28667 : 13;
28668 : 13;
28669 : 13;
28670 : 13;
28671 : 13;
28672 : 13;
28673 : 17;
28674 : 17;
28675 : 17;
28676 : 17;
28677 : 13;
28678 : 13;
28679 : 13;
28680 : 0F;
28681 : 13;
28682 : 13;
28683 : 13;
28684 : 13;
28685 : 13;
28686 : 13;
28687 : 13;
28688 : 13;
28689 : 13;
28690 : 13;
28691 : 13;
28692 : 13;
28693 : 13;
28694 : 13;
28695 : 13;
28696 : 13;
28697 : 13;
28698 : 13;
28699 : 17;
28700 : 17;
28701 : 17;
28702 : 17;
28703 : 17;
28704 : 17;
28705 : 17;
28706 : 17;
28707 : 17;
28708 : 17;
28709 : 17;
28710 : 17;
28711 : 17;
28712 : 17;
28713 : 13;
28714 : 13;
28715 : 13;
28716 : 13;
28717 : 13;
28718 : 13;
28719 : 13;
28720 : 13;
28721 : 13;
28722 : 13;
28723 : 13;
28724 : 13;
28725 : 13;
28726 : 13;
28727 : 13;
28728 : 13;
28729 : 13;
28730 : 13;
28731 : 13;
28732 : 13;
28733 : 13;
28734 : 17;
28735 : 17;
28736 : 17;
28737 : 17;
28738 : 13;
28739 : 13;
28740 : 13;
28741 : 13;
28742 : 13;
28743 : 13;
28744 : 13;
28745 : 13;
28746 : 13;
28747 : 13;
28748 : 13;
28749 : 13;
28750 : 13;
28751 : 13;
28752 : 13;
28753 : 13;
28754 : 13;
28755 : 13;
28756 : 13;
28757 : 13;
28758 : 13;
28759 : 17;
28760 : 17;
28761 : 17;
28762 : 17;
28763 : 17;
28764 : 17;
28765 : 17;
28766 : 17;
28767 : 17;
28768 : 17;
28769 : 17;
28770 : 17;
28771 : 17;
28772 : 13;
28773 : 13;
28774 : 13;
28775 : 13;
28776 : 13;
28777 : 13;
28778 : 13;
28779 : 13;
28780 : 13;
28781 : 13;
28782 : 13;
28783 : 13;
28784 : 13;
28785 : 17;
28786 : 17;
28787 : 17;
28788 : 17;
28789 : 17;
28790 : 17;
28791 : 17;
28792 : 17;
28793 : 17;
28794 : 13;
28795 : 13;
28796 : 13;
28797 : 13;
28798 : 13;
28799 : 13;
28800 : 17;
28801 : 17;
28802 : 13;
28803 : 13;
28804 : 13;
28805 : 13;
28806 : 13;
28807 : 13;
28808 : 13;
28809 : 13;
28810 : 13;
28811 : 13;
28812 : 13;
28813 : 13;
28814 : 13;
28815 : 13;
28816 : 13;
28817 : 13;
28818 : 13;
28819 : 13;
28820 : 13;
28821 : 13;
28822 : 13;
28823 : 17;
28824 : 17;
28825 : 17;
28826 : 17;
28827 : 17;
28828 : 17;
28829 : 17;
28830 : 17;
28831 : 17;
28832 : 17;
28833 : 17;
28834 : 13;
28835 : 13;
28836 : 13;
28837 : 13;
28838 : 13;
28839 : 13;
28840 : 13;
28841 : 13;
28842 : 13;
28843 : 13;
28844 : 13;
28845 : 13;
28846 : 13;
28847 : 13;
28848 : 13;
28849 : 17;
28850 : 17;
28851 : 17;
28852 : 17;
28853 : 17;
28854 : 17;
28855 : 17;
28856 : 17;
28857 : 13;
28858 : 13;
28859 : 13;
28860 : 13;
28861 : 13;
28862 : 13;
28863 : 13;
28864 : 13;
28865 : 13;
28866 : 13;
28867 : 13;
28868 : 13;
28869 : 13;
28870 : 13;
28871 : 13;
28872 : 13;
28873 : 13;
28874 : 13;
28875 : 13;
28876 : 13;
28877 : 13;
28878 : 13;
28879 : 13;
28880 : 13;
28881 : 17;
28882 : 17;
28883 : 17;
28884 : 17;
28885 : 17;
28886 : 17;
28887 : 17;
28888 : 17;
28889 : 17;
28890 : 17;
28891 : 13;
28892 : 13;
28893 : 13;
28894 : 13;
28895 : 13;
28896 : 13;
28897 : 13;
28898 : 13;
28899 : 13;
28900 : 13;
28901 : 13;
28902 : 13;
28903 : 13;
28904 : 13;
28905 : 13;
28906 : 13;
28907 : 13;
28908 : 13;
28909 : 13;
28910 : 13;
28911 : 13;
28912 : 13;
28913 : 13;
28914 : 13;
28915 : 17;
28916 : 17;
28917 : 17;
28918 : 17;
28919 : 13;
28920 : 13;
28921 : 13;
28922 : 13;
28923 : 13;
28924 : 13;
28925 : 13;
28926 : 13;
28927 : 13;
28928 : 13;
28929 : 13;
28930 : 13;
28931 : 13;
28932 : 13;
28933 : 13;
28934 : 13;
28935 : 13;
28936 : 13;
28937 : 17;
28938 : 17;
28939 : 17;
28940 : 17;
28941 : 17;
28942 : 17;
28943 : 17;
28944 : 17;
28945 : 17;
28946 : 17;
28947 : 17;
28948 : 17;
28949 : 17;
28950 : 13;
28951 : 13;
28952 : 13;
28953 : 13;
28954 : 13;
28955 : 13;
28956 : 13;
28957 : 13;
28958 : 13;
28959 : 13;
28960 : 13;
28961 : 13;
28962 : 13;
28963 : 13;
28964 : 13;
28965 : 13;
28966 : 13;
28967 : 13;
28968 : 13;
28969 : 13;
28970 : 13;
28971 : 13;
28972 : 13;
28973 : 13;
28974 : 13;
28975 : 13;
28976 : 17;
28977 : 17;
28978 : 17;
28979 : 17;
28980 : 17;
28981 : 13;
28982 : 13;
28983 : 13;
28984 : 13;
28985 : 13;
28986 : 13;
28987 : 13;
28988 : 13;
28989 : 13;
28990 : 13;
28991 : 13;
28992 : 13;
28993 : 13;
28994 : 13;
28995 : 13;
28996 : 17;
28997 : 17;
28998 : 17;
28999 : 17;
29000 : 17;
29001 : 17;
29002 : 17;
29003 : 17;
29004 : 17;
29005 : 17;
29006 : 17;
29007 : 17;
29008 : 17;
29009 : 13;
29010 : 13;
29011 : 13;
29012 : 13;
29013 : 13;
29014 : 13;
29015 : 13;
29016 : 13;
29017 : 13;
29018 : 13;
29019 : 13;
29020 : 13;
29021 : 13;
29022 : 13;
29023 : 13;
29024 : 13;
29025 : 13;
29026 : 13;
29027 : 13;
29028 : 17;
29029 : 17;
29030 : 17;
29031 : 17;
29032 : 17;
29033 : 17;
29034 : 17;
29035 : 17;
29036 : 13;
29037 : 13;
29038 : 13;
29039 : 13;
29040 : 17;
29041 : 17;
29042 : 17;
29043 : 17;
29044 : 13;
29045 : 13;
29046 : 13;
29047 : 13;
29048 : 13;
29049 : 13;
29050 : 13;
29051 : 13;
29052 : 13;
29053 : 13;
29054 : 13;
29055 : 13;
29056 : 13;
29057 : 13;
29058 : 13;
29059 : 13;
29060 : 17;
29061 : 17;
29062 : 17;
29063 : 17;
29064 : 17;
29065 : 17;
29066 : 17;
29067 : 17;
29068 : 17;
29069 : 17;
29070 : 13;
29071 : 13;
29072 : 13;
29073 : 13;
29074 : 13;
29075 : 13;
29076 : 13;
29077 : 13;
29078 : 13;
29079 : 13;
29080 : 13;
29081 : 13;
29082 : 13;
29083 : 13;
29084 : 13;
29085 : 13;
29086 : 13;
29087 : 13;
29088 : 13;
29089 : 13;
29090 : 13;
29091 : 17;
29092 : 17;
29093 : 17;
29094 : 17;
29095 : 17;
29096 : 17;
29097 : 17;
29098 : 17;
29099 : 13;
29100 : 13;
29101 : 13;
29102 : 13;
29103 : 13;
29104 : 13;
29105 : 13;
29106 : 13;
29107 : 13;
29108 : 13;
29109 : 13;
29110 : 13;
29111 : 13;
29112 : 13;
29113 : 13;
29114 : 13;
29115 : 13;
29116 : 13;
29117 : 13;
29118 : 13;
29119 : 13;
29120 : 17;
29121 : 17;
29122 : 17;
29123 : 17;
29124 : 17;
29125 : 17;
29126 : 17;
29127 : 17;
29128 : 13;
29129 : 13;
29130 : 13;
29131 : 13;
29132 : 13;
29133 : 13;
29134 : 13;
29135 : 13;
29136 : 13;
29137 : 13;
29138 : 13;
29139 : 13;
29140 : 13;
29141 : 13;
29142 : 13;
29143 : 13;
29144 : 13;
29145 : 13;
29146 : 13;
29147 : 13;
29148 : 13;
29149 : 13;
29150 : 13;
29151 : 13;
29152 : 13;
29153 : 13;
29154 : 13;
29155 : 13;
29156 : 13;
29157 : 13;
29158 : 17;
29159 : 17;
29160 : 17;
29161 : 17;
29162 : 13;
29163 : 13;
29164 : 13;
29165 : 13;
29166 : 13;
29167 : 13;
29168 : 13;
29169 : 13;
29170 : 13;
29171 : 13;
29172 : 13;
29173 : 13;
29174 : 13;
29175 : 17;
29176 : 17;
29177 : 17;
29178 : 17;
29179 : 17;
29180 : 17;
29181 : 17;
29182 : 17;
29183 : 17;
29184 : 17;
29185 : 17;
29186 : 17;
29187 : 17;
29188 : 13;
29189 : 13;
29190 : 13;
29191 : 13;
29192 : 13;
29193 : 13;
29194 : 13;
29195 : 13;
29196 : 13;
29197 : 13;
29198 : 13;
29199 : 13;
29200 : 13;
29201 : 13;
29202 : 13;
29203 : 13;
29204 : 13;
29205 : 13;
29206 : 13;
29207 : 13;
29208 : 13;
29209 : 13;
29210 : 13;
29211 : 13;
29212 : 13;
29213 : 13;
29214 : 13;
29215 : 13;
29216 : 13;
29217 : 13;
29218 : 13;
29219 : 17;
29220 : 17;
29221 : 17;
29222 : 13;
29223 : 13;
29224 : 13;
29225 : 13;
29226 : 13;
29227 : 13;
29228 : 13;
29229 : 13;
29230 : 13;
29231 : 13;
29232 : 13;
29233 : 13;
29234 : 17;
29235 : 17;
29236 : 17;
29237 : 17;
29238 : 17;
29239 : 17;
29240 : 17;
29241 : 17;
29242 : 17;
29243 : 17;
29244 : 17;
29245 : 17;
29246 : 13;
29247 : 13;
29248 : 13;
29249 : 13;
29250 : 13;
29251 : 13;
29252 : 13;
29253 : 13;
29254 : 13;
29255 : 13;
29256 : 13;
29257 : 13;
29258 : 13;
29259 : 13;
29260 : 13;
29261 : 13;
29262 : 13;
29263 : 13;
29264 : 13;
29265 : 13;
29266 : 13;
29267 : 13;
29268 : 13;
29269 : 13;
29270 : 17;
29271 : 17;
29272 : 17;
29273 : 17;
29274 : 17;
29275 : 17;
29276 : 17;
29277 : 13;
29278 : 13;
29279 : 13;
29280 : 17;
29281 : 17;
29282 : 17;
29283 : 17;
29284 : 17;
29285 : 17;
29286 : 13;
29287 : 13;
29288 : 13;
29289 : 13;
29290 : 13;
29291 : 13;
29292 : 13;
29293 : 13;
29294 : 13;
29295 : 13;
29296 : 17;
29297 : 17;
29298 : 17;
29299 : 17;
29300 : 17;
29301 : 17;
29302 : 17;
29303 : 17;
29304 : 17;
29305 : 17;
29306 : 17;
29307 : 17;
29308 : 13;
29309 : 13;
29310 : 13;
29311 : 13;
29312 : 13;
29313 : 13;
29314 : 13;
29315 : 13;
29316 : 13;
29317 : 13;
29318 : 13;
29319 : 13;
29320 : 13;
29321 : 13;
29322 : 13;
29323 : 13;
29324 : 13;
29325 : 13;
29326 : 13;
29327 : 13;
29328 : 13;
29329 : 13;
29330 : 13;
29331 : 13;
29332 : 13;
29333 : 17;
29334 : 17;
29335 : 17;
29336 : 17;
29337 : 17;
29338 : 17;
29339 : 17;
29340 : 17;
29341 : 13;
29342 : 13;
29343 : 13;
29344 : 13;
29345 : 13;
29346 : 13;
29347 : 13;
29348 : 13;
29349 : 13;
29350 : 13;
29351 : 13;
29352 : 13;
29353 : 13;
29354 : 13;
29355 : 13;
29356 : 13;
29357 : 13;
29358 : 17;
29359 : 17;
29360 : 17;
29361 : 17;
29362 : 17;
29363 : 17;
29364 : 17;
29365 : 17;
29366 : 13;
29367 : 13;
29368 : 13;
29369 : 13;
29370 : 13;
29371 : 13;
29372 : 13;
29373 : 13;
29374 : 13;
29375 : 13;
29376 : 13;
29377 : 13;
29378 : 13;
29379 : 13;
29380 : 13;
29381 : 13;
29382 : 13;
29383 : 13;
29384 : 13;
29385 : 13;
29386 : 13;
29387 : 13;
29388 : 13;
29389 : 13;
29390 : 13;
29391 : 13;
29392 : 13;
29393 : 13;
29394 : 13;
29395 : 13;
29396 : 13;
29397 : 13;
29398 : 13;
29399 : 17;
29400 : 17;
29401 : 17;
29402 : 17;
29403 : 17;
29404 : 17;
29405 : 17;
29406 : 13;
29407 : 13;
29408 : 13;
29409 : 13;
29410 : 13;
29411 : 13;
29412 : 17;
29413 : 17;
29414 : 17;
29415 : 17;
29416 : 17;
29417 : 17;
29418 : 17;
29419 : 17;
29420 : 17;
29421 : 17;
29422 : 17;
29423 : 17;
29424 : 17;
29425 : 13;
29426 : 13;
29427 : 13;
29428 : 13;
29429 : 13;
29430 : 13;
29431 : 13;
29432 : 13;
29433 : 13;
29434 : 13;
29435 : 13;
29436 : 13;
29437 : 13;
29438 : 13;
29439 : 13;
29440 : 13;
29441 : 13;
29442 : 13;
29443 : 13;
29444 : 13;
29445 : 13;
29446 : 13;
29447 : 13;
29448 : 13;
29449 : 13;
29450 : 13;
29451 : 13;
29452 : 13;
29453 : 13;
29454 : 13;
29455 : 13;
29456 : 13;
29457 : 13;
29458 : 13;
29459 : 13;
29460 : 17;
29461 : 17;
29462 : 17;
29463 : 17;
29464 : 17;
29465 : 17;
29466 : 17;
29467 : 13;
29468 : 13;
29469 : 17;
29470 : 17;
29471 : 17;
29472 : 17;
29473 : 17;
29474 : 17;
29475 : 17;
29476 : 17;
29477 : 17;
29478 : 17;
29479 : 17;
29480 : 17;
29481 : 17;
29482 : 17;
29483 : 13;
29484 : 13;
29485 : 13;
29486 : 13;
29487 : 13;
29488 : 13;
29489 : 13;
29490 : 13;
29491 : 13;
29492 : 13;
29493 : 13;
29494 : 13;
29495 : 13;
29496 : 13;
29497 : 13;
29498 : 13;
29499 : 13;
29500 : 13;
29501 : 13;
29502 : 13;
29503 : 13;
29504 : 13;
29505 : 13;
29506 : 13;
29507 : 13;
29508 : 13;
29509 : 13;
29510 : 13;
29511 : 13;
29512 : 17;
29513 : 17;
29514 : 17;
29515 : 17;
29516 : 17;
29517 : 17;
29518 : 17;
29519 : 17;
29520 : 17;
29521 : 17;
29522 : 17;
29523 : 17;
29524 : 17;
29525 : 17;
29526 : 17;
29527 : 17;
29528 : 17;
29529 : 17;
29530 : 17;
29531 : 17;
29532 : 17;
29533 : 17;
29534 : 17;
29535 : 17;
29536 : 17;
29537 : 17;
29538 : 17;
29539 : 17;
29540 : 17;
29541 : 17;
29542 : 17;
29543 : 17;
29544 : 17;
29545 : 17;
29546 : 13;
29547 : 13;
29548 : 13;
29549 : 13;
29550 : 13;
29551 : 13;
29552 : 13;
29553 : 13;
29554 : 13;
29555 : 13;
29556 : 13;
29557 : 13;
29558 : 13;
29559 : 13;
29560 : 13;
29561 : 13;
29562 : 13;
29563 : 13;
29564 : 13;
29565 : 13;
29566 : 13;
29567 : 13;
29568 : 13;
29569 : 13;
29570 : 13;
29571 : 13;
29572 : 13;
29573 : 13;
29574 : 17;
29575 : 17;
29576 : 17;
29577 : 17;
29578 : 17;
29579 : 17;
29580 : 17;
29581 : 17;
29582 : 17;
29583 : 17;
29584 : 13;
29585 : 13;
29586 : 13;
29587 : 13;
29588 : 13;
29589 : 13;
29590 : 13;
29591 : 13;
29592 : 13;
29593 : 17;
29594 : 17;
29595 : 17;
29596 : 17;
29597 : 17;
29598 : 17;
29599 : 17;
29600 : 17;
29601 : 17;
29602 : 17;
29603 : 17;
29604 : 13;
29605 : 13;
29606 : 13;
29607 : 13;
29608 : 13;
29609 : 13;
29610 : 13;
29611 : 13;
29612 : 13;
29613 : 13;
29614 : 13;
29615 : 13;
29616 : 13;
29617 : 13;
29618 : 13;
29619 : 13;
29620 : 13;
29621 : 13;
29622 : 13;
29623 : 13;
29624 : 13;
29625 : 13;
29626 : 13;
29627 : 13;
29628 : 13;
29629 : 13;
29630 : 13;
29631 : 13;
29632 : 13;
29633 : 13;
29634 : 13;
29635 : 13;
29636 : 13;
29637 : 13;
29638 : 13;
29639 : 13;
29640 : 13;
29641 : 17;
29642 : 17;
29643 : 17;
29644 : 17;
29645 : 17;
29646 : 17;
29647 : 17;
29648 : 17;
29649 : 17;
29650 : 17;
29651 : 17;
29652 : 17;
29653 : 17;
29654 : 17;
29655 : 17;
29656 : 17;
29657 : 17;
29658 : 17;
29659 : 17;
29660 : 17;
29661 : 17;
29662 : 17;
29663 : 13;
29664 : 13;
29665 : 13;
29666 : 13;
29667 : 13;
29668 : 13;
29669 : 13;
29670 : 13;
29671 : 13;
29672 : 13;
29673 : 13;
29674 : 13;
29675 : 13;
29676 : 13;
29677 : 13;
29678 : 13;
29679 : 13;
29680 : 13;
29681 : 13;
29682 : 13;
29683 : 13;
29684 : 13;
29685 : 13;
29686 : 13;
29687 : 13;
29688 : 13;
29689 : 13;
29690 : 13;
29691 : 13;
29692 : 13;
29693 : 13;
29694 : 13;
29695 : 13;
29696 : 13;
29697 : 13;
29698 : 13;
29699 : 13;
29700 : 13;
29701 : 17;
29702 : 17;
29703 : 17;
29704 : 17;
29705 : 17;
29706 : 17;
29707 : 17;
29708 : 17;
29709 : 17;
29710 : 17;
29711 : 17;
29712 : 17;
29713 : 17;
29714 : 17;
29715 : 17;
29716 : 17;
29717 : 17;
29718 : 17;
29719 : 17;
29720 : 17;
29721 : 17;
29722 : 13;
29723 : 13;
29724 : 13;
29725 : 13;
29726 : 13;
29727 : 13;
29728 : 13;
29729 : 13;
29730 : 13;
29731 : 13;
29732 : 13;
29733 : 13;
29734 : 13;
29735 : 13;
29736 : 13;
29737 : 13;
29738 : 13;
29739 : 13;
29740 : 13;
29741 : 13;
29742 : 13;
29743 : 13;
29744 : 13;
29745 : 13;
29746 : 13;
29747 : 13;
29748 : 13;
29749 : 13;
29750 : 13;
29751 : 13;
29752 : 13;
29753 : 13;
29754 : 17;
29755 : 17;
29756 : 17;
29757 : 17;
29758 : 17;
29759 : 17;
29760 : 17;
29761 : 17;
29762 : 17;
29763 : 17;
29764 : 17;
29765 : 17;
29766 : 17;
29767 : 17;
29768 : 17;
29769 : 17;
29770 : 17;
29771 : 17;
29772 : 17;
29773 : 17;
29774 : 17;
29775 : 17;
29776 : 17;
29777 : 17;
29778 : 17;
29779 : 17;
29780 : 17;
29781 : 17;
29782 : 17;
29783 : 17;
29784 : 13;
29785 : 13;
29786 : 13;
29787 : 13;
29788 : 13;
29789 : 13;
29790 : 13;
29791 : 13;
29792 : 13;
29793 : 13;
29794 : 13;
29795 : 13;
29796 : 13;
29797 : 13;
29798 : 13;
29799 : 13;
29800 : 13;
29801 : 13;
29802 : 13;
29803 : 13;
29804 : 13;
29805 : 13;
29806 : 13;
29807 : 13;
29808 : 13;
29809 : 13;
29810 : 13;
29811 : 13;
29812 : 13;
29813 : 13;
29814 : 13;
29815 : 13;
29816 : 13;
29817 : 17;
29818 : 17;
29819 : 17;
29820 : 17;
29821 : 17;
29822 : 17;
29823 : 17;
29824 : 17;
29825 : 17;
29826 : 17;
29827 : 17;
29828 : 17;
29829 : 17;
29830 : 17;
29831 : 17;
29832 : 17;
29833 : 17;
29834 : 17;
29835 : 17;
29836 : 17;
29837 : 17;
29838 : 17;
29839 : 17;
29840 : 17;
29841 : 17;
29842 : 13;
29843 : 13;
29844 : 13;
29845 : 13;
29846 : 13;
29847 : 13;
29848 : 13;
29849 : 13;
29850 : 13;
29851 : 13;
29852 : 13;
29853 : 13;
29854 : 13;
29855 : 13;
29856 : 13;
29857 : 13;
29858 : 13;
29859 : 13;
29860 : 13;
29861 : 13;
29862 : 13;
29863 : 13;
29864 : 13;
29865 : 13;
29866 : 13;
29867 : 13;
29868 : 13;
29869 : 13;
29870 : 13;
29871 : 13;
29872 : 13;
29873 : 13;
29874 : 13;
29875 : 13;
29876 : 13;
29877 : 13;
29878 : 13;
29879 : 13;
29880 : 13;
29881 : 13;
29882 : 13;
29883 : 17;
29884 : 17;
29885 : 17;
29886 : 17;
29887 : 17;
29888 : 17;
29889 : 17;
29890 : 17;
29891 : 17;
29892 : 17;
29893 : 17;
29894 : 17;
29895 : 17;
29896 : 17;
29897 : 17;
29898 : 17;
29899 : 17;
29900 : 13;
29901 : 13;
29902 : 13;
29903 : 13;
29904 : 13;
29905 : 13;
29906 : 13;
29907 : 13;
29908 : 13;
29909 : 13;
29910 : 13;
29911 : 13;
29912 : 13;
29913 : 13;
29914 : 13;
29915 : 13;
29916 : 13;
29917 : 13;
29918 : 13;
29919 : 13;
29920 : 13;
29921 : 13;
29922 : 13;
29923 : 13;
29924 : 13;
29925 : 13;
29926 : 13;
29927 : 13;
29928 : 13;
29929 : 13;
29930 : 13;
29931 : 13;
29932 : 13;
29933 : 13;
29934 : 13;
29935 : 13;
29936 : 13;
29937 : 13;
29938 : 13;
29939 : 13;
29940 : 13;
29941 : 13;
29942 : 13;
29943 : 13;
29944 : 13;
29945 : 17;
29946 : 17;
29947 : 17;
29948 : 17;
29949 : 17;
29950 : 17;
29951 : 17;
29952 : 17;
29953 : 17;
29954 : 17;
29955 : 17;
29956 : 17;
29957 : 17;
29958 : 13;
29959 : 13;
29960 : 13;
29961 : 13;
29962 : 13;
29963 : 13;
29964 : 13;
29965 : 13;
29966 : 13;
29967 : 13;
29968 : 13;
29969 : 13;
29970 : 13;
29971 : 13;
29972 : 13;
29973 : 13;
29974 : 13;
29975 : 13;
29976 : 13;
29977 : 13;
29978 : 13;
29979 : 13;
29980 : 13;
29981 : 13;
29982 : 13;
29983 : 13;
29984 : 13;
29985 : 13;
29986 : 13;
29987 : 13;
29988 : 13;
29989 : 13;
29990 : 13;
29991 : 13;
29992 : 13;
29993 : 13;
29994 : 13;
29995 : 13;
29996 : 17;
29997 : 17;
29998 : 17;
29999 : 17;
30000 : 13;
30001 : 13;
30002 : 13;
30003 : 17;
30004 : 17;
30005 : 17;
30006 : 17;
30007 : 17;
30008 : 17;
30009 : 17;
30010 : 17;
30011 : 17;
30012 : 17;
30013 : 17;
30014 : 17;
30015 : 17;
30016 : 17;
30017 : 17;
30018 : 17;
30019 : 17;
30020 : 17;
30021 : 17;
30022 : 13;
30023 : 13;
30024 : 13;
30025 : 13;
30026 : 13;
30027 : 13;
30028 : 13;
30029 : 13;
30030 : 13;
30031 : 13;
30032 : 13;
30033 : 13;
30034 : 13;
30035 : 13;
30036 : 13;
30037 : 13;
30038 : 13;
30039 : 13;
30040 : 13;
30041 : 13;
30042 : 13;
30043 : 13;
30044 : 13;
30045 : 13;
30046 : 13;
30047 : 13;
30048 : 13;
30049 : 13;
30050 : 13;
30051 : 13;
30052 : 13;
30053 : 13;
30054 : 13;
30055 : 13;
30056 : 13;
30057 : 13;
30058 : 13;
30059 : 17;
30060 : 17;
30061 : 17;
30062 : 17;
30063 : 17;
30064 : 17;
30065 : 17;
30066 : 17;
30067 : 17;
30068 : 17;
30069 : 17;
30070 : 17;
30071 : 17;
30072 : 17;
30073 : 17;
30074 : 17;
30075 : 17;
30076 : 17;
30077 : 17;
30078 : 17;
30079 : 17;
30080 : 13;
30081 : 13;
30082 : 13;
30083 : 13;
30084 : 13;
30085 : 13;
30086 : 13;
30087 : 13;
30088 : 13;
30089 : 13;
30090 : 13;
30091 : 13;
30092 : 13;
30093 : 13;
30094 : 13;
30095 : 13;
30096 : 17;
30097 : 17;
30098 : 13;
30099 : 13;
30100 : 13;
30101 : 13;
30102 : 13;
30103 : 13;
30104 : 13;
30105 : 13;
30106 : 13;
30107 : 13;
30108 : 13;
30109 : 13;
30110 : 13;
30111 : 13;
30112 : 13;
30113 : 13;
30114 : 13;
30115 : 13;
30116 : 13;
30117 : 13;
30118 : 13;
30119 : 13;
30120 : 13;
30121 : 13;
30122 : 13;
30123 : 13;
30124 : 13;
30125 : 13;
30126 : 17;
30127 : 17;
30128 : 17;
30129 : 17;
30130 : 17;
30131 : 17;
30132 : 17;
30133 : 17;
30134 : 17;
30135 : 17;
30136 : 17;
30137 : 13;
30138 : 13;
30139 : 13;
30140 : 13;
30141 : 13;
30142 : 13;
30143 : 13;
30144 : 13;
30145 : 13;
30146 : 13;
30147 : 13;
30148 : 13;
30149 : 13;
30150 : 13;
30151 : 13;
30152 : 13;
30153 : 17;
30154 : 13;
30155 : 13;
30156 : 13;
30157 : 13;
30158 : 13;
30159 : 13;
30160 : 13;
30161 : 13;
30162 : 13;
30163 : 13;
30164 : 13;
30165 : 13;
30166 : 13;
30167 : 13;
30168 : 13;
30169 : 13;
30170 : 13;
30171 : 13;
30172 : 13;
30173 : 13;
30174 : 13;
30175 : 13;
30176 : 13;
30177 : 13;
30178 : 13;
30179 : 13;
30180 : 13;
30181 : 13;
30182 : 13;
30183 : 13;
30184 : 13;
30185 : 13;
30186 : 13;
30187 : 13;
30188 : 13;
30189 : 17;
30190 : 17;
30191 : 17;
30192 : 17;
30193 : 17;
30194 : 17;
30195 : 13;
30196 : 13;
30197 : 13;
30198 : 13;
30199 : 13;
30200 : 13;
30201 : 13;
30202 : 13;
30203 : 13;
30204 : 13;
30205 : 13;
30206 : 13;
30207 : 13;
30208 : 13;
30209 : 13;
30210 : 13;
30211 : 13;
30212 : 13;
30213 : 13;
30214 : 13;
30215 : 13;
30216 : 13;
30217 : 13;
30218 : 13;
30219 : 13;
30220 : 13;
30221 : 13;
30222 : 13;
30223 : 13;
30224 : 13;
30225 : 13;
30226 : 13;
30227 : 13;
30228 : 13;
30229 : 13;
30230 : 13;
30231 : 13;
30232 : 13;
30233 : 13;
30234 : 13;
30235 : 13;
30236 : 13;
30237 : 13;
30238 : 13;
30239 : 13;
30240 : 13;
30241 : 13;
30242 : 13;
30243 : 13;
30244 : 13;
30245 : 17;
30246 : 13;
30247 : 13;
30248 : 17;
30249 : 17;
30250 : 17;
30251 : 17;
30252 : 17;
30253 : 17;
30254 : 17;
30255 : 17;
30256 : 17;
30257 : 17;
30258 : 13;
30259 : 13;
30260 : 13;
30261 : 13;
30262 : 13;
30263 : 13;
30264 : 13;
30265 : 13;
30266 : 13;
30267 : 13;
30268 : 13;
30269 : 13;
30270 : 13;
30271 : 13;
30272 : 13;
30273 : 13;
30274 : 13;
30275 : 17;
30276 : 13;
30277 : 13;
30278 : 13;
30279 : 13;
30280 : 13;
30281 : 13;
30282 : 13;
30283 : 13;
30284 : 13;
30285 : 13;
30286 : 13;
30287 : 13;
30288 : 13;
30289 : 13;
30290 : 13;
30291 : 13;
30292 : 13;
30293 : 13;
30294 : 13;
30295 : 13;
30296 : 13;
30297 : 13;
30298 : 13;
30299 : 13;
30300 : 13;
30301 : 13;
30302 : 17;
30303 : 17;
30304 : 17;
30305 : 17;
30306 : 17;
30307 : 17;
30308 : 17;
30309 : 17;
30310 : 17;
30311 : 17;
30312 : 17;
30313 : 17;
30314 : 17;
30315 : 13;
30316 : 13;
30317 : 13;
30318 : 13;
30319 : 13;
30320 : 13;
30321 : 13;
30322 : 13;
30323 : 13;
30324 : 13;
30325 : 13;
30326 : 13;
30327 : 13;
30328 : 13;
30329 : 17;
30330 : 17;
30331 : 17;
30332 : 17;
30333 : 17;
30334 : 17;
30335 : 17;
30336 : 17;
30337 : 17;
30338 : 17;
30339 : 17;
30340 : 17;
30341 : 13;
30342 : 13;
30343 : 13;
30344 : 13;
30345 : 13;
30346 : 13;
30347 : 13;
30348 : 13;
30349 : 13;
30350 : 13;
30351 : 13;
30352 : 13;
30353 : 13;
30354 : 13;
30355 : 13;
30356 : 13;
30357 : 13;
30358 : 13;
30359 : 13;
30360 : 13;
30361 : 13;
30362 : 13;
30363 : 13;
30364 : 13;
30365 : 13;
30366 : 13;
30367 : 13;
30368 : 13;
30369 : 13;
30370 : 13;
30371 : 13;
30372 : 13;
30373 : 13;
30374 : 13;
30375 : 13;
30376 : 13;
30377 : 13;
30378 : 13;
30379 : 13;
30380 : 13;
30381 : 13;
30382 : 13;
30383 : 13;
30384 : 13;
30385 : 13;
30386 : 13;
30387 : 13;
30388 : 13;
30389 : 17;
30390 : 17;
30391 : 17;
30392 : 17;
30393 : 17;
30394 : 17;
30395 : 17;
30396 : 17;
30397 : 17;
30398 : 17;
30399 : 17;
30400 : 17;
30401 : 17;
30402 : 13;
30403 : 13;
30404 : 13;
30405 : 13;
30406 : 13;
30407 : 13;
30408 : 13;
30409 : 13;
30410 : 13;
30411 : 13;
30412 : 13;
30413 : 13;
30414 : 13;
30415 : 13;
30416 : 13;
30417 : 13;
30418 : 13;
30419 : 13;
30420 : 13;
30421 : 13;
30422 : 13;
30423 : 13;
30424 : 13;
30425 : 13;
30426 : 13;
30427 : 13;
30428 : 13;
30429 : 13;
30430 : 13;
30431 : 13;
30432 : 13;
30433 : 13;
30434 : 13;
30435 : 13;
30436 : 13;
30437 : 13;
30438 : 13;
30439 : 13;
30440 : 13;
30441 : 13;
30442 : 13;
30443 : 13;
30444 : 13;
30445 : 13;
30446 : 13;
30447 : 17;
30448 : 17;
30449 : 17;
30450 : 17;
30451 : 17;
30452 : 17;
30453 : 17;
30454 : 17;
30455 : 17;
30456 : 17;
30457 : 13;
30458 : 13;
30459 : 13;
30460 : 13;
30461 : 13;
30462 : 13;
30463 : 13;
30464 : 13;
30465 : 13;
30466 : 13;
30467 : 13;
30468 : 13;
30469 : 13;
30470 : 13;
30471 : 13;
30472 : 13;
30473 : 13;
30474 : 13;
30475 : 13;
30476 : 13;
30477 : 13;
30478 : 13;
30479 : 13;
30480 : 13;
30481 : 13;
30482 : 13;
30483 : 13;
30484 : 13;
30485 : 13;
30486 : 13;
30487 : 13;
30488 : 13;
30489 : 13;
30490 : 13;
30491 : 17;
30492 : 17;
30493 : 13;
30494 : 13;
30495 : 13;
30496 : 13;
30497 : 13;
30498 : 13;
30499 : 13;
30500 : 13;
30501 : 13;
30502 : 13;
30503 : 13;
30504 : 13;
30505 : 13;
30506 : 13;
30507 : 13;
30508 : 13;
30509 : 13;
30510 : 17;
30511 : 17;
30512 : 17;
30513 : 17;
30514 : 17;
30515 : 17;
30516 : 17;
30517 : 17;
30518 : 17;
30519 : 17;
30520 : 13;
30521 : 13;
30522 : 13;
30523 : 13;
30524 : 13;
30525 : 13;
30526 : 13;
30527 : 13;
30528 : 13;
30529 : 13;
30530 : 13;
30531 : 13;
30532 : 13;
30533 : 13;
30534 : 13;
30535 : 13;
30536 : 13;
30537 : 13;
30538 : 13;
30539 : 13;
30540 : 13;
30541 : 13;
30542 : 13;
30543 : 13;
30544 : 17;
30545 : 17;
30546 : 17;
30547 : 17;
30548 : 17;
30549 : 17;
30550 : 17;
30551 : 13;
30552 : 13;
30553 : 13;
30554 : 13;
30555 : 13;
30556 : 13;
30557 : 13;
30558 : 13;
30559 : 13;
30560 : 13;
30561 : 13;
30562 : 13;
30563 : 13;
30564 : 13;
30565 : 13;
30566 : 17;
30567 : 17;
30568 : 17;
30569 : 17;
30570 : 17;
30571 : 17;
30572 : 17;
30573 : 17;
30574 : 17;
30575 : 17;
30576 : 17;
30577 : 17;
30578 : 17;
30579 : 17;
30580 : 17;
30581 : 17;
30582 : 17;
30583 : 17;
30584 : 17;
30585 : 13;
30586 : 13;
30587 : 13;
30588 : 13;
30589 : 13;
30590 : 13;
30591 : 13;
30592 : 13;
30593 : 13;
30594 : 13;
30595 : 13;
30596 : 13;
30597 : 13;
30598 : 13;
30599 : 13;
30600 : 13;
30601 : 13;
30602 : 13;
30603 : 13;
30604 : 13;
30605 : 13;
30606 : 13;
30607 : 13;
30608 : 13;
30609 : 13;
30610 : 13;
30611 : 13;
30612 : 13;
30613 : 13;
30614 : 13;
30615 : 13;
30616 : 13;
30617 : 13;
30618 : 13;
30619 : 13;
30620 : 13;
30621 : 13;
30622 : 13;
30623 : 13;
30624 : 13;
30625 : 13;
30626 : 17;
30627 : 17;
30628 : 17;
30629 : 17;
30630 : 17;
30631 : 17;
30632 : 17;
30633 : 17;
30634 : 17;
30635 : 17;
30636 : 17;
30637 : 17;
30638 : 17;
30639 : 17;
30640 : 17;
30641 : 17;
30642 : 17;
30643 : 17;
30644 : 17;
30645 : 13;
30646 : 13;
30647 : 13;
30648 : 13;
30649 : 13;
30650 : 13;
30651 : 13;
30652 : 13;
30653 : 13;
30654 : 13;
30655 : 13;
30656 : 13;
30657 : 13;
30658 : 13;
30659 : 13;
30660 : 13;
30661 : 13;
30662 : 13;
30663 : 13;
30664 : 13;
30665 : 13;
30666 : 13;
30667 : 13;
30668 : 13;
30669 : 13;
30670 : 13;
30671 : 13;
30672 : 13;
30673 : 13;
30674 : 13;
30675 : 13;
30676 : 13;
30677 : 13;
30678 : 13;
30679 : 13;
30680 : 13;
30681 : 13;
30682 : 13;
30683 : 13;
30684 : 17;
30685 : 17;
30686 : 17;
30687 : 17;
30688 : 17;
30689 : 17;
30690 : 17;
30691 : 17;
30692 : 17;
30693 : 17;
30694 : 17;
30695 : 17;
30696 : 17;
30697 : 17;
30698 : 17;
30699 : 17;
30700 : 17;
30701 : 17;
30702 : 13;
30703 : 13;
30704 : 13;
30705 : 13;
30706 : 13;
30707 : 13;
30708 : 13;
30709 : 13;
30710 : 13;
30711 : 13;
30712 : 13;
30713 : 13;
30714 : 13;
30715 : 13;
30716 : 13;
30717 : 13;
30718 : 13;
30719 : 13;
30720 : 13;
30721 : 13;
30722 : 13;
30723 : 13;
30724 : 13;
30725 : 13;
30726 : 13;
30727 : 13;
30728 : 13;
30729 : 13;
30730 : 13;
30731 : 13;
30732 : 13;
30733 : 13;
30734 : 13;
30735 : 17;
30736 : 13;
30737 : 13;
30738 : 13;
30739 : 13;
30740 : 13;
30741 : 13;
30742 : 13;
30743 : 13;
30744 : 13;
30745 : 13;
30746 : 13;
30747 : 17;
30748 : 17;
30749 : 17;
30750 : 17;
30751 : 17;
30752 : 17;
30753 : 17;
30754 : 17;
30755 : 17;
30756 : 17;
30757 : 17;
30758 : 17;
30759 : 17;
30760 : 17;
30761 : 17;
30762 : 17;
30763 : 17;
30764 : 13;
30765 : 13;
30766 : 13;
30767 : 13;
30768 : 13;
30769 : 13;
30770 : 13;
30771 : 13;
30772 : 13;
30773 : 13;
30774 : 13;
30775 : 13;
30776 : 13;
30777 : 13;
30778 : 13;
30779 : 13;
30780 : 13;
30781 : 13;
30782 : 13;
30783 : 13;
30784 : 13;
30785 : 13;
30786 : 13;
30787 : 13;
30788 : 13;
30789 : 13;
30790 : 13;
30791 : 13;
30792 : 13;
30793 : 13;
30794 : 13;
30795 : 13;
30796 : 13;
30797 : 13;
30798 : 13;
30799 : 13;
30800 : 13;
30801 : 13;
30802 : 13;
30803 : 13;
30804 : 17;
30805 : 17;
30806 : 17;
30807 : 17;
30808 : 17;
30809 : 17;
30810 : 17;
30811 : 17;
30812 : 17;
30813 : 17;
30814 : 17;
30815 : 17;
30816 : 17;
30817 : 17;
30818 : 17;
30819 : 17;
30820 : 17;
30821 : 17;
30822 : 17;
30823 : 17;
30824 : 17;
30825 : 17;
30826 : 17;
30827 : 17;
30828 : 13;
30829 : 13;
30830 : 13;
30831 : 13;
30832 : 13;
30833 : 13;
30834 : 13;
30835 : 13;
30836 : 13;
30837 : 13;
30838 : 13;
30839 : 13;
30840 : 13;
30841 : 13;
30842 : 13;
30843 : 13;
30844 : 13;
30845 : 13;
30846 : 13;
30847 : 13;
30848 : 13;
30849 : 13;
30850 : 13;
30851 : 13;
30852 : 13;
30853 : 13;
30854 : 13;
30855 : 13;
30856 : 13;
30857 : 13;
30858 : 13;
30859 : 13;
30860 : 13;
30861 : 13;
30862 : 13;
30863 : 13;
30864 : 17;
30865 : 17;
30866 : 17;
30867 : 17;
30868 : 17;
30869 : 17;
30870 : 17;
30871 : 17;
30872 : 17;
30873 : 17;
30874 : 17;
30875 : 17;
30876 : 17;
30877 : 17;
30878 : 17;
30879 : 17;
30880 : 17;
30881 : 17;
30882 : 17;
30883 : 17;
30884 : 17;
30885 : 17;
30886 : 17;
30887 : 17;
30888 : 17;
30889 : 13;
30890 : 13;
30891 : 13;
30892 : 13;
30893 : 13;
30894 : 13;
30895 : 13;
30896 : 13;
30897 : 13;
30898 : 13;
30899 : 13;
30900 : 13;
30901 : 13;
30902 : 13;
30903 : 13;
30904 : 13;
30905 : 13;
30906 : 13;
30907 : 13;
30908 : 13;
30909 : 13;
30910 : 13;
30911 : 13;
30912 : 13;
30913 : 13;
30914 : 13;
30915 : 13;
30916 : 13;
30917 : 13;
30918 : 13;
30919 : 13;
30920 : 17;
30921 : 17;
30922 : 17;
30923 : 17;
30924 : 17;
30925 : 17;
30926 : 17;
30927 : 17;
30928 : 17;
30929 : 17;
30930 : 17;
30931 : 17;
30932 : 17;
30933 : 17;
30934 : 17;
30935 : 17;
30936 : 17;
30937 : 17;
30938 : 17;
30939 : 17;
30940 : 17;
30941 : 17;
30942 : 17;
30943 : 17;
30944 : 17;
30945 : 13;
30946 : 13;
30947 : 13;
30948 : 13;
30949 : 13;
30950 : 13;
30951 : 13;
30952 : 13;
30953 : 13;
30954 : 13;
30955 : 13;
30956 : 13;
30957 : 13;
30958 : 13;
30959 : 13;
30960 : 13;
30961 : 13;
30962 : 13;
30963 : 13;
30964 : 13;
30965 : 13;
30966 : 13;
30967 : 13;
30968 : 13;
30969 : 13;
30970 : 13;
30971 : 13;
30972 : 13;
30973 : 13;
30974 : 13;
30975 : 13;
30976 : 13;
30977 : 13;
30978 : 13;
30979 : 13;
30980 : 13;
30981 : 13;
30982 : 13;
30983 : 17;
30984 : 17;
30985 : 17;
30986 : 17;
30987 : 17;
30988 : 17;
30989 : 17;
30990 : 17;
30991 : 17;
30992 : 17;
30993 : 17;
30994 : 17;
30995 : 17;
30996 : 17;
30997 : 17;
30998 : 17;
30999 : 17;
31000 : 17;
31001 : 17;
31002 : 17;
31003 : 17;
31004 : 17;
31005 : 17;
31006 : 17;
31007 : 13;
31008 : 13;
31009 : 13;
31010 : 13;
31011 : 13;
31012 : 13;
31013 : 13;
31014 : 13;
31015 : 13;
31016 : 13;
31017 : 13;
31018 : 13;
31019 : 13;
31020 : 13;
31021 : 13;
31022 : 13;
31023 : 13;
31024 : 13;
31025 : 13;
31026 : 13;
31027 : 13;
31028 : 13;
31029 : 13;
31030 : 13;
31031 : 13;
31032 : 13;
31033 : 13;
31034 : 13;
31035 : 13;
31036 : 13;
31037 : 13;
31038 : 13;
31039 : 13;
31040 : 13;
31041 : 13;
31042 : 17;
31043 : 17;
31044 : 17;
31045 : 17;
31046 : 17;
31047 : 17;
31048 : 17;
31049 : 17;
31050 : 17;
31051 : 17;
31052 : 17;
31053 : 17;
31054 : 17;
31055 : 17;
31056 : 17;
31057 : 17;
31058 : 13;
31059 : 13;
31060 : 17;
31061 : 13;
31062 : 17;
31063 : 17;
31064 : 17;
31065 : 17;
31066 : 17;
31067 : 17;
31068 : 17;
31069 : 17;
31070 : 13;
31071 : 13;
31072 : 13;
31073 : 13;
31074 : 13;
31075 : 13;
31076 : 13;
31077 : 13;
31078 : 13;
31079 : 13;
31080 : 13;
31081 : 13;
31082 : 13;
31083 : 13;
31084 : 13;
31085 : 13;
31086 : 13;
31087 : 13;
31088 : 13;
31089 : 13;
31090 : 13;
31091 : 13;
31092 : 13;
31093 : 13;
31094 : 13;
31095 : 13;
31096 : 13;
31097 : 13;
31098 : 13;
31099 : 13;
31100 : 13;
31101 : 17;
31102 : 17;
31103 : 17;
31104 : 17;
31105 : 17;
31106 : 17;
31107 : 17;
31108 : 17;
31109 : 17;
31110 : 17;
31111 : 17;
31112 : 17;
31113 : 17;
31114 : 17;
31115 : 17;
31116 : 13;
31117 : 13;
31118 : 13;
31119 : 13;
31120 : 13;
31121 : 13;
31122 : 13;
31123 : 17;
31124 : 17;
31125 : 17;
31126 : 17;
31127 : 17;
31128 : 17;
31129 : 17;
31130 : 17;
31131 : 13;
31132 : 13;
31133 : 13;
31134 : 13;
31135 : 13;
31136 : 13;
31137 : 13;
31138 : 13;
31139 : 13;
31140 : 13;
31141 : 13;
31142 : 13;
31143 : 13;
31144 : 13;
31145 : 13;
31146 : 13;
31147 : 13;
31148 : 13;
31149 : 13;
31150 : 13;
31151 : 13;
31152 : 13;
31153 : 13;
31154 : 13;
31155 : 13;
31156 : 13;
31157 : 13;
31158 : 13;
31159 : 17;
31160 : 17;
31161 : 17;
31162 : 17;
31163 : 17;
31164 : 17;
31165 : 17;
31166 : 17;
31167 : 17;
31168 : 17;
31169 : 17;
31170 : 17;
31171 : 17;
31172 : 17;
31173 : 17;
31174 : 13;
31175 : 13;
31176 : 17;
31177 : 17;
31178 : 17;
31179 : 17;
31180 : 17;
31181 : 17;
31182 : 17;
31183 : 17;
31184 : 17;
31185 : 17;
31186 : 17;
31187 : 17;
31188 : 13;
31189 : 13;
31190 : 13;
31191 : 13;
31192 : 13;
31193 : 13;
31194 : 13;
31195 : 13;
31196 : 13;
31197 : 13;
31198 : 13;
31199 : 13;
31200 : 13;
31201 : 13;
31202 : 13;
31203 : 13;
31204 : 13;
31205 : 13;
31206 : 13;
31207 : 13;
31208 : 13;
31209 : 13;
31210 : 13;
31211 : 13;
31212 : 13;
31213 : 13;
31214 : 13;
31215 : 13;
31216 : 13;
31217 : 13;
31218 : 13;
31219 : 13;
31220 : 13;
31221 : 17;
31222 : 17;
31223 : 17;
31224 : 17;
31225 : 17;
31226 : 17;
31227 : 17;
31228 : 17;
31229 : 17;
31230 : 17;
31231 : 17;
31232 : 17;
31233 : 17;
31234 : 17;
31235 : 17;
31236 : 17;
31237 : 17;
31238 : 17;
31239 : 17;
31240 : 17;
31241 : 17;
31242 : 17;
31243 : 17;
31244 : 17;
31245 : 17;
31246 : 17;
31247 : 17;
31248 : 17;
31249 : 13;
31250 : 13;
31251 : 13;
31252 : 13;
31253 : 13;
31254 : 13;
31255 : 13;
31256 : 13;
31257 : 13;
31258 : 13;
31259 : 13;
31260 : 13;
31261 : 13;
31262 : 13;
31263 : 13;
31264 : 13;
31265 : 13;
31266 : 13;
31267 : 13;
31268 : 13;
31269 : 13;
31270 : 13;
31271 : 13;
31272 : 13;
31273 : 13;
31274 : 13;
31275 : 13;
31276 : 13;
31277 : 13;
31278 : 13;
31279 : 13;
31280 : 17;
31281 : 17;
31282 : 17;
31283 : 17;
31284 : 17;
31285 : 17;
31286 : 17;
31287 : 17;
31288 : 17;
31289 : 13;
31290 : 13;
31291 : 13;
31292 : 13;
31293 : 13;
31294 : 13;
31295 : 13;
31296 : 13;
31297 : 17;
31298 : 13;
31299 : 13;
31300 : 13;
31301 : 13;
31302 : 13;
31303 : 17;
31304 : 17;
31305 : 17;
31306 : 17;
31307 : 17;
31308 : 17;
31309 : 17;
31310 : 17;
31311 : 17;
31312 : 13;
31313 : 13;
31314 : 13;
31315 : 13;
31316 : 13;
31317 : 13;
31318 : 13;
31319 : 13;
31320 : 13;
31321 : 13;
31322 : 13;
31323 : 13;
31324 : 13;
31325 : 13;
31326 : 13;
31327 : 13;
31328 : 13;
31329 : 13;
31330 : 13;
31331 : 13;
31332 : 13;
31333 : 13;
31334 : 13;
31335 : 13;
31336 : 13;
31337 : 13;
31338 : 17;
31339 : 17;
31340 : 17;
31341 : 17;
31342 : 17;
31343 : 17;
31344 : 17;
31345 : 17;
31346 : 17;
31347 : 17;
31348 : 17;
31349 : 17;
31350 : 17;
31351 : 17;
31352 : 17;
31353 : 17;
31354 : 13;
31355 : 13;
31356 : 13;
31357 : 13;
31358 : 13;
31359 : 13;
31360 : 13;
31361 : 13;
31362 : 13;
31363 : 13;
31364 : 13;
31365 : 13;
31366 : 13;
31367 : 17;
31368 : 17;
31369 : 17;
31370 : 17;
31371 : 17;
31372 : 17;
31373 : 17;
31374 : 13;
31375 : 13;
31376 : 13;
31377 : 13;
31378 : 13;
31379 : 13;
31380 : 13;
31381 : 13;
31382 : 13;
31383 : 13;
31384 : 13;
31385 : 13;
31386 : 13;
31387 : 13;
31388 : 13;
31389 : 13;
31390 : 13;
31391 : 13;
31392 : 13;
31393 : 13;
31394 : 13;
31395 : 13;
31396 : 13;
31397 : 17;
31398 : 17;
31399 : 17;
31400 : 17;
31401 : 17;
31402 : 17;
31403 : 17;
31404 : 17;
31405 : 17;
31406 : 17;
31407 : 17;
31408 : 17;
31409 : 17;
31410 : 17;
31411 : 17;
31412 : 13;
31413 : 13;
31414 : 13;
31415 : 13;
31416 : 13;
31417 : 13;
31418 : 13;
31419 : 13;
31420 : 17;
31421 : 17;
31422 : 17;
31423 : 17;
31424 : 17;
31425 : 17;
31426 : 17;
31427 : 17;
31428 : 17;
31429 : 17;
31430 : 13;
31431 : 13;
31432 : 13;
31433 : 13;
31434 : 13;
31435 : 13;
31436 : 13;
31437 : 13;
31438 : 13;
31439 : 13;
31440 : 13;
31441 : 13;
31442 : 13;
31443 : 13;
31444 : 13;
31445 : 13;
31446 : 13;
31447 : 13;
31448 : 13;
31449 : 13;
31450 : 13;
31451 : 13;
31452 : 13;
31453 : 13;
31454 : 13;
31455 : 13;
31456 : 13;
31457 : 13;
31458 : 17;
31459 : 17;
31460 : 17;
31461 : 17;
31462 : 17;
31463 : 17;
31464 : 17;
31465 : 17;
31466 : 17;
31467 : 17;
31468 : 17;
31469 : 17;
31470 : 17;
31471 : 17;
31472 : 17;
31473 : 17;
31474 : 17;
31475 : 17;
31476 : 17;
31477 : 17;
31478 : 17;
31479 : 17;
31480 : 17;
31481 : 17;
31482 : 17;
31483 : 17;
31484 : 17;
31485 : 17;
31486 : 17;
31487 : 17;
31488 : 17;
31489 : 17;
31490 : 17;
31491 : 13;
31492 : 13;
31493 : 13;
31494 : 13;
31495 : 13;
31496 : 13;
31497 : 13;
31498 : 13;
31499 : 13;
31500 : 13;
31501 : 13;
31502 : 13;
31503 : 13;
31504 : 13;
31505 : 13;
31506 : 13;
31507 : 13;
31508 : 13;
31509 : 13;
31510 : 13;
31511 : 13;
31512 : 13;
31513 : 13;
31514 : 13;
31515 : 13;
31516 : 17;
31517 : 17;
31518 : 17;
31519 : 17;
31520 : 17;
31521 : 17;
31522 : 17;
31523 : 17;
31524 : 17;
31525 : 17;
31526 : 17;
31527 : 13;
31528 : 13;
31529 : 13;
31530 : 13;
31531 : 13;
31532 : 13;
31533 : 13;
31534 : 13;
31535 : 13;
31536 : 13;
31537 : 13;
31538 : 13;
31539 : 13;
31540 : 13;
31541 : 13;
31542 : 13;
31543 : 13;
31544 : 13;
31545 : 13;
31546 : 17;
31547 : 17;
31548 : 17;
31549 : 17;
31550 : 17;
31551 : 17;
31552 : 17;
31553 : 17;
31554 : 13;
31555 : 13;
31556 : 13;
31557 : 13;
31558 : 13;
31559 : 13;
31560 : 13;
31561 : 13;
31562 : 13;
31563 : 13;
31564 : 13;
31565 : 13;
31566 : 13;
31567 : 13;
31568 : 13;
31569 : 13;
31570 : 13;
31571 : 13;
31572 : 13;
31573 : 13;
31574 : 13;
31575 : 13;
31576 : 17;
31577 : 17;
31578 : 17;
31579 : 17;
31580 : 17;
31581 : 17;
31582 : 17;
31583 : 17;
31584 : 17;
31585 : 17;
31586 : 17;
31587 : 17;
31588 : 17;
31589 : 17;
31590 : 13;
31591 : 13;
31592 : 13;
31593 : 13;
31594 : 13;
31595 : 13;
31596 : 13;
31597 : 13;
31598 : 13;
31599 : 13;
31600 : 13;
31601 : 13;
31602 : 13;
31603 : 13;
31604 : 13;
31605 : 13;
31606 : 13;
31607 : 13;
31608 : 13;
31609 : 17;
31610 : 17;
31611 : 17;
31612 : 17;
31613 : 17;
31614 : 17;
31615 : 13;
31616 : 13;
31617 : 13;
31618 : 13;
31619 : 13;
31620 : 13;
31621 : 13;
31622 : 13;
31623 : 13;
31624 : 13;
31625 : 13;
31626 : 13;
31627 : 13;
31628 : 13;
31629 : 13;
31630 : 13;
31631 : 13;
31632 : 13;
31633 : 13;
31634 : 17;
31635 : 17;
31636 : 17;
31637 : 17;
31638 : 17;
31639 : 17;
31640 : 17;
31641 : 17;
31642 : 17;
31643 : 17;
31644 : 17;
31645 : 17;
31646 : 17;
31647 : 17;
31648 : 17;
31649 : 13;
31650 : 13;
31651 : 13;
31652 : 13;
31653 : 13;
31654 : 13;
31655 : 13;
31656 : 13;
31657 : 13;
31658 : 13;
31659 : 13;
31660 : 13;
31661 : 13;
31662 : 13;
31663 : 17;
31664 : 17;
31665 : 17;
31666 : 17;
31667 : 17;
31668 : 17;
31669 : 17;
31670 : 17;
31671 : 17;
31672 : 13;
31673 : 13;
31674 : 13;
31675 : 13;
31676 : 13;
31677 : 13;
31678 : 13;
31679 : 13;
31680 : 13;
31681 : 13;
31682 : 13;
31683 : 13;
31684 : 13;
31685 : 13;
31686 : 13;
31687 : 13;
31688 : 13;
31689 : 13;
31690 : 13;
31691 : 13;
31692 : 13;
31693 : 13;
31694 : 13;
31695 : 13;
31696 : 17;
31697 : 17;
31698 : 17;
31699 : 17;
31700 : 17;
31701 : 17;
31702 : 17;
31703 : 17;
31704 : 17;
31705 : 17;
31706 : 17;
31707 : 17;
31708 : 17;
31709 : 17;
31710 : 17;
31711 : 13;
31712 : 13;
31713 : 13;
31714 : 13;
31715 : 13;
31716 : 17;
31717 : 13;
31718 : 13;
31719 : 13;
31720 : 13;
31721 : 13;
31722 : 17;
31723 : 17;
31724 : 17;
31725 : 17;
31726 : 17;
31727 : 17;
31728 : 17;
31729 : 17;
31730 : 17;
31731 : 17;
31732 : 13;
31733 : 13;
31734 : 13;
31735 : 13;
31736 : 13;
31737 : 13;
31738 : 13;
31739 : 13;
31740 : 13;
31741 : 13;
31742 : 13;
31743 : 13;
31744 : 13;
31745 : 13;
31746 : 13;
31747 : 13;
31748 : 13;
31749 : 17;
31750 : 13;
31751 : 13;
31752 : 13;
31753 : 13;
31754 : 17;
31755 : 17;
31756 : 17;
31757 : 17;
31758 : 17;
31759 : 17;
31760 : 17;
31761 : 17;
31762 : 17;
31763 : 17;
31764 : 13;
31765 : 13;
31766 : 13;
31767 : 13;
31768 : 13;
31769 : 13;
31770 : 13;
31771 : 13;
31772 : 13;
31773 : 13;
31774 : 13;
31775 : 13;
31776 : 13;
31777 : 13;
31778 : 13;
31779 : 13;
31780 : 13;
31781 : 13;
31782 : 13;
31783 : 13;
31784 : 13;
31785 : 13;
31786 : 13;
31787 : 13;
31788 : 13;
31789 : 13;
31790 : 17;
31791 : 17;
31792 : 17;
31793 : 17;
31794 : 17;
31795 : 17;
31796 : 13;
31797 : 13;
31798 : 13;
31799 : 13;
31800 : 13;
31801 : 13;
31802 : 13;
31803 : 13;
31804 : 13;
31805 : 13;
31806 : 13;
31807 : 13;
31808 : 13;
31809 : 13;
31810 : 13;
31811 : 13;
31812 : 17;
31813 : 17;
31814 : 17;
31815 : 17;
31816 : 17;
31817 : 17;
31818 : 17;
31819 : 17;
31820 : 17;
31821 : 17;
31822 : 17;
31823 : 17;
31824 : 17;
31825 : 17;
31826 : 17;
31827 : 13;
31828 : 13;
31829 : 13;
31830 : 13;
31831 : 13;
31832 : 13;
31833 : 13;
31834 : 13;
31835 : 13;
31836 : 13;
31837 : 13;
31838 : 13;
31839 : 13;
31840 : 13;
31841 : 13;
31842 : 13;
31843 : 13;
31844 : 13;
31845 : 13;
31846 : 13;
31847 : 13;
31848 : 13;
31849 : 13;
31850 : 13;
31851 : 17;
31852 : 17;
31853 : 17;
31854 : 17;
31855 : 17;
31856 : 17;
31857 : 13;
31858 : 13;
31859 : 13;
31860 : 13;
31861 : 13;
31862 : 13;
31863 : 13;
31864 : 13;
31865 : 13;
31866 : 13;
31867 : 13;
31868 : 13;
31869 : 13;
31870 : 13;
31871 : 13;
31872 : 17;
31873 : 17;
31874 : 17;
31875 : 17;
31876 : 17;
31877 : 17;
31878 : 17;
31879 : 17;
31880 : 17;
31881 : 17;
31882 : 17;
31883 : 17;
31884 : 17;
31885 : 17;
31886 : 13;
31887 : 13;
31888 : 13;
31889 : 13;
31890 : 13;
31891 : 13;
31892 : 13;
31893 : 13;
31894 : 13;
31895 : 13;
31896 : 13;
31897 : 13;
31898 : 13;
31899 : 13;
31900 : 13;
31901 : 13;
31902 : 13;
31903 : 13;
31904 : 17;
31905 : 17;
31906 : 17;
31907 : 17;
31908 : 17;
31909 : 17;
31910 : 17;
31911 : 17;
31912 : 17;
31913 : 17;
31914 : 13;
31915 : 13;
31916 : 13;
31917 : 13;
31918 : 13;
31919 : 13;
31920 : 17;
31921 : 17;
31922 : 17;
31923 : 13;
31924 : 13;
31925 : 13;
31926 : 13;
31927 : 13;
31928 : 13;
31929 : 13;
31930 : 13;
31931 : 13;
31932 : 13;
31933 : 17;
31934 : 17;
31935 : 17;
31936 : 17;
31937 : 17;
31938 : 17;
31939 : 17;
31940 : 17;
31941 : 17;
31942 : 17;
31943 : 17;
31944 : 17;
31945 : 17;
31946 : 13;
31947 : 17;
31948 : 13;
31949 : 13;
31950 : 13;
31951 : 13;
31952 : 13;
31953 : 13;
31954 : 13;
31955 : 13;
31956 : 13;
31957 : 13;
31958 : 13;
31959 : 13;
31960 : 13;
31961 : 13;
31962 : 13;
31963 : 17;
31964 : 17;
31965 : 17;
31966 : 17;
31967 : 17;
31968 : 17;
31969 : 17;
31970 : 17;
31971 : 17;
31972 : 17;
31973 : 17;
31974 : 17;
31975 : 17;
31976 : 17;
31977 : 17;
31978 : 13;
31979 : 13;
31980 : 13;
31981 : 13;
31982 : 13;
31983 : 13;
31984 : 13;
31985 : 13;
31986 : 13;
31987 : 13;
31988 : 13;
31989 : 17;
31990 : 13;
31991 : 13;
31992 : 17;
31993 : 17;
31994 : 17;
31995 : 17;
31996 : 17;
31997 : 17;
31998 : 17;
31999 : 17;
32000 : 17;
32001 : 17;
32002 : 13;
32003 : 13;
32004 : 13;
32005 : 13;
32006 : 13;
32007 : 13;
32008 : 13;
32009 : 13;
32010 : 13;
32011 : 13;
32012 : 13;
32013 : 13;
32014 : 13;
32015 : 13;
32016 : 13;
32017 : 13;
32018 : 13;
32019 : 13;
32020 : 13;
32021 : 13;
32022 : 13;
32023 : 13;
32024 : 13;
32025 : 13;
32026 : 13;
32027 : 13;
32028 : 13;
32029 : 13;
32030 : 13;
32031 : 17;
32032 : 17;
32033 : 17;
32034 : 17;
32035 : 17;
32036 : 17;
32037 : 17;
32038 : 17;
32039 : 13;
32040 : 13;
32041 : 13;
32042 : 13;
32043 : 13;
32044 : 13;
32045 : 13;
32046 : 13;
32047 : 13;
32048 : 13;
32049 : 13;
32050 : 13;
32051 : 17;
32052 : 17;
32053 : 17;
32054 : 17;
32055 : 17;
32056 : 17;
32057 : 17;
32058 : 17;
32059 : 17;
32060 : 17;
32061 : 17;
32062 : 17;
32063 : 17;
32064 : 17;
32065 : 13;
32066 : 13;
32067 : 13;
32068 : 13;
32069 : 13;
32070 : 13;
32071 : 13;
32072 : 13;
32073 : 13;
32074 : 13;
32075 : 13;
32076 : 13;
32077 : 13;
32078 : 13;
32079 : 13;
32080 : 13;
32081 : 13;
32082 : 13;
32083 : 13;
32084 : 13;
32085 : 13;
32086 : 13;
32087 : 13;
32088 : 13;
32089 : 13;
32090 : 13;
32091 : 13;
32092 : 13;
32093 : 17;
32094 : 17;
32095 : 17;
32096 : 17;
32097 : 17;
32098 : 17;
32099 : 17;
32100 : 13;
32101 : 13;
32102 : 13;
32103 : 13;
32104 : 13;
32105 : 13;
32106 : 13;
32107 : 13;
32108 : 13;
32109 : 17;
32110 : 17;
32111 : 17;
32112 : 17;
32113 : 17;
32114 : 17;
32115 : 17;
32116 : 17;
32117 : 17;
32118 : 17;
32119 : 17;
32120 : 17;
32121 : 17;
32122 : 17;
32123 : 17;
32124 : 13;
32125 : 13;
32126 : 13;
32127 : 13;
32128 : 13;
32129 : 13;
32130 : 13;
32131 : 13;
32132 : 13;
32133 : 13;
32134 : 13;
32135 : 13;
32136 : 13;
32137 : 13;
32138 : 13;
32139 : 13;
32140 : 13;
32141 : 13;
32142 : 13;
32143 : 13;
32144 : 13;
32145 : 13;
32146 : 13;
32147 : 17;
32148 : 17;
32149 : 17;
32150 : 17;
32151 : 17;
32152 : 17;
32153 : 17;
32154 : 17;
32155 : 17;
32156 : 17;
32157 : 13;
32158 : 13;
32159 : 13;
32160 : 17;
32161 : 17;
32162 : 17;
32163 : 17;
32164 : 17;
32165 : 17;
32166 : 17;
32167 : 17;
32168 : 17;
32169 : 17;
32170 : 17;
32171 : 17;
32172 : 17;
32173 : 17;
32174 : 17;
32175 : 17;
32176 : 17;
32177 : 17;
32178 : 17;
32179 : 17;
32180 : 17;
32181 : 17;
32182 : 17;
32183 : 17;
32184 : 13;
32185 : 13;
32186 : 13;
32187 : 13;
32188 : 13;
32189 : 13;
32190 : 13;
32191 : 13;
32192 : 13;
32193 : 13;
32194 : 13;
32195 : 13;
32196 : 13;
32197 : 13;
32198 : 13;
32199 : 17;
32200 : 13;
32201 : 13;
32202 : 13;
32203 : 13;
32204 : 17;
32205 : 17;
32206 : 17;
32207 : 17;
32208 : 17;
32209 : 17;
32210 : 17;
32211 : 17;
32212 : 17;
32213 : 17;
32214 : 17;
32215 : 17;
32216 : 17;
32217 : 17;
32218 : 17;
32219 : 13;
32220 : 13;
32221 : 13;
32222 : 13;
32223 : 13;
32224 : 13;
32225 : 13;
32226 : 13;
32227 : 13;
32228 : 13;
32229 : 17;
32230 : 17;
32231 : 17;
32232 : 17;
32233 : 17;
32234 : 17;
32235 : 17;
32236 : 17;
32237 : 17;
32238 : 17;
32239 : 17;
32240 : 17;
32241 : 13;
32242 : 13;
32243 : 13;
32244 : 13;
32245 : 13;
32246 : 13;
32247 : 13;
32248 : 13;
32249 : 13;
32250 : 13;
32251 : 13;
32252 : 13;
32253 : 13;
32254 : 13;
32255 : 13;
32256 : 13;
32257 : 13;
32258 : 13;
32259 : 13;
32260 : 13;
32261 : 13;
32262 : 13;
32263 : 13;
32264 : 13;
32265 : 13;
32266 : 13;
32267 : 13;
32268 : 13;
32269 : 13;
32270 : 13;
32271 : 13;
32272 : 13;
32273 : 17;
32274 : 13;
32275 : 17;
32276 : 17;
32277 : 17;
32278 : 17;
32279 : 17;
32280 : 17;
32281 : 13;
32282 : 13;
32283 : 17;
32284 : 13;
32285 : 17;
32286 : 17;
32287 : 17;
32288 : 17;
32289 : 17;
32290 : 17;
32291 : 17;
32292 : 17;
32293 : 17;
32294 : 17;
32295 : 17;
32296 : 17;
32297 : 17;
32298 : 17;
32299 : 17;
32300 : 17;
32301 : 17;
32302 : 17;
32303 : 13;
32304 : 13;
32305 : 13;
32306 : 13;
32307 : 13;
32308 : 13;
32309 : 13;
32310 : 13;
32311 : 13;
32312 : 13;
32313 : 13;
32314 : 13;
32315 : 13;
32316 : 13;
32317 : 13;
32318 : 13;
32319 : 13;
32320 : 13;
32321 : 13;
32322 : 13;
32323 : 13;
32324 : 13;
32325 : 13;
32326 : 13;
32327 : 13;
32328 : 13;
32329 : 13;
32330 : 13;
32331 : 13;
32332 : 13;
32333 : 13;
32334 : 17;
32335 : 17;
32336 : 17;
32337 : 17;
32338 : 17;
32339 : 17;
32340 : 17;
32341 : 17;
32342 : 17;
32343 : 17;
32344 : 13;
32345 : 17;
32346 : 17;
32347 : 17;
32348 : 17;
32349 : 17;
32350 : 17;
32351 : 17;
32352 : 17;
32353 : 17;
32354 : 17;
32355 : 17;
32356 : 17;
32357 : 17;
32358 : 17;
32359 : 17;
32360 : 17;
32361 : 17;
32362 : 13;
32363 : 13;
32364 : 13;
32365 : 13;
32366 : 13;
32367 : 13;
32368 : 13;
32369 : 13;
32370 : 13;
32371 : 13;
32372 : 13;
32373 : 13;
32374 : 13;
32375 : 13;
32376 : 13;
32377 : 13;
32378 : 13;
32379 : 13;
32380 : 13;
32381 : 13;
32382 : 13;
32383 : 13;
32384 : 13;
32385 : 13;
32386 : 13;
32387 : 13;
32388 : 13;
32389 : 17;
32390 : 17;
32391 : 17;
32392 : 17;
32393 : 17;
32394 : 17;
32395 : 17;
32396 : 17;
32397 : 17;
32398 : 17;
32399 : 17;
32400 : 17;
32401 : 17;
32402 : 17;
32403 : 17;
32404 : 17;
32405 : 17;
32406 : 17;
32407 : 17;
32408 : 17;
32409 : 17;
32410 : 17;
32411 : 17;
32412 : 17;
32413 : 17;
32414 : 17;
32415 : 17;
32416 : 17;
32417 : 17;
32418 : 17;
32419 : 17;
32420 : 17;
32421 : 17;
32422 : 13;
32423 : 13;
32424 : 13;
32425 : 13;
32426 : 13;
32427 : 13;
32428 : 13;
32429 : 13;
32430 : 13;
32431 : 13;
32432 : 13;
32433 : 13;
32434 : 13;
32435 : 13;
32436 : 13;
32437 : 13;
32438 : 13;
32439 : 13;
32440 : 13;
32441 : 17;
32442 : 17;
32443 : 17;
32444 : 17;
32445 : 17;
32446 : 17;
32447 : 17;
32448 : 17;
32449 : 17;
32450 : 17;
32451 : 17;
32452 : 17;
32453 : 17;
32454 : 17;
32455 : 17;
32456 : 17;
32457 : 17;
32458 : 17;
32459 : 17;
32460 : 17;
32461 : 17;
32462 : 17;
32463 : 17;
32464 : 17;
32465 : 17;
32466 : 17;
32467 : 17;
32468 : 17;
32469 : 17;
32470 : 17;
32471 : 17;
32472 : 17;
32473 : 17;
32474 : 17;
32475 : 17;
32476 : 17;
32477 : 17;
32478 : 17;
32479 : 13;
32480 : 13;
32481 : 13;
32482 : 13;
32483 : 13;
32484 : 13;
32485 : 13;
32486 : 13;
32487 : 13;
32488 : 13;
32489 : 13;
32490 : 13;
32491 : 13;
32492 : 13;
32493 : 13;
32494 : 13;
32495 : 13;
32496 : 13;
32497 : 13;
32498 : 13;
32499 : 13;
32500 : 13;
32501 : 13;
32502 : 13;
32503 : 13;
32504 : 13;
32505 : 13;
32506 : 13;
32507 : 13;
32508 : 13;
32509 : 13;
32510 : 13;
32511 : 13;
32512 : 13;
32513 : 17;
32514 : 13;
32515 : 13;
32516 : 17;
32517 : 17;
32518 : 17;
32519 : 17;
32520 : 17;
32521 : 17;
32522 : 17;
32523 : 17;
32524 : 17;
32525 : 17;
32526 : 17;
32527 : 17;
32528 : 17;
32529 : 17;
32530 : 17;
32531 : 17;
32532 : 17;
32533 : 17;
32534 : 17;
32535 : 17;
32536 : 17;
32537 : 17;
32538 : 17;
32539 : 17;
32540 : 17;
32541 : 13;
32542 : 13;
32543 : 13;
32544 : 13;
32545 : 13;
32546 : 13;
32547 : 13;
32548 : 13;
32549 : 13;
32550 : 13;
32551 : 13;
32552 : 13;
32553 : 13;
32554 : 13;
32555 : 13;
32556 : 13;
32557 : 13;
32558 : 13;
32559 : 13;
32560 : 13;
32561 : 13;
32562 : 13;
32563 : 13;
32564 : 13;
32565 : 13;
32566 : 13;
32567 : 13;
32568 : 13;
32569 : 13;
32570 : 13;
32571 : 13;
32572 : 13;
32573 : 13;
32574 : 17;
32575 : 13;
32576 : 17;
32577 : 17;
32578 : 17;
32579 : 17;
32580 : 17;
32581 : 17;
32582 : 17;
32583 : 17;
32584 : 17;
32585 : 17;
32586 : 17;
32587 : 17;
32588 : 17;
32589 : 17;
32590 : 17;
32591 : 17;
32592 : 17;
32593 : 17;
32594 : 17;
32595 : 17;
32596 : 17;
32597 : 17;
32598 : 17;
32599 : 13;
32600 : 13;
32601 : 13;
32602 : 13;
32603 : 13;
32604 : 13;
32605 : 13;
32606 : 13;
32607 : 13;
32608 : 13;
32609 : 13;
32610 : 13;
32611 : 13;
32612 : 13;
32613 : 13;
32614 : 13;
32615 : 13;
32616 : 13;
32617 : 13;
32618 : 13;
32619 : 13;
32620 : 13;
32621 : 13;
32622 : 13;
32623 : 13;
32624 : 13;
32625 : 13;
32626 : 13;
32627 : 13;
32628 : 13;
32629 : 17;
32630 : 17;
32631 : 17;
32632 : 17;
32633 : 17;
32634 : 17;
32635 : 17;
32636 : 17;
32637 : 17;
32638 : 17;
32639 : 17;
32640 : 17;
32641 : 17;
32642 : 17;
32643 : 17;
32644 : 17;
32645 : 17;
32646 : 17;
32647 : 17;
32648 : 17;
32649 : 17;
32650 : 17;
32651 : 17;
32652 : 17;
32653 : 17;
32654 : 17;
32655 : 17;
32656 : 17;
32657 : 17;
32658 : 13;
32659 : 13;
32660 : 13;
32661 : 13;
32662 : 13;
32663 : 13;
32664 : 13;
32665 : 13;
32666 : 13;
32667 : 13;
32668 : 13;
32669 : 13;
32670 : 13;
32671 : 13;
32672 : 13;
32673 : 17;
32674 : 13;
32675 : 13;
32676 : 13;
32677 : 17;
32678 : 13;
32679 : 17;
32680 : 17;
32681 : 17;
32682 : 17;
32683 : 17;
32684 : 13;
32685 : 13;
32686 : 13;
32687 : 13;
32688 : 17;
32689 : 17;
32690 : 17;
32691 : 17;
32692 : 17;
32693 : 17;
32694 : 17;
32695 : 17;
32696 : 17;
32697 : 17;
32698 : 17;
32699 : 17;
32700 : 17;
32701 : 17;
32702 : 17;
32703 : 17;
32704 : 17;
32705 : 17;
32706 : 17;
32707 : 17;
32708 : 17;
32709 : 17;
32710 : 17;
32711 : 17;
32712 : 17;
32713 : 17;
32714 : 17;
32715 : 17;
32716 : 17;
32717 : 13;
32718 : 13;
32719 : 13;
32720 : 13;
32721 : 13;
32722 : 13;
32723 : 13;
32724 : 13;
32725 : 13;
32726 : 13;
32727 : 13;
32728 : 13;
32729 : 13;
32730 : 13;
32731 : 13;
32732 : 13;
32733 : 13;
32734 : 13;
32735 : 13;
32736 : 13;
32737 : 13;
32738 : 13;
32739 : 13;
32740 : 13;
32741 : 13;
32742 : 13;
32743 : 13;
32744 : 13;
32745 : 13;
32746 : 13;
32747 : 13;
32748 : 13;
32749 : 13;
32750 : 13;
32751 : 13;
32752 : 13;
32753 : 13;
32754 : 13;
32755 : 13;
32756 : 13;
32757 : 13;
32758 : 13;
32759 : 17;
32760 : 17;
32761 : 17;
32762 : 17;
32763 : 17;
32764 : 17;
32765 : 17;
32766 : 17;
32767 : 17;
32768 : 17;
32769 : 17;
32770 : 17;
32771 : 17;
32772 : 17;
32773 : 17;
32774 : 17;
32775 : 17;
32776 : 17;
32777 : 17;
32778 : 13;
32779 : 13;
32780 : 13;
32781 : 13;
32782 : 13;
32783 : 13;
32784 : 13;
32785 : 13;
32786 : 13;
32787 : 13;
32788 : 13;
32789 : 13;
32790 : 13;
32791 : 13;
32792 : 13;
32793 : 13;
32794 : 13;
32795 : 13;
32796 : 13;
32797 : 13;
32798 : 13;
32799 : 13;
32800 : 13;
32801 : 13;
32802 : 13;
32803 : 13;
32804 : 13;
32805 : 13;
32806 : 13;
32807 : 13;
32808 : 13;
32809 : 13;
32810 : 13;
32811 : 13;
32812 : 13;
32813 : 13;
32814 : 13;
32815 : 13;
32816 : 13;
32817 : 13;
32818 : 17;
32819 : 17;
32820 : 17;
32821 : 17;
32822 : 17;
32823 : 17;
32824 : 17;
32825 : 17;
32826 : 17;
32827 : 17;
32828 : 17;
32829 : 17;
32830 : 17;
32831 : 17;
32832 : 17;
32833 : 17;
32834 : 17;
32835 : 17;
32836 : 17;
32837 : 13;
32838 : 13;
32839 : 13;
32840 : 13;
32841 : 13;
32842 : 13;
32843 : 13;
32844 : 13;
32845 : 13;
32846 : 13;
32847 : 13;
32848 : 13;
32849 : 13;
32850 : 13;
32851 : 13;
32852 : 13;
32853 : 13;
32854 : 13;
32855 : 13;
32856 : 13;
32857 : 13;
32858 : 13;
32859 : 13;
32860 : 13;
32861 : 13;
32862 : 13;
32863 : 13;
32864 : 13;
32865 : 13;
32866 : 13;
32867 : 13;
32868 : 13;
32869 : 13;
32870 : 13;
32871 : 13;
32872 : 13;
32873 : 17;
32874 : 17;
32875 : 17;
32876 : 17;
32877 : 17;
32878 : 17;
32879 : 17;
32880 : 17;
32881 : 17;
32882 : 17;
32883 : 17;
32884 : 17;
32885 : 17;
32886 : 17;
32887 : 17;
32888 : 17;
32889 : 17;
32890 : 17;
32891 : 17;
32892 : 17;
32893 : 17;
32894 : 17;
32895 : 17;
32896 : 17;
32897 : 13;
32898 : 13;
32899 : 13;
32900 : 13;
32901 : 13;
32902 : 13;
32903 : 13;
32904 : 13;
32905 : 13;
32906 : 13;
32907 : 13;
32908 : 13;
32909 : 13;
32910 : 13;
32911 : 13;
32912 : 13;
32913 : 13;
32914 : 17;
32915 : 13;
32916 : 13;
32917 : 13;
32918 : 17;
32919 : 17;
32920 : 17;
32921 : 13;
32922 : 13;
32923 : 13;
32924 : 13;
32925 : 13;
32926 : 13;
32927 : 13;
32928 : 17;
32929 : 17;
32930 : 17;
32931 : 17;
32932 : 17;
32933 : 17;
32934 : 17;
32935 : 17;
32936 : 17;
32937 : 17;
32938 : 17;
32939 : 17;
32940 : 17;
32941 : 17;
32942 : 17;
32943 : 17;
32944 : 17;
32945 : 17;
32946 : 17;
32947 : 17;
32948 : 17;
32949 : 17;
32950 : 17;
32951 : 17;
32952 : 17;
32953 : 13;
32954 : 13;
32955 : 13;
32956 : 13;
32957 : 13;
32958 : 13;
32959 : 13;
32960 : 13;
32961 : 13;
32962 : 13;
32963 : 13;
32964 : 13;
32965 : 13;
32966 : 13;
32967 : 13;
32968 : 17;
32969 : 17;
32970 : 17;
32971 : 17;
32972 : 17;
32973 : 17;
32974 : 13;
32975 : 13;
32976 : 13;
32977 : 13;
32978 : 13;
32979 : 13;
32980 : 13;
32981 : 13;
32982 : 13;
32983 : 13;
32984 : 13;
32985 : 13;
32986 : 13;
32987 : 13;
32988 : 13;
32989 : 13;
32990 : 13;
32991 : 13;
32992 : 13;
32993 : 13;
32994 : 13;
32995 : 13;
32996 : 13;
32997 : 13;
32998 : 13;
32999 : 13;
33000 : 13;
33001 : 17;
33002 : 17;
33003 : 17;
33004 : 17;
33005 : 17;
33006 : 17;
33007 : 17;
33008 : 17;
33009 : 17;
33010 : 17;
33011 : 17;
33012 : 17;
33013 : 13;
33014 : 13;
33015 : 13;
33016 : 13;
33017 : 13;
33018 : 13;
33019 : 13;
33020 : 13;
33021 : 13;
33022 : 13;
33023 : 13;
33024 : 13;
33025 : 13;
33026 : 17;
33027 : 17;
33028 : 17;
33029 : 17;
33030 : 17;
33031 : 17;
33032 : 17;
33033 : 17;
33034 : 17;
33035 : 17;
33036 : 17;
33037 : 17;
33038 : 17;
33039 : 17;
33040 : 13;
33041 : 13;
33042 : 13;
33043 : 13;
33044 : 13;
33045 : 13;
33046 : 13;
33047 : 13;
33048 : 13;
33049 : 13;
33050 : 13;
33051 : 13;
33052 : 13;
33053 : 13;
33054 : 13;
33055 : 13;
33056 : 13;
33057 : 13;
33058 : 13;
33059 : 13;
33060 : 17;
33061 : 17;
33062 : 17;
33063 : 17;
33064 : 17;
33065 : 17;
33066 : 17;
33067 : 17;
33068 : 17;
33069 : 17;
33070 : 17;
33071 : 17;
33072 : 17;
33073 : 13;
33074 : 13;
33075 : 13;
33076 : 13;
33077 : 13;
33078 : 13;
33079 : 13;
33080 : 13;
33081 : 13;
33082 : 13;
33083 : 13;
33084 : 17;
33085 : 17;
33086 : 17;
33087 : 17;
33088 : 17;
33089 : 17;
33090 : 17;
33091 : 17;
33092 : 17;
33093 : 17;
33094 : 17;
33095 : 17;
33096 : 17;
33097 : 13;
33098 : 13;
33099 : 13;
33100 : 13;
33101 : 13;
33102 : 13;
33103 : 13;
33104 : 13;
33105 : 13;
33106 : 13;
33107 : 13;
33108 : 13;
33109 : 13;
33110 : 13;
33111 : 13;
33112 : 13;
33113 : 13;
33114 : 13;
33115 : 17;
33116 : 17;
33117 : 17;
33118 : 17;
33119 : 17;
33120 : 17;
33121 : 17;
33122 : 17;
33123 : 17;
33124 : 17;
33125 : 17;
33126 : 17;
33127 : 17;
33128 : 17;
33129 : 17;
33130 : 17;
33131 : 17;
33132 : 17;
33133 : 17;
33134 : 13;
33135 : 13;
33136 : 13;
33137 : 13;
33138 : 13;
33139 : 13;
33140 : 13;
33141 : 13;
33142 : 13;
33143 : 13;
33144 : 13;
33145 : 13;
33146 : 13;
33147 : 17;
33148 : 17;
33149 : 17;
33150 : 17;
33151 : 17;
33152 : 17;
33153 : 17;
33154 : 17;
33155 : 13;
33156 : 13;
33157 : 13;
33158 : 13;
33159 : 17;
33160 : 13;
33161 : 13;
33162 : 17;
33163 : 17;
33164 : 13;
33165 : 17;
33166 : 13;
33167 : 13;
33168 : 17;
33169 : 17;
33170 : 13;
33171 : 13;
33172 : 17;
33173 : 17;
33174 : 17;
33175 : 17;
33176 : 17;
33177 : 17;
33178 : 17;
33179 : 17;
33180 : 17;
33181 : 17;
33182 : 17;
33183 : 17;
33184 : 17;
33185 : 17;
33186 : 17;
33187 : 17;
33188 : 17;
33189 : 17;
33190 : 17;
33191 : 17;
33192 : 17;
33193 : 13;
33194 : 13;
33195 : 13;
33196 : 13;
33197 : 13;
33198 : 13;
33199 : 13;
33200 : 13;
33201 : 13;
33202 : 13;
33203 : 13;
33204 : 17;
33205 : 17;
33206 : 17;
33207 : 17;
33208 : 17;
33209 : 17;
33210 : 17;
33211 : 17;
33212 : 17;
33213 : 17;
33214 : 17;
33215 : 17;
33216 : 13;
33217 : 13;
33218 : 13;
33219 : 13;
33220 : 13;
33221 : 13;
33222 : 13;
33223 : 13;
33224 : 13;
33225 : 13;
33226 : 13;
33227 : 13;
33228 : 13;
33229 : 13;
33230 : 13;
33231 : 13;
33232 : 13;
33233 : 13;
33234 : 13;
33235 : 13;
33236 : 13;
33237 : 13;
33238 : 13;
33239 : 13;
33240 : 13;
33241 : 13;
33242 : 13;
33243 : 13;
33244 : 13;
33245 : 17;
33246 : 13;
33247 : 13;
33248 : 13;
33249 : 13;
33250 : 13;
33251 : 13;
33252 : 13;
33253 : 13;
33254 : 13;
33255 : 13;
33256 : 13;
33257 : 13;
33258 : 13;
33259 : 13;
33260 : 13;
33261 : 13;
33262 : 13;
33263 : 13;
33264 : 17;
33265 : 17;
33266 : 17;
33267 : 17;
33268 : 17;
33269 : 17;
33270 : 17;
33271 : 17;
33272 : 17;
33273 : 17;
33274 : 17;
33275 : 17;
33276 : 17;
33277 : 17;
33278 : 17;
33279 : 17;
33280 : 17;
33281 : 17;
33282 : 13;
33283 : 13;
33284 : 13;
33285 : 13;
33286 : 13;
33287 : 13;
33288 : 13;
33289 : 13;
33290 : 13;
33291 : 13;
33292 : 13;
33293 : 13;
33294 : 13;
33295 : 13;
33296 : 13;
33297 : 13;
33298 : 13;
33299 : 13;
33300 : 13;
33301 : 13;
33302 : 13;
33303 : 13;
33304 : 13;
33305 : 13;
33306 : 13;
33307 : 13;
33308 : 13;
33309 : 13;
33310 : 13;
33311 : 13;
33312 : 13;
33313 : 13;
33314 : 13;
33315 : 13;
33316 : 13;
33317 : 13;
33318 : 13;
33319 : 13;
33320 : 13;
33321 : 13;
33322 : 17;
33323 : 17;
33324 : 17;
33325 : 17;
33326 : 17;
33327 : 17;
33328 : 17;
33329 : 17;
33330 : 17;
33331 : 17;
33332 : 17;
33333 : 17;
33334 : 17;
33335 : 17;
33336 : 17;
33337 : 17;
33338 : 17;
33339 : 17;
33340 : 13;
33341 : 13;
33342 : 13;
33343 : 13;
33344 : 13;
33345 : 13;
33346 : 13;
33347 : 13;
33348 : 13;
33349 : 13;
33350 : 13;
33351 : 13;
33352 : 13;
33353 : 13;
33354 : 13;
33355 : 13;
33356 : 13;
33357 : 13;
33358 : 17;
33359 : 17;
33360 : 13;
33361 : 13;
33362 : 17;
33363 : 17;
33364 : 17;
33365 : 17;
33366 : 17;
33367 : 17;
33368 : 17;
33369 : 17;
33370 : 13;
33371 : 13;
33372 : 13;
33373 : 13;
33374 : 13;
33375 : 13;
33376 : 13;
33377 : 13;
33378 : 13;
33379 : 13;
33380 : 13;
33381 : 13;
33382 : 17;
33383 : 17;
33384 : 17;
33385 : 17;
33386 : 17;
33387 : 17;
33388 : 17;
33389 : 17;
33390 : 17;
33391 : 17;
33392 : 17;
33393 : 17;
33394 : 17;
33395 : 17;
33396 : 17;
33397 : 17;
33398 : 17;
33399 : 17;
33400 : 17;
33401 : 13;
33402 : 13;
33403 : 13;
33404 : 13;
33405 : 13;
33406 : 13;
33407 : 13;
33408 : 13;
33409 : 13;
33410 : 13;
33411 : 13;
33412 : 13;
33413 : 13;
33414 : 13;
33415 : 13;
33416 : 13;
33417 : 17;
33418 : 13;
33419 : 17;
33420 : 13;
33421 : 13;
33422 : 13;
33423 : 17;
33424 : 13;
33425 : 13;
33426 : 13;
33427 : 13;
33428 : 13;
33429 : 13;
33430 : 13;
33431 : 13;
33432 : 13;
33433 : 13;
33434 : 13;
33435 : 13;
33436 : 13;
33437 : 13;
33438 : 13;
33439 : 13;
33440 : 17;
33441 : 17;
33442 : 17;
33443 : 17;
33444 : 17;
33445 : 17;
33446 : 17;
33447 : 17;
33448 : 17;
33449 : 17;
33450 : 17;
33451 : 17;
33452 : 17;
33453 : 17;
33454 : 17;
33455 : 17;
33456 : 17;
33457 : 17;
33458 : 17;
33459 : 13;
33460 : 13;
33461 : 13;
33462 : 13;
33463 : 13;
33464 : 13;
33465 : 13;
33466 : 13;
33467 : 13;
33468 : 13;
33469 : 13;
33470 : 13;
33471 : 13;
33472 : 13;
33473 : 13;
33474 : 13;
33475 : 13;
33476 : 13;
33477 : 13;
33478 : 13;
33479 : 13;
33480 : 13;
33481 : 13;
33482 : 13;
33483 : 13;
33484 : 13;
33485 : 13;
33486 : 13;
33487 : 13;
33488 : 13;
33489 : 13;
33490 : 13;
33491 : 13;
33492 : 13;
33493 : 13;
33494 : 13;
33495 : 13;
33496 : 13;
33497 : 13;
33498 : 13;
33499 : 13;
33500 : 13;
33501 : 17;
33502 : 17;
33503 : 17;
33504 : 17;
33505 : 17;
33506 : 17;
33507 : 17;
33508 : 17;
33509 : 17;
33510 : 17;
33511 : 17;
33512 : 17;
33513 : 17;
33514 : 17;
33515 : 17;
33516 : 17;
33517 : 17;
33518 : 17;
33519 : 17;
33520 : 17;
33521 : 17;
33522 : 17;
33523 : 17;
33524 : 17;
33525 : 13;
33526 : 13;
33527 : 13;
33528 : 13;
33529 : 13;
33530 : 13;
33531 : 13;
33532 : 13;
33533 : 13;
33534 : 13;
33535 : 13;
33536 : 13;
33537 : 13;
33538 : 13;
33539 : 13;
33540 : 13;
33541 : 13;
33542 : 13;
33543 : 13;
33544 : 13;
33545 : 13;
33546 : 13;
33547 : 13;
33548 : 13;
33549 : 13;
33550 : 13;
33551 : 13;
33552 : 13;
33553 : 13;
33554 : 13;
33555 : 13;
33556 : 13;
33557 : 13;
33558 : 13;
33559 : 17;
33560 : 17;
33561 : 17;
33562 : 17;
33563 : 17;
33564 : 17;
33565 : 17;
33566 : 17;
33567 : 17;
33568 : 17;
33569 : 17;
33570 : 17;
33571 : 17;
33572 : 17;
33573 : 17;
33574 : 17;
33575 : 17;
33576 : 17;
33577 : 17;
33578 : 17;
33579 : 17;
33580 : 17;
33581 : 17;
33582 : 17;
33583 : 13;
33584 : 13;
33585 : 13;
33586 : 13;
33587 : 13;
33588 : 13;
33589 : 13;
33590 : 13;
33591 : 13;
33592 : 13;
33593 : 13;
33594 : 13;
33595 : 13;
33596 : 13;
33597 : 13;
33598 : 13;
33599 : 13;
33600 : 13;
33601 : 13;
33602 : 13;
33603 : 13;
33604 : 13;
33605 : 13;
33606 : 17;
33607 : 17;
33608 : 17;
33609 : 17;
33610 : 17;
33611 : 13;
33612 : 13;
33613 : 13;
33614 : 13;
33615 : 13;
33616 : 13;
33617 : 13;
33618 : 13;
33619 : 13;
33620 : 17;
33621 : 17;
33622 : 17;
33623 : 17;
33624 : 17;
33625 : 17;
33626 : 17;
33627 : 17;
33628 : 17;
33629 : 17;
33630 : 17;
33631 : 17;
33632 : 17;
33633 : 17;
33634 : 17;
33635 : 17;
33636 : 17;
33637 : 17;
33638 : 17;
33639 : 17;
33640 : 17;
33641 : 17;
33642 : 17;
33643 : 13;
33644 : 17;
33645 : 13;
33646 : 13;
33647 : 13;
33648 : 13;
33649 : 13;
33650 : 13;
33651 : 13;
33652 : 13;
33653 : 13;
33654 : 13;
33655 : 13;
33656 : 13;
33657 : 13;
33658 : 13;
33659 : 13;
33660 : 13;
33661 : 13;
33662 : 13;
33663 : 13;
33664 : 13;
33665 : 13;
33666 : 13;
33667 : 13;
33668 : 13;
33669 : 13;
33670 : 13;
33671 : 13;
33672 : 13;
33673 : 13;
33674 : 13;
33675 : 13;
33676 : 13;
33677 : 17;
33678 : 17;
33679 : 17;
33680 : 17;
33681 : 17;
33682 : 17;
33683 : 17;
33684 : 17;
33685 : 17;
33686 : 17;
33687 : 17;
33688 : 17;
33689 : 17;
33690 : 17;
33691 : 17;
33692 : 17;
33693 : 17;
33694 : 17;
33695 : 17;
33696 : 17;
33697 : 17;
33698 : 17;
33699 : 17;
33700 : 17;
33701 : 17;
33702 : 17;
33703 : 13;
33704 : 13;
33705 : 13;
33706 : 13;
33707 : 13;
33708 : 13;
33709 : 13;
33710 : 13;
33711 : 13;
33712 : 13;
33713 : 13;
33714 : 13;
33715 : 13;
33716 : 13;
33717 : 13;
33718 : 13;
33719 : 13;
33720 : 13;
33721 : 13;
33722 : 13;
33723 : 13;
33724 : 13;
33725 : 13;
33726 : 13;
33727 : 13;
33728 : 13;
33729 : 13;
33730 : 13;
33731 : 13;
33732 : 13;
33733 : 13;
33734 : 13;
33735 : 13;
33736 : 13;
33737 : 13;
33738 : 13;
33739 : 17;
33740 : 17;
33741 : 17;
33742 : 17;
33743 : 17;
33744 : 17;
33745 : 17;
33746 : 17;
33747 : 17;
33748 : 17;
33749 : 17;
33750 : 17;
33751 : 17;
33752 : 17;
33753 : 17;
33754 : 17;
33755 : 17;
33756 : 17;
33757 : 17;
33758 : 17;
33759 : 17;
33760 : 17;
33761 : 17;
33762 : 17;
33763 : 17;
33764 : 17;
33765 : 17;
33766 : 17;
33767 : 13;
33768 : 13;
33769 : 13;
33770 : 13;
33771 : 13;
33772 : 13;
33773 : 13;
33774 : 13;
33775 : 13;
33776 : 13;
33777 : 13;
33778 : 13;
33779 : 13;
33780 : 13;
33781 : 13;
33782 : 13;
33783 : 13;
33784 : 13;
33785 : 13;
33786 : 13;
33787 : 13;
33788 : 13;
33789 : 13;
33790 : 13;
33791 : 13;
33792 : 13;
33793 : 13;
33794 : 13;
33795 : 13;
33796 : 17;
33797 : 17;
33798 : 17;
33799 : 17;
33800 : 17;
33801 : 17;
33802 : 17;
33803 : 17;
33804 : 17;
33805 : 17;
33806 : 17;
33807 : 17;
33808 : 17;
33809 : 17;
33810 : 17;
33811 : 17;
33812 : 17;
33813 : 17;
33814 : 17;
33815 : 17;
33816 : 17;
33817 : 17;
33818 : 17;
33819 : 17;
33820 : 17;
33821 : 17;
33822 : 17;
33823 : 17;
33824 : 17;
33825 : 13;
33826 : 13;
33827 : 13;
33828 : 13;
33829 : 13;
33830 : 13;
33831 : 13;
33832 : 13;
33833 : 13;
33834 : 13;
33835 : 13;
33836 : 13;
33837 : 13;
33838 : 13;
33839 : 13;
33840 : 13;
33841 : 13;
33842 : 13;
33843 : 13;
33844 : 13;
33845 : 17;
33846 : 17;
33847 : 17;
33848 : 17;
33849 : 13;
33850 : 13;
33851 : 17;
33852 : 13;
33853 : 13;
33854 : 13;
33855 : 13;
33856 : 13;
33857 : 13;
33858 : 17;
33859 : 17;
33860 : 17;
33861 : 17;
33862 : 17;
33863 : 17;
33864 : 17;
33865 : 17;
33866 : 17;
33867 : 17;
33868 : 17;
33869 : 17;
33870 : 17;
33871 : 17;
33872 : 17;
33873 : 17;
33874 : 17;
33875 : 17;
33876 : 17;
33877 : 17;
33878 : 17;
33879 : 17;
33880 : 17;
33881 : 17;
33882 : 17;
33883 : 17;
33884 : 13;
33885 : 13;
33886 : 13;
33887 : 13;
33888 : 13;
33889 : 13;
33890 : 13;
33891 : 13;
33892 : 13;
33893 : 13;
33894 : 13;
33895 : 13;
33896 : 13;
33897 : 13;
33898 : 13;
33899 : 13;
33900 : 13;
33901 : 13;
33902 : 13;
33903 : 13;
33904 : 13;
33905 : 13;
33906 : 13;
33907 : 13;
33908 : 13;
33909 : 17;
33910 : 13;
33911 : 13;
33912 : 13;
33913 : 13;
33914 : 13;
33915 : 17;
33916 : 17;
33917 : 17;
33918 : 17;
33919 : 17;
33920 : 17;
33921 : 17;
33922 : 17;
33923 : 17;
33924 : 17;
33925 : 17;
33926 : 17;
33927 : 17;
33928 : 17;
33929 : 13;
33930 : 13;
33931 : 13;
33932 : 13;
33933 : 13;
33934 : 13;
33935 : 13;
33936 : 17;
33937 : 17;
33938 : 17;
33939 : 17;
33940 : 17;
33941 : 17;
33942 : 17;
33943 : 17;
33944 : 17;
33945 : 13;
33946 : 13;
33947 : 13;
33948 : 13;
33949 : 13;
33950 : 13;
33951 : 13;
33952 : 13;
33953 : 13;
33954 : 13;
33955 : 13;
33956 : 13;
33957 : 13;
33958 : 13;
33959 : 13;
33960 : 13;
33961 : 13;
33962 : 13;
33963 : 13;
33964 : 13;
33965 : 13;
33966 : 13;
33967 : 13;
33968 : 13;
33969 : 13;
33970 : 13;
33971 : 13;
33972 : 13;
33973 : 13;
33974 : 13;
33975 : 13;
33976 : 17;
33977 : 17;
33978 : 17;
33979 : 17;
33980 : 17;
33981 : 17;
33982 : 17;
33983 : 17;
33984 : 17;
33985 : 17;
33986 : 17;
33987 : 17;
33988 : 17;
33989 : 17;
33990 : 17;
33991 : 17;
33992 : 13;
33993 : 13;
33994 : 17;
33995 : 13;
33996 : 13;
33997 : 13;
33998 : 13;
33999 : 13;
34000 : 13;
34001 : 17;
34002 : 17;
34003 : 17;
34004 : 17;
34005 : 17;
34006 : 17;
34007 : 17;
34008 : 17;
34009 : 13;
34010 : 13;
34011 : 13;
34012 : 13;
34013 : 13;
34014 : 13;
34015 : 13;
34016 : 13;
34017 : 13;
34018 : 13;
34019 : 13;
34020 : 13;
34021 : 13;
34022 : 13;
34023 : 13;
34024 : 13;
34025 : 13;
34026 : 13;
34027 : 13;
34028 : 13;
34029 : 13;
34030 : 13;
34031 : 13;
34032 : 13;
34033 : 13;
34034 : 13;
34035 : 17;
34036 : 17;
34037 : 17;
34038 : 17;
34039 : 17;
34040 : 17;
34041 : 17;
34042 : 17;
34043 : 17;
34044 : 17;
34045 : 17;
34046 : 17;
34047 : 17;
34048 : 17;
34049 : 17;
34050 : 17;
34051 : 13;
34052 : 17;
34053 : 13;
34054 : 13;
34055 : 13;
34056 : 13;
34057 : 17;
34058 : 17;
34059 : 17;
34060 : 17;
34061 : 17;
34062 : 17;
34063 : 17;
34064 : 17;
34065 : 17;
34066 : 17;
34067 : 13;
34068 : 13;
34069 : 13;
34070 : 13;
34071 : 13;
34072 : 13;
34073 : 13;
34074 : 13;
34075 : 13;
34076 : 13;
34077 : 13;
34078 : 13;
34079 : 13;
34080 : 13;
34081 : 13;
34082 : 13;
34083 : 13;
34084 : 13;
34085 : 17;
34086 : 17;
34087 : 17;
34088 : 13;
34089 : 13;
34090 : 13;
34091 : 13;
34092 : 13;
34093 : 13;
34094 : 13;
34095 : 13;
34096 : 17;
34097 : 17;
34098 : 17;
34099 : 17;
34100 : 17;
34101 : 17;
34102 : 17;
34103 : 17;
34104 : 17;
34105 : 17;
34106 : 17;
34107 : 17;
34108 : 17;
34109 : 17;
34110 : 17;
34111 : 17;
34112 : 17;
34113 : 17;
34114 : 17;
34115 : 17;
34116 : 17;
34117 : 17;
34118 : 17;
34119 : 17;
34120 : 17;
34121 : 17;
34122 : 17;
34123 : 17;
34124 : 17;
34125 : 17;
34126 : 13;
34127 : 13;
34128 : 13;
34129 : 13;
34130 : 13;
34131 : 13;
34132 : 13;
34133 : 13;
34134 : 13;
34135 : 13;
34136 : 13;
34137 : 13;
34138 : 13;
34139 : 13;
34140 : 13;
34141 : 13;
34142 : 13;
34143 : 13;
34144 : 13;
34145 : 13;
34146 : 13;
34147 : 13;
34148 : 13;
34149 : 13;
34150 : 13;
34151 : 13;
34152 : 13;
34153 : 13;
34154 : 17;
34155 : 17;
34156 : 17;
34157 : 17;
34158 : 17;
34159 : 17;
34160 : 17;
34161 : 17;
34162 : 17;
34163 : 17;
34164 : 17;
34165 : 17;
34166 : 13;
34167 : 17;
34168 : 17;
34169 : 13;
34170 : 13;
34171 : 17;
34172 : 13;
34173 : 13;
34174 : 13;
34175 : 13;
34176 : 13;
34177 : 13;
34178 : 13;
34179 : 17;
34180 : 17;
34181 : 17;
34182 : 17;
34183 : 17;
34184 : 17;
34185 : 17;
34186 : 13;
34187 : 13;
34188 : 13;
34189 : 13;
34190 : 13;
34191 : 13;
34192 : 13;
34193 : 13;
34194 : 13;
34195 : 13;
34196 : 13;
34197 : 13;
34198 : 13;
34199 : 13;
34200 : 13;
34201 : 13;
34202 : 13;
34203 : 13;
34204 : 13;
34205 : 13;
34206 : 13;
34207 : 13;
34208 : 13;
34209 : 13;
34210 : 13;
34211 : 13;
34212 : 13;
34213 : 13;
34214 : 17;
34215 : 17;
34216 : 17;
34217 : 17;
34218 : 17;
34219 : 17;
34220 : 17;
34221 : 17;
34222 : 17;
34223 : 17;
34224 : 17;
34225 : 17;
34226 : 17;
34227 : 17;
34228 : 13;
34229 : 13;
34230 : 13;
34231 : 13;
34232 : 13;
34233 : 13;
34234 : 13;
34235 : 13;
34236 : 13;
34237 : 13;
34238 : 13;
34239 : 13;
34240 : 13;
34241 : 13;
34242 : 13;
34243 : 13;
34244 : 17;
34245 : 17;
34246 : 17;
34247 : 17;
34248 : 17;
34249 : 17;
34250 : 13;
34251 : 13;
34252 : 13;
34253 : 13;
34254 : 13;
34255 : 13;
34256 : 13;
34257 : 13;
34258 : 13;
34259 : 13;
34260 : 13;
34261 : 13;
34262 : 13;
34263 : 13;
34264 : 13;
34265 : 13;
34266 : 13;
34267 : 13;
34268 : 13;
34269 : 13;
34270 : 13;
34271 : 13;
34272 : 13;
34273 : 13;
34274 : 17;
34275 : 17;
34276 : 17;
34277 : 17;
34278 : 17;
34279 : 17;
34280 : 17;
34281 : 17;
34282 : 17;
34283 : 17;
34284 : 17;
34285 : 17;
34286 : 17;
34287 : 17;
34288 : 13;
34289 : 13;
34290 : 13;
34291 : 13;
34292 : 13;
34293 : 13;
34294 : 13;
34295 : 13;
34296 : 13;
34297 : 13;
34298 : 13;
34299 : 13;
34300 : 17;
34301 : 17;
34302 : 17;
34303 : 17;
34304 : 17;
34305 : 17;
34306 : 17;
34307 : 17;
34308 : 17;
34309 : 17;
34310 : 13;
34311 : 13;
34312 : 13;
34313 : 13;
34314 : 13;
34315 : 13;
34316 : 13;
34317 : 13;
34318 : 13;
34319 : 13;
34320 : 17;
34321 : 17;
34322 : 13;
34323 : 17;
34324 : 17;
34325 : 13;
34326 : 17;
34327 : 17;
34328 : 13;
34329 : 13;
34330 : 13;
34331 : 13;
34332 : 13;
34333 : 13;
34334 : 17;
34335 : 17;
34336 : 17;
34337 : 17;
34338 : 17;
34339 : 17;
34340 : 17;
34341 : 17;
34342 : 17;
34343 : 17;
34344 : 17;
34345 : 17;
34346 : 17;
34347 : 17;
34348 : 17;
34349 : 17;
34350 : 17;
34351 : 17;
34352 : 17;
34353 : 17;
34354 : 17;
34355 : 17;
34356 : 17;
34357 : 17;
34358 : 17;
34359 : 17;
34360 : 17;
34361 : 17;
34362 : 17;
34363 : 17;
34364 : 17;
34365 : 17;
34366 : 17;
34367 : 13;
34368 : 13;
34369 : 13;
34370 : 13;
34371 : 13;
34372 : 13;
34373 : 13;
34374 : 13;
34375 : 13;
34376 : 13;
34377 : 13;
34378 : 13;
34379 : 13;
34380 : 13;
34381 : 13;
34382 : 13;
34383 : 13;
34384 : 13;
34385 : 13;
34386 : 13;
34387 : 13;
34388 : 13;
34389 : 13;
34390 : 13;
34391 : 13;
34392 : 17;
34393 : 17;
34394 : 17;
34395 : 17;
34396 : 17;
34397 : 17;
34398 : 17;
34399 : 17;
34400 : 17;
34401 : 17;
34402 : 17;
34403 : 17;
34404 : 17;
34405 : 13;
34406 : 13;
34407 : 17;
34408 : 17;
34409 : 17;
34410 : 13;
34411 : 13;
34412 : 13;
34413 : 13;
34414 : 13;
34415 : 13;
34416 : 13;
34417 : 13;
34418 : 13;
34419 : 17;
34420 : 17;
34421 : 17;
34422 : 17;
34423 : 17;
34424 : 17;
34425 : 17;
34426 : 17;
34427 : 17;
34428 : 13;
34429 : 13;
34430 : 13;
34431 : 13;
34432 : 13;
34433 : 13;
34434 : 13;
34435 : 13;
34436 : 13;
34437 : 13;
34438 : 13;
34439 : 13;
34440 : 13;
34441 : 13;
34442 : 13;
34443 : 13;
34444 : 13;
34445 : 13;
34446 : 13;
34447 : 13;
34448 : 13;
34449 : 13;
34450 : 13;
34451 : 13;
34452 : 17;
34453 : 17;
34454 : 17;
34455 : 17;
34456 : 17;
34457 : 17;
34458 : 17;
34459 : 17;
34460 : 17;
34461 : 17;
34462 : 17;
34463 : 17;
34464 : 17;
34465 : 13;
34466 : 13;
34467 : 13;
34468 : 13;
34469 : 13;
34470 : 13;
34471 : 13;
34472 : 13;
34473 : 13;
34474 : 13;
34475 : 13;
34476 : 13;
34477 : 13;
34478 : 13;
34479 : 17;
34480 : 17;
34481 : 13;
34482 : 13;
34483 : 13;
34484 : 13;
34485 : 13;
34486 : 17;
34487 : 17;
34488 : 17;
34489 : 17;
34490 : 17;
34491 : 17;
34492 : 17;
34493 : 17;
34494 : 13;
34495 : 13;
34496 : 13;
34497 : 13;
34498 : 13;
34499 : 13;
34500 : 13;
34501 : 13;
34502 : 13;
34503 : 13;
34504 : 13;
34505 : 13;
34506 : 13;
34507 : 13;
34508 : 13;
34509 : 17;
34510 : 17;
34511 : 17;
34512 : 17;
34513 : 17;
34514 : 17;
34515 : 17;
34516 : 17;
34517 : 17;
34518 : 17;
34519 : 17;
34520 : 17;
34521 : 17;
34522 : 17;
34523 : 17;
34524 : 17;
34525 : 17;
34526 : 17;
34527 : 17;
34528 : 13;
34529 : 13;
34530 : 13;
34531 : 13;
34532 : 13;
34533 : 13;
34534 : 13;
34535 : 13;
34536 : 13;
34537 : 13;
34538 : 13;
34539 : 13;
34540 : 13;
34541 : 13;
34542 : 17;
34543 : 17;
34544 : 17;
34545 : 17;
34546 : 17;
34547 : 17;
34548 : 17;
34549 : 17;
34550 : 17;
34551 : 17;
34552 : 13;
34553 : 13;
34554 : 13;
34555 : 13;
34556 : 13;
34557 : 13;
34558 : 13;
34559 : 13;
34560 : 13;
34561 : 13;
34562 : 13;
34563 : 13;
34564 : 13;
34565 : 13;
34566 : 13;
34567 : 13;
34568 : 13;
34569 : 13;
34570 : 17;
34571 : 17;
34572 : 17;
34573 : 17;
34574 : 17;
34575 : 17;
34576 : 17;
34577 : 17;
34578 : 17;
34579 : 17;
34580 : 17;
34581 : 17;
34582 : 17;
34583 : 17;
34584 : 17;
34585 : 17;
34586 : 17;
34587 : 13;
34588 : 13;
34589 : 13;
34590 : 13;
34591 : 13;
34592 : 13;
34593 : 17;
34594 : 13;
34595 : 13;
34596 : 17;
34597 : 17;
34598 : 17;
34599 : 17;
34600 : 17;
34601 : 17;
34602 : 17;
34603 : 17;
34604 : 17;
34605 : 17;
34606 : 17;
34607 : 17;
34608 : 13;
34609 : 17;
34610 : 17;
34611 : 13;
34612 : 13;
34613 : 13;
34614 : 17;
34615 : 13;
34616 : 13;
34617 : 13;
34618 : 13;
34619 : 13;
34620 : 13;
34621 : 13;
34622 : 13;
34623 : 13;
34624 : 13;
34625 : 13;
34626 : 13;
34627 : 13;
34628 : 13;
34629 : 17;
34630 : 17;
34631 : 17;
34632 : 17;
34633 : 17;
34634 : 17;
34635 : 17;
34636 : 17;
34637 : 17;
34638 : 17;
34639 : 17;
34640 : 17;
34641 : 13;
34642 : 17;
34643 : 13;
34644 : 13;
34645 : 13;
34646 : 13;
34647 : 17;
34648 : 13;
34649 : 13;
34650 : 13;
34651 : 13;
34652 : 13;
34653 : 13;
34654 : 13;
34655 : 13;
34656 : 13;
34657 : 13;
34658 : 13;
34659 : 13;
34660 : 13;
34661 : 13;
34662 : 13;
34663 : 13;
34664 : 17;
34665 : 17;
34666 : 17;
34667 : 17;
34668 : 17;
34669 : 17;
34670 : 17;
34671 : 13;
34672 : 13;
34673 : 13;
34674 : 13;
34675 : 13;
34676 : 13;
34677 : 13;
34678 : 13;
34679 : 13;
34680 : 13;
34681 : 13;
34682 : 13;
34683 : 13;
34684 : 13;
34685 : 13;
34686 : 13;
34687 : 13;
34688 : 13;
34689 : 13;
34690 : 13;
34691 : 17;
34692 : 17;
34693 : 17;
34694 : 17;
34695 : 17;
34696 : 17;
34697 : 17;
34698 : 17;
34699 : 17;
34700 : 17;
34701 : 17;
34702 : 17;
34703 : 13;
34704 : 13;
34705 : 13;
34706 : 13;
34707 : 13;
34708 : 13;
34709 : 13;
34710 : 13;
34711 : 13;
34712 : 13;
34713 : 13;
34714 : 13;
34715 : 13;
34716 : 13;
34717 : 13;
34718 : 13;
34719 : 13;
34720 : 13;
34721 : 13;
34722 : 13;
34723 : 17;
34724 : 13;
34725 : 13;
34726 : 13;
34727 : 13;
34728 : 17;
34729 : 17;
34730 : 17;
34731 : 17;
34732 : 17;
34733 : 17;
34734 : 17;
34735 : 17;
34736 : 13;
34737 : 13;
34738 : 13;
34739 : 13;
34740 : 13;
34741 : 13;
34742 : 13;
34743 : 13;
34744 : 13;
34745 : 13;
34746 : 13;
34747 : 17;
34748 : 17;
34749 : 17;
34750 : 17;
34751 : 17;
34752 : 17;
34753 : 17;
34754 : 17;
34755 : 17;
34756 : 17;
34757 : 17;
34758 : 17;
34759 : 17;
34760 : 17;
34761 : 17;
34762 : 13;
34763 : 13;
34764 : 13;
34765 : 13;
34766 : 13;
34767 : 13;
34768 : 13;
34769 : 13;
34770 : 13;
34771 : 13;
34772 : 13;
34773 : 13;
34774 : 13;
34775 : 17;
34776 : 13;
34777 : 13;
34778 : 13;
34779 : 13;
34780 : 13;
34781 : 13;
34782 : 13;
34783 : 13;
34784 : 13;
34785 : 17;
34786 : 17;
34787 : 17;
34788 : 17;
34789 : 17;
34790 : 17;
34791 : 17;
34792 : 17;
34793 : 17;
34794 : 13;
34795 : 13;
34796 : 13;
34797 : 13;
34798 : 13;
34799 : 17;
34800 : 13;
34801 : 17;
34802 : 17;
34803 : 17;
34804 : 13;
34805 : 13;
34806 : 13;
34807 : 13;
34808 : 17;
34809 : 17;
34810 : 17;
34811 : 17;
34812 : 17;
34813 : 17;
34814 : 17;
34815 : 17;
34816 : 17;
34817 : 17;
34818 : 17;
34819 : 17;
34820 : 13;
34821 : 13;
34822 : 13;
34823 : 13;
34824 : 13;
34825 : 17;
34826 : 13;
34827 : 13;
34828 : 13;
34829 : 13;
34830 : 13;
34831 : 13;
34832 : 13;
34833 : 13;
34834 : 13;
34835 : 13;
34836 : 13;
34837 : 17;
34838 : 17;
34839 : 17;
34840 : 17;
34841 : 17;
34842 : 17;
34843 : 17;
34844 : 17;
34845 : 17;
34846 : 17;
34847 : 17;
34848 : 17;
34849 : 17;
34850 : 17;
34851 : 13;
34852 : 13;
34853 : 13;
34854 : 13;
34855 : 13;
34856 : 13;
34857 : 13;
34858 : 13;
34859 : 13;
34860 : 13;
34861 : 13;
34862 : 13;
34863 : 13;
34864 : 13;
34865 : 13;
34866 : 17;
34867 : 17;
34868 : 17;
34869 : 17;
34870 : 17;
34871 : 17;
34872 : 17;
34873 : 17;
34874 : 17;
34875 : 17;
34876 : 17;
34877 : 17;
34878 : 13;
34879 : 13;
34880 : 13;
34881 : 13;
34882 : 13;
34883 : 13;
34884 : 13;
34885 : 13;
34886 : 13;
34887 : 13;
34888 : 13;
34889 : 13;
34890 : 13;
34891 : 13;
34892 : 13;
34893 : 13;
34894 : 13;
34895 : 13;
34896 : 13;
34897 : 13;
34898 : 13;
34899 : 13;
34900 : 13;
34901 : 13;
34902 : 13;
34903 : 13;
34904 : 13;
34905 : 13;
34906 : 17;
34907 : 17;
34908 : 17;
34909 : 17;
34910 : 17;
34911 : 17;
34912 : 17;
34913 : 13;
34914 : 13;
34915 : 13;
34916 : 13;
34917 : 13;
34918 : 13;
34919 : 13;
34920 : 13;
34921 : 13;
34922 : 13;
34923 : 13;
34924 : 13;
34925 : 13;
34926 : 13;
34927 : 13;
34928 : 17;
34929 : 17;
34930 : 17;
34931 : 17;
34932 : 17;
34933 : 17;
34934 : 17;
34935 : 17;
34936 : 17;
34937 : 17;
34938 : 17;
34939 : 17;
34940 : 17;
34941 : 13;
34942 : 13;
34943 : 13;
34944 : 13;
34945 : 13;
34946 : 13;
34947 : 13;
34948 : 13;
34949 : 13;
34950 : 13;
34951 : 13;
34952 : 13;
34953 : 13;
34954 : 13;
34955 : 13;
34956 : 13;
34957 : 13;
34958 : 13;
34959 : 13;
34960 : 13;
34961 : 13;
34962 : 13;
34963 : 13;
34964 : 13;
34965 : 17;
34966 : 13;
34967 : 13;
34968 : 13;
34969 : 13;
34970 : 13;
34971 : 17;
34972 : 17;
34973 : 17;
34974 : 17;
34975 : 17;
34976 : 17;
34977 : 13;
34978 : 13;
34979 : 13;
34980 : 13;
34981 : 17;
34982 : 17;
34983 : 17;
34984 : 17;
34985 : 17;
34986 : 17;
34987 : 17;
34988 : 17;
34989 : 17;
34990 : 17;
34991 : 17;
34992 : 17;
34993 : 17;
34994 : 17;
34995 : 17;
34996 : 17;
34997 : 17;
34998 : 17;
34999 : 17;
35000 : 13;
35001 : 13;
35002 : 13;
35003 : 17;
35004 : 13;
35005 : 13;
35006 : 13;
35007 : 13;
35008 : 13;
35009 : 13;
35010 : 13;
35011 : 13;
35012 : 13;
35013 : 13;
35014 : 13;
35015 : 13;
35016 : 13;
35017 : 13;
35018 : 13;
35019 : 13;
35020 : 13;
35021 : 13;
35022 : 13;
35023 : 17;
35024 : 17;
35025 : 13;
35026 : 17;
35027 : 17;
35028 : 17;
35029 : 17;
35030 : 17;
35031 : 17;
35032 : 17;
35033 : 17;
35034 : 17;
35035 : 17;
35036 : 17;
35037 : 17;
35038 : 17;
35039 : 13;
35040 : 17;
35041 : 17;
35042 : 17;
35043 : 17;
35044 : 17;
35045 : 17;
35046 : 17;
35047 : 17;
35048 : 17;
35049 : 17;
35050 : 17;
35051 : 17;
35052 : 17;
35053 : 17;
35054 : 17;
35055 : 17;
35056 : 17;
35057 : 17;
35058 : 17;
35059 : 17;
35060 : 17;
35061 : 13;
35062 : 13;
35063 : 13;
35064 : 17;
35065 : 17;
35066 : 13;
35067 : 13;
35068 : 13;
35069 : 13;
35070 : 13;
35071 : 17;
35072 : 17;
35073 : 13;
35074 : 13;
35075 : 13;
35076 : 13;
35077 : 13;
35078 : 17;
35079 : 17;
35080 : 17;
35081 : 13;
35082 : 13;
35083 : 17;
35084 : 17;
35085 : 17;
35086 : 17;
35087 : 17;
35088 : 17;
35089 : 17;
35090 : 17;
35091 : 17;
35092 : 17;
35093 : 13;
35094 : 17;
35095 : 17;
35096 : 17;
35097 : 17;
35098 : 17;
35099 : 17;
35100 : 13;
35101 : 13;
35102 : 17;
35103 : 17;
35104 : 17;
35105 : 17;
35106 : 17;
35107 : 17;
35108 : 17;
35109 : 17;
35110 : 17;
35111 : 17;
35112 : 17;
35113 : 17;
35114 : 17;
35115 : 17;
35116 : 13;
35117 : 13;
35118 : 13;
35119 : 13;
35120 : 13;
35121 : 13;
35122 : 13;
35123 : 17;
35124 : 17;
35125 : 13;
35126 : 13;
35127 : 13;
35128 : 17;
35129 : 17;
35130 : 13;
35131 : 13;
35132 : 17;
35133 : 13;
35134 : 13;
35135 : 13;
35136 : 13;
35137 : 13;
35138 : 13;
35139 : 13;
35140 : 13;
35141 : 17;
35142 : 17;
35143 : 17;
35144 : 17;
35145 : 13;
35146 : 13;
35147 : 17;
35148 : 17;
35149 : 17;
35150 : 17;
35151 : 17;
35152 : 17;
35153 : 17;
35154 : 17;
35155 : 17;
35156 : 13;
35157 : 13;
35158 : 13;
35159 : 13;
35160 : 13;
35161 : 13;
35162 : 13;
35163 : 13;
35164 : 17;
35165 : 17;
35166 : 17;
35167 : 17;
35168 : 17;
35169 : 17;
35170 : 17;
35171 : 17;
35172 : 17;
35173 : 17;
35174 : 17;
35175 : 17;
35176 : 17;
35177 : 17;
35178 : 17;
35179 : 13;
35180 : 13;
35181 : 13;
35182 : 13;
35183 : 13;
35184 : 13;
35185 : 13;
35186 : 13;
35187 : 13;
35188 : 13;
35189 : 13;
35190 : 13;
35191 : 17;
35192 : 13;
35193 : 13;
35194 : 13;
35195 : 13;
35196 : 13;
35197 : 13;
35198 : 13;
35199 : 13;
35200 : 13;
35201 : 13;
35202 : 13;
35203 : 13;
35204 : 13;
35205 : 13;
35206 : 13;
35207 : 13;
35208 : 13;
35209 : 13;
35210 : 13;
35211 : 13;
35212 : 17;
35213 : 17;
35214 : 17;
35215 : 17;
35216 : 17;
35217 : 17;
35218 : 17;
35219 : 17;
35220 : 17;
35221 : 17;
35222 : 17;
35223 : 17;
35224 : 17;
35225 : 17;
35226 : 17;
35227 : 17;
35228 : 17;
35229 : 17;
35230 : 17;
35231 : 17;
35232 : 17;
35233 : 17;
35234 : 17;
35235 : 17;
35236 : 17;
35237 : 17;
35238 : 13;
35239 : 13;
35240 : 13;
35241 : 13;
35242 : 13;
35243 : 13;
35244 : 13;
35245 : 13;
35246 : 17;
35247 : 17;
35248 : 13;
35249 : 13;
35250 : 13;
35251 : 13;
35252 : 13;
35253 : 13;
35254 : 13;
35255 : 13;
35256 : 13;
35257 : 13;
35258 : 13;
35259 : 13;
35260 : 13;
35261 : 13;
35262 : 13;
35263 : 17;
35264 : 13;
35265 : 13;
35266 : 13;
35267 : 13;
35268 : 17;
35269 : 17;
35270 : 17;
35271 : 17;
35272 : 17;
35273 : 17;
35274 : 17;
35275 : 17;
35276 : 17;
35277 : 17;
35278 : 17;
35279 : 17;
35280 : 17;
35281 : 17;
35282 : 17;
35283 : 17;
35284 : 17;
35285 : 17;
35286 : 17;
35287 : 17;
35288 : 17;
35289 : 17;
35290 : 17;
35291 : 17;
35292 : 17;
35293 : 17;
35294 : 17;
35295 : 17;
35296 : 17;
35297 : 17;
35298 : 13;
35299 : 13;
35300 : 17;
35301 : 13;
35302 : 17;
35303 : 17;
35304 : 13;
35305 : 13;
35306 : 13;
35307 : 13;
35308 : 13;
35309 : 13;
35310 : 13;
35311 : 13;
35312 : 13;
35313 : 17;
35314 : 13;
35315 : 13;
35316 : 13;
35317 : 13;
35318 : 13;
35319 : 13;
35320 : 13;
35321 : 13;
35322 : 13;
35323 : 13;
35324 : 17;
35325 : 17;
35326 : 17;
35327 : 17;
35328 : 17;
35329 : 17;
35330 : 17;
35331 : 17;
35332 : 17;
35333 : 17;
35334 : 17;
35335 : 17;
35336 : 17;
35337 : 17;
35338 : 17;
35339 : 17;
35340 : 17;
35341 : 17;
35342 : 17;
35343 : 17;
35344 : 17;
35345 : 17;
35346 : 17;
35347 : 17;
35348 : 17;
35349 : 17;
35350 : 17;
35351 : 17;
35352 : 17;
35353 : 13;
35354 : 13;
35355 : 13;
35356 : 13;
35357 : 13;
35358 : 13;
35359 : 13;
35360 : 13;
35361 : 13;
35362 : 13;
35363 : 13;
35364 : 13;
35365 : 17;
35366 : 13;
35367 : 13;
35368 : 13;
35369 : 13;
35370 : 17;
35371 : 13;
35372 : 13;
35373 : 13;
35374 : 13;
35375 : 13;
35376 : 13;
35377 : 13;
35378 : 13;
35379 : 13;
35380 : 17;
35381 : 17;
35382 : 13;
35383 : 17;
35384 : 17;
35385 : 17;
35386 : 17;
35387 : 13;
35388 : 13;
35389 : 13;
35390 : 17;
35391 : 17;
35392 : 17;
35393 : 17;
35394 : 17;
35395 : 17;
35396 : 17;
35397 : 17;
35398 : 17;
35399 : 17;
35400 : 17;
35401 : 17;
35402 : 17;
35403 : 17;
35404 : 17;
35405 : 17;
35406 : 17;
35407 : 17;
35408 : 17;
35409 : 17;
35410 : 17;
35411 : 17;
35412 : 17;
35413 : 17;
35414 : 17;
35415 : 17;
35416 : 17;
35417 : 13;
35418 : 13;
35419 : 13;
35420 : 13;
35421 : 13;
35422 : 13;
35423 : 13;
35424 : 13;
35425 : 13;
35426 : 13;
35427 : 13;
35428 : 13;
35429 : 13;
35430 : 13;
35431 : 13;
35432 : 13;
35433 : 13;
35434 : 13;
35435 : 13;
35436 : 13;
35437 : 13;
35438 : 13;
35439 : 13;
35440 : 13;
35441 : 13;
35442 : 13;
35443 : 13;
35444 : 13;
35445 : 13;
35446 : 13;
35447 : 13;
35448 : 13;
35449 : 13;
35450 : 13;
35451 : 13;
35452 : 13;
35453 : 13;
35454 : 17;
35455 : 17;
35456 : 17;
35457 : 17;
35458 : 17;
35459 : 17;
35460 : 17;
35461 : 17;
35462 : 17;
35463 : 17;
35464 : 17;
35465 : 17;
35466 : 17;
35467 : 17;
35468 : 17;
35469 : 17;
35470 : 17;
35471 : 17;
35472 : 17;
35473 : 17;
35474 : 17;
35475 : 17;
35476 : 17;
35477 : 13;
35478 : 13;
35479 : 13;
35480 : 13;
35481 : 13;
35482 : 13;
35483 : 13;
35484 : 13;
35485 : 13;
35486 : 13;
35487 : 17;
35488 : 17;
35489 : 17;
35490 : 13;
35491 : 13;
35492 : 13;
35493 : 13;
35494 : 13;
35495 : 13;
35496 : 13;
35497 : 13;
35498 : 13;
35499 : 13;
35500 : 13;
35501 : 13;
35502 : 13;
35503 : 13;
35504 : 13;
35505 : 13;
35506 : 13;
35507 : 13;
35508 : 13;
35509 : 13;
35510 : 17;
35511 : 17;
35512 : 17;
35513 : 17;
35514 : 17;
35515 : 17;
35516 : 17;
35517 : 17;
35518 : 17;
35519 : 17;
35520 : 17;
35521 : 17;
35522 : 17;
35523 : 17;
35524 : 17;
35525 : 17;
35526 : 17;
35527 : 17;
35528 : 17;
35529 : 17;
35530 : 17;
35531 : 17;
35532 : 17;
35533 : 17;
35534 : 17;
35535 : 17;
35536 : 17;
35537 : 17;
35538 : 13;
35539 : 17;
35540 : 13;
35541 : 17;
35542 : 17;
35543 : 17;
35544 : 17;
35545 : 17;
35546 : 13;
35547 : 13;
35548 : 13;
35549 : 13;
35550 : 13;
35551 : 13;
35552 : 13;
35553 : 13;
35554 : 17;
35555 : 13;
35556 : 17;
35557 : 13;
35558 : 17;
35559 : 13;
35560 : 13;
35561 : 13;
35562 : 13;
35563 : 17;
35564 : 17;
35565 : 17;
35566 : 17;
35567 : 17;
35568 : 17;
35569 : 17;
35570 : 17;
35571 : 17;
35572 : 17;
35573 : 17;
35574 : 17;
35575 : 17;
35576 : 17;
35577 : 17;
35578 : 17;
35579 : 17;
35580 : 17;
35581 : 17;
35582 : 17;
35583 : 17;
35584 : 17;
35585 : 17;
35586 : 17;
35587 : 17;
35588 : 17;
35589 : 17;
35590 : 17;
35591 : 17;
35592 : 13;
35593 : 13;
35594 : 13;
35595 : 13;
35596 : 13;
35597 : 13;
35598 : 13;
35599 : 13;
35600 : 13;
35601 : 13;
35602 : 13;
35603 : 13;
35604 : 13;
35605 : 13;
35606 : 13;
35607 : 13;
35608 : 13;
35609 : 17;
35610 : 13;
35611 : 13;
35612 : 13;
35613 : 13;
35614 : 13;
35615 : 13;
35616 : 13;
35617 : 13;
35618 : 13;
35619 : 13;
35620 : 13;
35621 : 13;
35622 : 13;
35623 : 17;
35624 : 17;
35625 : 13;
35626 : 13;
35627 : 13;
35628 : 13;
35629 : 13;
35630 : 13;
35631 : 13;
35632 : 13;
35633 : 17;
35634 : 17;
35635 : 17;
35636 : 17;
35637 : 17;
35638 : 17;
35639 : 17;
35640 : 17;
35641 : 17;
35642 : 17;
35643 : 17;
35644 : 17;
35645 : 17;
35646 : 17;
35647 : 17;
35648 : 17;
35649 : 17;
35650 : 17;
35651 : 17;
35652 : 13;
35653 : 13;
35654 : 13;
35655 : 13;
35656 : 13;
35657 : 13;
35658 : 13;
35659 : 13;
35660 : 13;
35661 : 13;
35662 : 13;
35663 : 13;
35664 : 13;
35665 : 13;
35666 : 13;
35667 : 13;
35668 : 13;
35669 : 13;
35670 : 13;
35671 : 17;
35672 : 17;
35673 : 17;
35674 : 13;
35675 : 13;
35676 : 13;
35677 : 13;
35678 : 13;
35679 : 13;
35680 : 13;
35681 : 13;
35682 : 13;
35683 : 13;
35684 : 13;
35685 : 13;
35686 : 13;
35687 : 13;
35688 : 13;
35689 : 13;
35690 : 13;
35691 : 13;
35692 : 13;
35693 : 17;
35694 : 13;
35695 : 13;
35696 : 13;
35697 : 13;
35698 : 17;
35699 : 17;
35700 : 17;
35701 : 17;
35702 : 17;
35703 : 17;
35704 : 17;
35705 : 17;
35706 : 17;
35707 : 17;
35708 : 17;
35709 : 17;
35710 : 17;
35711 : 17;
35712 : 17;
35713 : 17;
35714 : 17;
35715 : 13;
35716 : 13;
35717 : 13;
35718 : 13;
35719 : 13;
35720 : 13;
35721 : 13;
35722 : 13;
35723 : 13;
35724 : 13;
35725 : 17;
35726 : 17;
35727 : 17;
35728 : 17;
35729 : 17;
35730 : 17;
35731 : 17;
35732 : 17;
35733 : 13;
35734 : 13;
35735 : 13;
35736 : 13;
35737 : 13;
35738 : 13;
35739 : 13;
35740 : 13;
35741 : 13;
35742 : 13;
35743 : 13;
35744 : 13;
35745 : 13;
35746 : 13;
35747 : 17;
35748 : 13;
35749 : 13;
35750 : 17;
35751 : 17;
35752 : 17;
35753 : 17;
35754 : 17;
35755 : 17;
35756 : 17;
35757 : 17;
35758 : 17;
35759 : 17;
35760 : 17;
35761 : 17;
35762 : 17;
35763 : 17;
35764 : 17;
35765 : 17;
35766 : 17;
35767 : 17;
35768 : 17;
35769 : 17;
35770 : 17;
35771 : 17;
35772 : 17;
35773 : 17;
35774 : 17;
35775 : 17;
35776 : 17;
35777 : 13;
35778 : 13;
35779 : 13;
35780 : 17;
35781 : 17;
35782 : 13;
35783 : 17;
35784 : 17;
35785 : 13;
35786 : 13;
35787 : 13;
35788 : 13;
35789 : 13;
35790 : 13;
35791 : 13;
35792 : 13;
35793 : 13;
35794 : 17;
35795 : 13;
35796 : 17;
35797 : 13;
35798 : 13;
35799 : 17;
35800 : 17;
35801 : 17;
35802 : 13;
35803 : 17;
35804 : 17;
35805 : 17;
35806 : 17;
35807 : 17;
35808 : 17;
35809 : 17;
35810 : 17;
35811 : 17;
35812 : 17;
35813 : 17;
35814 : 17;
35815 : 17;
35816 : 17;
35817 : 17;
35818 : 17;
35819 : 17;
35820 : 17;
35821 : 17;
35822 : 17;
35823 : 17;
35824 : 17;
35825 : 17;
35826 : 17;
35827 : 17;
35828 : 17;
35829 : 13;
35830 : 13;
35831 : 17;
35832 : 17;
35833 : 13;
35834 : 13;
35835 : 13;
35836 : 13;
35837 : 13;
35838 : 13;
35839 : 13;
35840 : 13;
35841 : 13;
35842 : 13;
35843 : 13;
35844 : 13;
35845 : 13;
35846 : 13;
35847 : 13;
35848 : 13;
35849 : 13;
35850 : 13;
35851 : 13;
35852 : 13;
35853 : 13;
35854 : 13;
35855 : 13;
35856 : 13;
35857 : 13;
35858 : 13;
35859 : 13;
35860 : 13;
35861 : 13;
35862 : 13;
35863 : 13;
35864 : 13;
35865 : 13;
35866 : 13;
35867 : 13;
35868 : 13;
35869 : 13;
35870 : 13;
35871 : 13;
35872 : 13;
35873 : 13;
35874 : 17;
35875 : 13;
35876 : 13;
35877 : 13;
35878 : 17;
35879 : 17;
35880 : 17;
35881 : 17;
35882 : 17;
35883 : 17;
35884 : 17;
35885 : 17;
35886 : 17;
35887 : 17;
35888 : 13;
35889 : 13;
35890 : 13;
35891 : 13;
35892 : 13;
35893 : 13;
35894 : 13;
35895 : 13;
35896 : 13;
35897 : 13;
35898 : 13;
35899 : 13;
35900 : 13;
35901 : 13;
35902 : 13;
35903 : 17;
35904 : 17;
35905 : 17;
35906 : 17;
35907 : 17;
35908 : 17;
35909 : 17;
35910 : 17;
35911 : 17;
35912 : 17;
35913 : 17;
35914 : 13;
35915 : 13;
35916 : 13;
35917 : 13;
35918 : 13;
35919 : 13;
35920 : 13;
35921 : 13;
35922 : 13;
35923 : 13;
35924 : 13;
35925 : 13;
35926 : 13;
35927 : 13;
35928 : 13;
35929 : 13;
35930 : 13;
35931 : 13;
35932 : 13;
35933 : 13;
35934 : 13;
35935 : 13;
35936 : 13;
35937 : 13;
35938 : 13;
35939 : 13;
35940 : 13;
35941 : 13;
35942 : 17;
35943 : 17;
35944 : 17;
35945 : 17;
35946 : 17;
35947 : 17;
35948 : 17;
35949 : 17;
35950 : 13;
35951 : 17;
35952 : 17;
35953 : 13;
35954 : 13;
35955 : 17;
35956 : 17;
35957 : 17;
35958 : 13;
35959 : 13;
35960 : 17;
35961 : 17;
35962 : 17;
35963 : 17;
35964 : 17;
35965 : 17;
35966 : 17;
35967 : 17;
35968 : 17;
35969 : 17;
35970 : 17;
35971 : 17;
35972 : 17;
35973 : 17;
35974 : 17;
35975 : 13;
35976 : 13;
35977 : 13;
35978 : 13;
35979 : 13;
35980 : 13;
35981 : 13;
35982 : 13;
35983 : 13;
35984 : 13;
35985 : 13;
35986 : 13;
35987 : 13;
35988 : 13;
35989 : 13;
35990 : 17;
35991 : 17;
35992 : 13;
35993 : 17;
35994 : 17;
35995 : 17;
35996 : 17;
35997 : 17;
35998 : 17;
35999 : 17;
36000 : 17;
36001 : 17;
36002 : 17;
36003 : 17;
36004 : 17;
36005 : 17;
36006 : 17;
36007 : 17;
36008 : 13;
36009 : 17;
36010 : 17;
36011 : 17;
36012 : 17;
36013 : 17;
36014 : 17;
36015 : 17;
36016 : 13;
36017 : 13;
36018 : 13;
36019 : 13;
36020 : 13;
36021 : 17;
36022 : 17;
36023 : 17;
36024 : 17;
36025 : 17;
36026 : 17;
36027 : 17;
36028 : 17;
36029 : 17;
36030 : 13;
36031 : 13;
36032 : 13;
36033 : 17;
36034 : 13;
36035 : 13;
36036 : 17;
36037 : 17;
36038 : 17;
36039 : 17;
36040 : 17;
36041 : 17;
36042 : 17;
36043 : 13;
36044 : 17;
36045 : 17;
36046 : 13;
36047 : 13;
36048 : 17;
36049 : 13;
36050 : 13;
36051 : 17;
36052 : 17;
36053 : 17;
36054 : 17;
36055 : 17;
36056 : 17;
36057 : 17;
36058 : 17;
36059 : 17;
36060 : 17;
36061 : 17;
36062 : 17;
36063 : 17;
36064 : 17;
36065 : 13;
36066 : 13;
36067 : 13;
36068 : 13;
36069 : 13;
36070 : 13;
36071 : 17;
36072 : 13;
36073 : 13;
36074 : 13;
36075 : 13;
36076 : 13;
36077 : 13;
36078 : 17;
36079 : 17;
36080 : 17;
36081 : 17;
36082 : 17;
36083 : 17;
36084 : 17;
36085 : 17;
36086 : 17;
36087 : 17;
36088 : 17;
36089 : 17;
36090 : 17;
36091 : 13;
36092 : 13;
36093 : 13;
36094 : 13;
36095 : 13;
36096 : 13;
36097 : 13;
36098 : 13;
36099 : 13;
36100 : 13;
36101 : 13;
36102 : 13;
36103 : 13;
36104 : 13;
36105 : 13;
36106 : 13;
36107 : 13;
36108 : 13;
36109 : 13;
36110 : 13;
36111 : 13;
36112 : 13;
36113 : 13;
36114 : 13;
36115 : 13;
36116 : 13;
36117 : 13;
36118 : 13;
36119 : 13;
36120 : 13;
36121 : 13;
36122 : 13;
36123 : 13;
36124 : 13;
36125 : 13;
36126 : 13;
36127 : 13;
36128 : 13;
36129 : 13;
36130 : 13;
36131 : 13;
36132 : 13;
36133 : 13;
36134 : 13;
36135 : 13;
36136 : 13;
36137 : 13;
36138 : 13;
36139 : 13;
36140 : 17;
36141 : 17;
36142 : 17;
36143 : 17;
36144 : 17;
36145 : 17;
36146 : 17;
36147 : 17;
36148 : 17;
36149 : 17;
36150 : 17;
36151 : 17;
36152 : 17;
36153 : 17;
36154 : 17;
36155 : 17;
36156 : 17;
36157 : 17;
36158 : 13;
36159 : 13;
36160 : 13;
36161 : 13;
36162 : 13;
36163 : 13;
36164 : 13;
36165 : 13;
36166 : 13;
36167 : 13;
36168 : 13;
36169 : 13;
36170 : 13;
36171 : 13;
36172 : 13;
36173 : 13;
36174 : 13;
36175 : 13;
36176 : 13;
36177 : 13;
36178 : 13;
36179 : 13;
36180 : 13;
36181 : 13;
36182 : 13;
36183 : 13;
36184 : 13;
36185 : 13;
36186 : 13;
36187 : 13;
36188 : 13;
36189 : 13;
36190 : 13;
36191 : 13;
36192 : 13;
36193 : 13;
36194 : 13;
36195 : 13;
36196 : 13;
36197 : 13;
36198 : 17;
36199 : 17;
36200 : 17;
36201 : 17;
36202 : 17;
36203 : 17;
36204 : 17;
36205 : 17;
36206 : 17;
36207 : 17;
36208 : 17;
36209 : 17;
36210 : 17;
36211 : 17;
36212 : 17;
36213 : 17;
36214 : 17;
36215 : 17;
36216 : 17;
36217 : 17;
36218 : 13;
36219 : 13;
36220 : 13;
36221 : 13;
36222 : 13;
36223 : 13;
36224 : 13;
36225 : 13;
36226 : 13;
36227 : 13;
36228 : 13;
36229 : 13;
36230 : 13;
36231 : 13;
36232 : 13;
36233 : 13;
36234 : 13;
36235 : 17;
36236 : 17;
36237 : 17;
36238 : 17;
36239 : 17;
36240 : 17;
36241 : 17;
36242 : 17;
36243 : 17;
36244 : 17;
36245 : 17;
36246 : 17;
36247 : 17;
36248 : 17;
36249 : 17;
36250 : 17;
36251 : 17;
36252 : 17;
36253 : 17;
36254 : 13;
36255 : 17;
36256 : 17;
36257 : 13;
36258 : 13;
36259 : 17;
36260 : 17;
36261 : 17;
36262 : 17;
36263 : 17;
36264 : 17;
36265 : 17;
36266 : 17;
36267 : 17;
36268 : 17;
36269 : 17;
36270 : 17;
36271 : 17;
36272 : 17;
36273 : 17;
36274 : 13;
36275 : 17;
36276 : 17;
36277 : 17;
36278 : 17;
36279 : 17;
36280 : 17;
36281 : 17;
36282 : 17;
36283 : 17;
36284 : 17;
36285 : 17;
36286 : 17;
36287 : 17;
36288 : 17;
36289 : 13;
36290 : 17;
36291 : 13;
36292 : 17;
36293 : 17;
36294 : 13;
36295 : 17;
36296 : 13;
36297 : 17;
36298 : 17;
36299 : 17;
36300 : 17;
36301 : 13;
36302 : 13;
36303 : 13;
36304 : 13;
36305 : 13;
36306 : 13;
36307 : 17;
36308 : 17;
36309 : 17;
36310 : 13;
36311 : 17;
36312 : 13;
36313 : 13;
36314 : 13;
36315 : 13;
36316 : 17;
36317 : 17;
36318 : 17;
36319 : 17;
36320 : 17;
36321 : 17;
36322 : 17;
36323 : 17;
36324 : 17;
36325 : 17;
36326 : 17;
36327 : 17;
36328 : 17;
36329 : 17;
36330 : 17;
36331 : 17;
36332 : 17;
36333 : 17;
36334 : 17;
36335 : 13;
36336 : 17;
36337 : 13;
36338 : 17;
36339 : 13;
36340 : 13;
36341 : 13;
36342 : 13;
36343 : 13;
36344 : 13;
36345 : 17;
36346 : 13;
36347 : 13;
36348 : 13;
36349 : 13;
36350 : 13;
36351 : 13;
36352 : 13;
36353 : 13;
36354 : 13;
36355 : 13;
36356 : 13;
36357 : 13;
36358 : 17;
36359 : 13;
36360 : 13;
36361 : 13;
36362 : 13;
36363 : 13;
36364 : 13;
36365 : 13;
36366 : 13;
36367 : 13;
36368 : 13;
36369 : 13;
36370 : 13;
36371 : 13;
36372 : 13;
36373 : 13;
36374 : 13;
36375 : 13;
36376 : 13;
36377 : 13;
36378 : 13;
36379 : 17;
36380 : 17;
36381 : 17;
36382 : 17;
36383 : 17;
36384 : 17;
36385 : 17;
36386 : 17;
36387 : 17;
36388 : 17;
36389 : 17;
36390 : 17;
36391 : 17;
36392 : 17;
36393 : 17;
36394 : 17;
36395 : 17;
36396 : 17;
36397 : 17;
36398 : 17;
36399 : 17;
36400 : 17;
36401 : 13;
36402 : 13;
36403 : 13;
36404 : 17;
36405 : 13;
36406 : 13;
36407 : 13;
36408 : 13;
36409 : 13;
36410 : 13;
36411 : 13;
36412 : 13;
36413 : 13;
36414 : 13;
36415 : 13;
36416 : 13;
36417 : 13;
36418 : 13;
36419 : 13;
36420 : 13;
36421 : 13;
36422 : 13;
36423 : 13;
36424 : 13;
36425 : 13;
36426 : 13;
36427 : 13;
36428 : 13;
36429 : 13;
36430 : 13;
36431 : 13;
36432 : 13;
36433 : 13;
36434 : 13;
36435 : 13;
36436 : 17;
36437 : 17;
36438 : 17;
36439 : 17;
36440 : 17;
36441 : 17;
36442 : 17;
36443 : 17;
36444 : 17;
36445 : 17;
36446 : 17;
36447 : 17;
36448 : 17;
36449 : 17;
36450 : 17;
36451 : 17;
36452 : 17;
36453 : 17;
36454 : 17;
36455 : 17;
36456 : 17;
36457 : 17;
36458 : 17;
36459 : 17;
36460 : 17;
36461 : 13;
36462 : 13;
36463 : 13;
36464 : 17;
36465 : 17;
36466 : 13;
36467 : 13;
36468 : 13;
36469 : 13;
36470 : 13;
36471 : 13;
36472 : 13;
36473 : 13;
36474 : 13;
36475 : 13;
36476 : 17;
36477 : 17;
36478 : 17;
36479 : 17;
36480 : 17;
36481 : 17;
36482 : 17;
36483 : 17;
36484 : 17;
36485 : 17;
36486 : 13;
36487 : 13;
36488 : 13;
36489 : 13;
36490 : 13;
36491 : 13;
36492 : 17;
36493 : 17;
36494 : 17;
36495 : 17;
36496 : 17;
36497 : 17;
36498 : 17;
36499 : 17;
36500 : 17;
36501 : 17;
36502 : 17;
36503 : 17;
36504 : 17;
36505 : 17;
36506 : 17;
36507 : 17;
36508 : 17;
36509 : 17;
36510 : 17;
36511 : 17;
36512 : 17;
36513 : 17;
36514 : 17;
36515 : 17;
36516 : 17;
36517 : 17;
36518 : 17;
36519 : 17;
36520 : 13;
36521 : 13;
36522 : 17;
36523 : 17;
36524 : 17;
36525 : 17;
36526 : 17;
36527 : 17;
36528 : 13;
36529 : 17;
36530 : 13;
36531 : 17;
36532 : 13;
36533 : 13;
36534 : 13;
36535 : 13;
36536 : 13;
36537 : 17;
36538 : 13;
36539 : 17;
36540 : 17;
36541 : 17;
36542 : 13;
36543 : 13;
36544 : 13;
36545 : 17;
36546 : 13;
36547 : 13;
36548 : 17;
36549 : 13;
36550 : 13;
36551 : 17;
36552 : 17;
36553 : 17;
36554 : 17;
36555 : 17;
36556 : 17;
36557 : 17;
36558 : 17;
36559 : 17;
36560 : 17;
36561 : 17;
36562 : 17;
36563 : 17;
36564 : 17;
36565 : 17;
36566 : 17;
36567 : 17;
36568 : 17;
36569 : 17;
36570 : 17;
36571 : 17;
36572 : 17;
36573 : 17;
36574 : 17;
36575 : 17;
36576 : 17;
36577 : 17;
36578 : 13;
36579 : 13;
36580 : 13;
36581 : 17;
36582 : 13;
36583 : 17;
36584 : 13;
36585 : 13;
36586 : 13;
36587 : 13;
36588 : 13;
36589 : 13;
36590 : 13;
36591 : 13;
36592 : 13;
36593 : 13;
36594 : 13;
36595 : 13;
36596 : 13;
36597 : 13;
36598 : 13;
36599 : 13;
36600 : 13;
36601 : 13;
36602 : 13;
36603 : 13;
36604 : 13;
36605 : 13;
36606 : 13;
36607 : 13;
36608 : 13;
36609 : 13;
36610 : 13;
36611 : 13;
36612 : 13;
36613 : 13;
36614 : 13;
36615 : 17;
36616 : 17;
36617 : 17;
36618 : 17;
36619 : 17;
36620 : 17;
36621 : 17;
36622 : 17;
36623 : 17;
36624 : 17;
36625 : 17;
36626 : 17;
36627 : 17;
36628 : 17;
36629 : 17;
36630 : 17;
36631 : 17;
36632 : 17;
36633 : 17;
36634 : 17;
36635 : 17;
36636 : 17;
36637 : 17;
36638 : 17;
36639 : 17;
36640 : 17;
36641 : 17;
36642 : 17;
36643 : 13;
36644 : 13;
36645 : 13;
36646 : 13;
36647 : 13;
36648 : 13;
36649 : 13;
36650 : 13;
36651 : 13;
36652 : 13;
36653 : 13;
36654 : 13;
36655 : 13;
36656 : 13;
36657 : 13;
36658 : 13;
36659 : 13;
36660 : 13;
36661 : 13;
36662 : 13;
36663 : 13;
36664 : 13;
36665 : 13;
36666 : 13;
36667 : 13;
36668 : 13;
36669 : 13;
36670 : 13;
36671 : 13;
36672 : 13;
36673 : 17;
36674 : 17;
36675 : 17;
36676 : 17;
36677 : 17;
36678 : 17;
36679 : 17;
36680 : 17;
36681 : 17;
36682 : 17;
36683 : 17;
36684 : 17;
36685 : 17;
36686 : 17;
36687 : 17;
36688 : 17;
36689 : 17;
36690 : 17;
36691 : 17;
36692 : 17;
36693 : 17;
36694 : 17;
36695 : 17;
36696 : 17;
36697 : 17;
36698 : 17;
36699 : 17;
36700 : 17;
36701 : 17;
36702 : 17;
36703 : 17;
36704 : 17;
36705 : 17;
36706 : 13;
36707 : 13;
36708 : 13;
36709 : 13;
36710 : 13;
36711 : 13;
36712 : 13;
36713 : 13;
36714 : 13;
36715 : 13;
36716 : 17;
36717 : 17;
36718 : 13;
36719 : 17;
36720 : 17;
36721 : 17;
36722 : 17;
36723 : 17;
36724 : 17;
36725 : 17;
36726 : 17;
36727 : 13;
36728 : 13;
36729 : 17;
36730 : 17;
36731 : 17;
36732 : 17;
36733 : 17;
36734 : 17;
36735 : 17;
36736 : 17;
36737 : 17;
36738 : 17;
36739 : 17;
36740 : 17;
36741 : 17;
36742 : 17;
36743 : 17;
36744 : 17;
36745 : 17;
36746 : 17;
36747 : 17;
36748 : 17;
36749 : 17;
36750 : 17;
36751 : 17;
36752 : 17;
36753 : 17;
36754 : 17;
36755 : 17;
36756 : 17;
36757 : 17;
36758 : 17;
36759 : 17;
36760 : 17;
36761 : 17;
36762 : 17;
36763 : 17;
36764 : 17;
36765 : 17;
36766 : 17;
36767 : 17;
36768 : 17;
36769 : 17;
36770 : 17;
36771 : 17;
36772 : 13;
36773 : 13;
36774 : 13;
36775 : 13;
36776 : 13;
36777 : 13;
36778 : 13;
36779 : 13;
36780 : 17;
36781 : 17;
36782 : 13;
36783 : 13;
36784 : 13;
36785 : 17;
36786 : 17;
36787 : 17;
36788 : 13;
36789 : 13;
36790 : 17;
36791 : 17;
36792 : 17;
36793 : 17;
36794 : 17;
36795 : 17;
36796 : 17;
36797 : 17;
36798 : 17;
36799 : 17;
36800 : 17;
36801 : 17;
36802 : 17;
36803 : 17;
36804 : 17;
36805 : 17;
36806 : 17;
36807 : 17;
36808 : 17;
36809 : 17;
36810 : 17;
36811 : 17;
36812 : 17;
36813 : 17;
36814 : 17;
36815 : 17;
36816 : 17;
36817 : 17;
36818 : 17;
36819 : 17;
36820 : 17;
36821 : 17;
36822 : 17;
36823 : 13;
36824 : 13;
36825 : 13;
36826 : 13;
36827 : 13;
36828 : 13;
36829 : 13;
36830 : 13;
36831 : 13;
36832 : 13;
36833 : 13;
36834 : 13;
36835 : 13;
36836 : 13;
36837 : 13;
36838 : 13;
36839 : 13;
36840 : 13;
36841 : 13;
36842 : 13;
36843 : 13;
36844 : 13;
36845 : 13;
36846 : 13;
36847 : 13;
36848 : 13;
36849 : 13;
36850 : 13;
36851 : 13;
36852 : 17;
36853 : 17;
36854 : 17;
36855 : 17;
36856 : 17;
36857 : 17;
36858 : 17;
36859 : 17;
36860 : 17;
36861 : 17;
36862 : 17;
36863 : 17;
36864 : 17;
36865 : 17;
36866 : 17;
36867 : 17;
36868 : 17;
36869 : 17;
36870 : 17;
36871 : 17;
36872 : 17;
36873 : 17;
36874 : 17;
36875 : 13;
36876 : 17;
36877 : 17;
36878 : 17;
36879 : 17;
36880 : 17;
36881 : 17;
36882 : 17;
36883 : 17;
36884 : 17;
36885 : 13;
36886 : 13;
36887 : 13;
36888 : 13;
36889 : 13;
36890 : 13;
36891 : 13;
36892 : 13;
36893 : 13;
36894 : 13;
36895 : 13;
36896 : 13;
36897 : 13;
36898 : 13;
36899 : 13;
36900 : 13;
36901 : 13;
36902 : 13;
36903 : 13;
36904 : 13;
36905 : 13;
36906 : 13;
36907 : 13;
36908 : 13;
36909 : 13;
36910 : 13;
36911 : 17;
36912 : 17;
36913 : 17;
36914 : 17;
36915 : 17;
36916 : 17;
36917 : 17;
36918 : 17;
36919 : 17;
36920 : 17;
36921 : 17;
36922 : 17;
36923 : 17;
36924 : 17;
36925 : 17;
36926 : 13;
36927 : 13;
36928 : 13;
36929 : 13;
36930 : 13;
36931 : 17;
36932 : 17;
36933 : 13;
36934 : 13;
36935 : 13;
36936 : 17;
36937 : 17;
36938 : 17;
36939 : 17;
36940 : 17;
36941 : 17;
36942 : 17;
36943 : 17;
36944 : 17;
36945 : 17;
36946 : 17;
36947 : 13;
36948 : 13;
36949 : 13;
36950 : 13;
36951 : 13;
36952 : 13;
36953 : 13;
36954 : 13;
36955 : 13;
36956 : 13;
36957 : 17;
36958 : 17;
36959 : 17;
36960 : 17;
36961 : 17;
36962 : 17;
36963 : 17;
36964 : 17;
36965 : 17;
36966 : 17;
36967 : 17;
36968 : 17;
36969 : 17;
36970 : 17;
36971 : 17;
36972 : 17;
36973 : 17;
36974 : 17;
36975 : 17;
36976 : 17;
36977 : 17;
36978 : 17;
36979 : 17;
36980 : 17;
36981 : 17;
36982 : 17;
36983 : 17;
36984 : 17;
36985 : 17;
36986 : 17;
36987 : 17;
36988 : 17;
36989 : 17;
36990 : 17;
36991 : 17;
36992 : 17;
36993 : 17;
36994 : 17;
36995 : 17;
36996 : 17;
36997 : 17;
36998 : 17;
36999 : 17;
37000 : 17;
37001 : 17;
37002 : 17;
37003 : 17;
37004 : 17;
37005 : 17;
37006 : 17;
37007 : 13;
37008 : 17;
37009 : 17;
37010 : 13;
37011 : 13;
37012 : 17;
37013 : 13;
37014 : 13;
37015 : 13;
37016 : 13;
37017 : 17;
37018 : 17;
37019 : 13;
37020 : 13;
37021 : 13;
37022 : 13;
37023 : 17;
37024 : 17;
37025 : 17;
37026 : 17;
37027 : 17;
37028 : 17;
37029 : 17;
37030 : 17;
37031 : 17;
37032 : 17;
37033 : 17;
37034 : 17;
37035 : 17;
37036 : 17;
37037 : 17;
37038 : 17;
37039 : 17;
37040 : 17;
37041 : 17;
37042 : 17;
37043 : 17;
37044 : 17;
37045 : 17;
37046 : 17;
37047 : 17;
37048 : 17;
37049 : 17;
37050 : 17;
37051 : 17;
37052 : 17;
37053 : 17;
37054 : 17;
37055 : 17;
37056 : 17;
37057 : 17;
37058 : 17;
37059 : 17;
37060 : 17;
37061 : 17;
37062 : 17;
37063 : 17;
37064 : 13;
37065 : 13;
37066 : 13;
37067 : 13;
37068 : 13;
37069 : 13;
37070 : 13;
37071 : 13;
37072 : 13;
37073 : 13;
37074 : 13;
37075 : 13;
37076 : 13;
37077 : 13;
37078 : 13;
37079 : 13;
37080 : 13;
37081 : 13;
37082 : 13;
37083 : 13;
37084 : 13;
37085 : 13;
37086 : 13;
37087 : 13;
37088 : 13;
37089 : 13;
37090 : 17;
37091 : 17;
37092 : 17;
37093 : 17;
37094 : 17;
37095 : 17;
37096 : 17;
37097 : 17;
37098 : 17;
37099 : 17;
37100 : 17;
37101 : 17;
37102 : 17;
37103 : 17;
37104 : 17;
37105 : 17;
37106 : 17;
37107 : 17;
37108 : 17;
37109 : 17;
37110 : 17;
37111 : 13;
37112 : 17;
37113 : 17;
37114 : 17;
37115 : 17;
37116 : 17;
37117 : 17;
37118 : 17;
37119 : 17;
37120 : 17;
37121 : 17;
37122 : 17;
37123 : 17;
37124 : 17;
37125 : 17;
37126 : 17;
37127 : 13;
37128 : 13;
37129 : 13;
37130 : 13;
37131 : 13;
37132 : 13;
37133 : 13;
37134 : 13;
37135 : 13;
37136 : 13;
37137 : 13;
37138 : 13;
37139 : 13;
37140 : 13;
37141 : 13;
37142 : 13;
37143 : 13;
37144 : 17;
37145 : 13;
37146 : 13;
37147 : 13;
37148 : 13;
37149 : 13;
37150 : 17;
37151 : 17;
37152 : 17;
37153 : 17;
37154 : 17;
37155 : 17;
37156 : 17;
37157 : 17;
37158 : 17;
37159 : 17;
37160 : 17;
37161 : 17;
37162 : 17;
37163 : 17;
37164 : 17;
37165 : 17;
37166 : 13;
37167 : 13;
37168 : 13;
37169 : 13;
37170 : 13;
37171 : 13;
37172 : 13;
37173 : 13;
37174 : 13;
37175 : 13;
37176 : 13;
37177 : 13;
37178 : 13;
37179 : 17;
37180 : 17;
37181 : 17;
37182 : 17;
37183 : 17;
37184 : 17;
37185 : 17;
37186 : 17;
37187 : 17;
37188 : 13;
37189 : 13;
37190 : 13;
37191 : 13;
37192 : 13;
37193 : 13;
37194 : 13;
37195 : 13;
37196 : 17;
37197 : 17;
37198 : 17;
37199 : 17;
37200 : 17;
37201 : 17;
37202 : 17;
37203 : 17;
37204 : 17;
37205 : 17;
37206 : 17;
37207 : 17;
37208 : 17;
37209 : 17;
37210 : 17;
37211 : 17;
37212 : 17;
37213 : 17;
37214 : 17;
37215 : 17;
37216 : 17;
37217 : 17;
37218 : 17;
37219 : 17;
37220 : 17;
37221 : 17;
37222 : 17;
37223 : 17;
37224 : 17;
37225 : 17;
37226 : 17;
37227 : 17;
37228 : 17;
37229 : 17;
37230 : 17;
37231 : 17;
37232 : 17;
37233 : 17;
37234 : 17;
37235 : 17;
37236 : 17;
37237 : 17;
37238 : 17;
37239 : 17;
37240 : 17;
37241 : 17;
37242 : 17;
37243 : 17;
37244 : 17;
37245 : 17;
37246 : 13;
37247 : 17;
37248 : 13;
37249 : 13;
37250 : 13;
37251 : 13;
37252 : 13;
37253 : 13;
37254 : 13;
37255 : 13;
37256 : 13;
37257 : 17;
37258 : 17;
37259 : 13;
37260 : 13;
37261 : 13;
37262 : 13;
37263 : 13;
37264 : 17;
37265 : 13;
37266 : 17;
37267 : 17;
37268 : 17;
37269 : 17;
37270 : 17;
37271 : 17;
37272 : 17;
37273 : 17;
37274 : 17;
37275 : 17;
37276 : 17;
37277 : 17;
37278 : 17;
37279 : 17;
37280 : 13;
37281 : 13;
37282 : 17;
37283 : 17;
37284 : 17;
37285 : 17;
37286 : 17;
37287 : 17;
37288 : 17;
37289 : 17;
37290 : 17;
37291 : 17;
37292 : 17;
37293 : 17;
37294 : 17;
37295 : 17;
37296 : 17;
37297 : 17;
37298 : 17;
37299 : 17;
37300 : 17;
37301 : 17;
37302 : 17;
37303 : 17;
37304 : 13;
37305 : 13;
37306 : 13;
37307 : 13;
37308 : 13;
37309 : 13;
37310 : 13;
37311 : 13;
37312 : 13;
37313 : 13;
37314 : 13;
37315 : 13;
37316 : 17;
37317 : 13;
37318 : 13;
37319 : 13;
37320 : 13;
37321 : 13;
37322 : 13;
37323 : 13;
37324 : 13;
37325 : 13;
37326 : 13;
37327 : 17;
37328 : 17;
37329 : 17;
37330 : 17;
37331 : 17;
37332 : 17;
37333 : 17;
37334 : 17;
37335 : 17;
37336 : 17;
37337 : 17;
37338 : 17;
37339 : 17;
37340 : 17;
37341 : 17;
37342 : 17;
37343 : 13;
37344 : 13;
37345 : 17;
37346 : 13;
37347 : 17;
37348 : 13;
37349 : 13;
37350 : 13;
37351 : 13;
37352 : 13;
37353 : 17;
37354 : 17;
37355 : 17;
37356 : 17;
37357 : 17;
37358 : 17;
37359 : 17;
37360 : 17;
37361 : 17;
37362 : 17;
37363 : 17;
37364 : 17;
37365 : 17;
37366 : 17;
37367 : 17;
37368 : 17;
37369 : 17;
37370 : 13;
37371 : 13;
37372 : 13;
37373 : 13;
37374 : 13;
37375 : 13;
37376 : 13;
37377 : 13;
37378 : 13;
37379 : 13;
37380 : 13;
37381 : 13;
37382 : 13;
37383 : 13;
37384 : 13;
37385 : 17;
37386 : 17;
37387 : 17;
37388 : 17;
37389 : 17;
37390 : 17;
37391 : 17;
37392 : 17;
37393 : 17;
37394 : 17;
37395 : 17;
37396 : 17;
37397 : 17;
37398 : 17;
37399 : 17;
37400 : 17;
37401 : 17;
37402 : 17;
37403 : 17;
37404 : 17;
37405 : 13;
37406 : 13;
37407 : 13;
37408 : 13;
37409 : 13;
37410 : 13;
37411 : 13;
37412 : 13;
37413 : 13;
37414 : 13;
37415 : 17;
37416 : 13;
37417 : 13;
37418 : 13;
37419 : 13;
37420 : 13;
37421 : 17;
37422 : 17;
37423 : 17;
37424 : 17;
37425 : 17;
37426 : 17;
37427 : 17;
37428 : 17;
37429 : 17;
37430 : 13;
37431 : 13;
37432 : 13;
37433 : 13;
37434 : 17;
37435 : 13;
37436 : 13;
37437 : 13;
37438 : 17;
37439 : 17;
37440 : 17;
37441 : 17;
37442 : 17;
37443 : 17;
37444 : 17;
37445 : 17;
37446 : 17;
37447 : 17;
37448 : 17;
37449 : 17;
37450 : 17;
37451 : 17;
37452 : 17;
37453 : 17;
37454 : 17;
37455 : 17;
37456 : 17;
37457 : 17;
37458 : 17;
37459 : 17;
37460 : 17;
37461 : 17;
37462 : 17;
37463 : 17;
37464 : 17;
37465 : 17;
37466 : 17;
37467 : 17;
37468 : 17;
37469 : 17;
37470 : 17;
37471 : 17;
37472 : 17;
37473 : 17;
37474 : 17;
37475 : 17;
37476 : 17;
37477 : 17;
37478 : 17;
37479 : 17;
37480 : 17;
37481 : 17;
37482 : 17;
37483 : 17;
37484 : 17;
37485 : 17;
37486 : 13;
37487 : 17;
37488 : 17;
37489 : 13;
37490 : 13;
37491 : 13;
37492 : 13;
37493 : 17;
37494 : 17;
37495 : 13;
37496 : 17;
37497 : 17;
37498 : 17;
37499 : 13;
37500 : 13;
37501 : 13;
37502 : 13;
37503 : 13;
37504 : 17;
37505 : 17;
37506 : 17;
37507 : 17;
37508 : 17;
37509 : 17;
37510 : 17;
37511 : 17;
37512 : 17;
37513 : 17;
37514 : 17;
37515 : 17;
37516 : 17;
37517 : 17;
37518 : 17;
37519 : 17;
37520 : 13;
37521 : 13;
37522 : 13;
37523 : 13;
37524 : 13;
37525 : 17;
37526 : 13;
37527 : 17;
37528 : 17;
37529 : 13;
37530 : 13;
37531 : 13;
37532 : 17;
37533 : 17;
37534 : 17;
37535 : 17;
37536 : 17;
37537 : 17;
37538 : 17;
37539 : 17;
37540 : 17;
37541 : 17;
37542 : 17;
37543 : 17;
37544 : 17;
37545 : 13;
37546 : 13;
37547 : 13;
37548 : 13;
37549 : 13;
37550 : 13;
37551 : 13;
37552 : 13;
37553 : 13;
37554 : 13;
37555 : 13;
37556 : 13;
37557 : 13;
37558 : 13;
37559 : 13;
37560 : 13;
37561 : 13;
37562 : 13;
37563 : 17;
37564 : 13;
37565 : 17;
37566 : 17;
37567 : 17;
37568 : 17;
37569 : 17;
37570 : 17;
37571 : 17;
37572 : 17;
37573 : 17;
37574 : 17;
37575 : 17;
37576 : 17;
37577 : 17;
37578 : 17;
37579 : 17;
37580 : 17;
37581 : 17;
37582 : 13;
37583 : 13;
37584 : 13;
37585 : 13;
37586 : 13;
37587 : 13;
37588 : 13;
37589 : 13;
37590 : 13;
37591 : 13;
37592 : 13;
37593 : 13;
37594 : 13;
37595 : 13;
37596 : 17;
37597 : 17;
37598 : 13;
37599 : 13;
37600 : 13;
37601 : 13;
37602 : 13;
37603 : 13;
37604 : 17;
37605 : 17;
37606 : 17;
37607 : 17;
37608 : 17;
37609 : 17;
37610 : 17;
37611 : 17;
37612 : 13;
37613 : 13;
37614 : 13;
37615 : 13;
37616 : 13;
37617 : 13;
37618 : 17;
37619 : 13;
37620 : 13;
37621 : 13;
37622 : 13;
37623 : 13;
37624 : 13;
37625 : 17;
37626 : 17;
37627 : 17;
37628 : 17;
37629 : 17;
37630 : 17;
37631 : 17;
37632 : 17;
37633 : 17;
37634 : 17;
37635 : 17;
37636 : 17;
37637 : 17;
37638 : 17;
37639 : 17;
37640 : 17;
37641 : 17;
37642 : 17;
37643 : 13;
37644 : 13;
37645 : 13;
37646 : 13;
37647 : 13;
37648 : 13;
37649 : 13;
37650 : 13;
37651 : 13;
37652 : 13;
37653 : 13;
37654 : 13;
37655 : 13;
37656 : 13;
37657 : 13;
37658 : 13;
37659 : 13;
37660 : 13;
37661 : 13;
37662 : 17;
37663 : 17;
37664 : 17;
37665 : 17;
37666 : 17;
37667 : 17;
37668 : 17;
37669 : 17;
37670 : 17;
37671 : 17;
37672 : 13;
37673 : 13;
37674 : 13;
37675 : 13;
37676 : 13;
37677 : 13;
37678 : 13;
37679 : 17;
37680 : 17;
37681 : 17;
37682 : 17;
37683 : 17;
37684 : 17;
37685 : 17;
37686 : 17;
37687 : 17;
37688 : 17;
37689 : 17;
37690 : 17;
37691 : 17;
37692 : 17;
37693 : 17;
37694 : 17;
37695 : 17;
37696 : 17;
37697 : 17;
37698 : 17;
37699 : 17;
37700 : 17;
37701 : 17;
37702 : 17;
37703 : 17;
37704 : 17;
37705 : 17;
37706 : 17;
37707 : 17;
37708 : 17;
37709 : 17;
37710 : 17;
37711 : 17;
37712 : 17;
37713 : 17;
37714 : 17;
37715 : 17;
37716 : 17;
37717 : 17;
37718 : 17;
37719 : 17;
37720 : 17;
37721 : 17;
37722 : 17;
37723 : 17;
37724 : 17;
37725 : 17;
37726 : 17;
37727 : 17;
37728 : 17;
37729 : 17;
37730 : 17;
37731 : 17;
37732 : 17;
37733 : 17;
37734 : 17;
37735 : 17;
37736 : 13;
37737 : 17;
37738 : 13;
37739 : 13;
37740 : 13;
37741 : 13;
37742 : 13;
37743 : 17;
37744 : 17;
37745 : 17;
37746 : 17;
37747 : 17;
37748 : 17;
37749 : 17;
37750 : 17;
37751 : 17;
37752 : 17;
37753 : 17;
37754 : 17;
37755 : 17;
37756 : 17;
37757 : 17;
37758 : 17;
37759 : 17;
37760 : 17;
37761 : 17;
37762 : 17;
37763 : 17;
37764 : 17;
37765 : 17;
37766 : 17;
37767 : 17;
37768 : 17;
37769 : 17;
37770 : 17;
37771 : 17;
37772 : 17;
37773 : 17;
37774 : 17;
37775 : 17;
37776 : 17;
37777 : 17;
37778 : 17;
37779 : 17;
37780 : 17;
37781 : 17;
37782 : 17;
37783 : 17;
37784 : 17;
37785 : 17;
37786 : 17;
37787 : 13;
37788 : 13;
37789 : 13;
37790 : 13;
37791 : 13;
37792 : 13;
37793 : 13;
37794 : 13;
37795 : 13;
37796 : 13;
37797 : 13;
37798 : 13;
37799 : 13;
37800 : 13;
37801 : 13;
37802 : 17;
37803 : 17;
37804 : 17;
37805 : 17;
37806 : 17;
37807 : 17;
37808 : 17;
37809 : 17;
37810 : 17;
37811 : 17;
37812 : 17;
37813 : 17;
37814 : 17;
37815 : 17;
37816 : 17;
37817 : 17;
37818 : 13;
37819 : 13;
37820 : 17;
37821 : 17;
37822 : 17;
37823 : 13;
37824 : 13;
37825 : 13;
37826 : 13;
37827 : 13;
37828 : 13;
37829 : 13;
37830 : 13;
37831 : 13;
37832 : 13;
37833 : 17;
37834 : 13;
37835 : 13;
37836 : 13;
37837 : 13;
37838 : 17;
37839 : 17;
37840 : 17;
37841 : 13;
37842 : 17;
37843 : 17;
37844 : 17;
37845 : 17;
37846 : 17;
37847 : 17;
37848 : 17;
37849 : 17;
37850 : 17;
37851 : 17;
37852 : 17;
37853 : 17;
37854 : 17;
37855 : 17;
37856 : 13;
37857 : 13;
37858 : 13;
37859 : 13;
37860 : 13;
37861 : 17;
37862 : 17;
37863 : 17;
37864 : 17;
37865 : 17;
37866 : 17;
37867 : 17;
37868 : 17;
37869 : 17;
37870 : 17;
37871 : 17;
37872 : 17;
37873 : 17;
37874 : 17;
37875 : 17;
37876 : 17;
37877 : 17;
37878 : 17;
37879 : 17;
37880 : 17;
37881 : 17;
37882 : 17;
37883 : 17;
37884 : 17;
37885 : 17;
37886 : 17;
37887 : 13;
37888 : 13;
37889 : 13;
37890 : 13;
37891 : 17;
37892 : 13;
37893 : 13;
37894 : 13;
37895 : 13;
37896 : 17;
37897 : 13;
37898 : 17;
37899 : 13;
37900 : 17;
37901 : 17;
37902 : 17;
37903 : 17;
37904 : 17;
37905 : 17;
37906 : 17;
37907 : 17;
37908 : 17;
37909 : 17;
37910 : 17;
37911 : 17;
37912 : 17;
37913 : 17;
37914 : 17;
37915 : 17;
37916 : 17;
37917 : 17;
37918 : 17;
37919 : 17;
37920 : 17;
37921 : 17;
37922 : 17;
37923 : 17;
37924 : 17;
37925 : 17;
37926 : 17;
37927 : 17;
37928 : 17;
37929 : 17;
37930 : 17;
37931 : 17;
37932 : 17;
37933 : 17;
37934 : 17;
37935 : 17;
37936 : 17;
37937 : 17;
37938 : 17;
37939 : 17;
37940 : 17;
37941 : 17;
37942 : 17;
37943 : 17;
37944 : 17;
37945 : 17;
37946 : 17;
37947 : 17;
37948 : 17;
37949 : 17;
37950 : 17;
37951 : 17;
37952 : 17;
37953 : 17;
37954 : 17;
37955 : 17;
37956 : 17;
37957 : 17;
37958 : 17;
37959 : 17;
37960 : 17;
37961 : 17;
37962 : 17;
37963 : 17;
37964 : 17;
37965 : 17;
37966 : 17;
37967 : 17;
37968 : 17;
37969 : 17;
37970 : 17;
37971 : 17;
37972 : 17;
37973 : 17;
37974 : 17;
37975 : 17;
37976 : 17;
37977 : 17;
37978 : 17;
37979 : 17;
37980 : 17;
37981 : 17;
37982 : 17;
37983 : 17;
37984 : 17;
37985 : 17;
37986 : 17;
37987 : 17;
37988 : 17;
37989 : 17;
37990 : 17;
37991 : 17;
37992 : 17;
37993 : 17;
37994 : 17;
37995 : 17;
37996 : 17;
37997 : 17;
37998 : 17;
37999 : 17;
38000 : 17;
38001 : 17;
38002 : 17;
38003 : 17;
38004 : 17;
38005 : 17;
38006 : 17;
38007 : 17;
38008 : 17;
38009 : 17;
38010 : 17;
38011 : 17;
38012 : 17;
38013 : 17;
38014 : 17;
38015 : 17;
38016 : 17;
38017 : 17;
38018 : 17;
38019 : 17;
38020 : 17;
38021 : 17;
38022 : 17;
38023 : 17;
38024 : 17;
38025 : 17;
38026 : 17;
38027 : 17;
38028 : 17;
38029 : 17;
38030 : 17;
38031 : 13;
38032 : 13;
38033 : 13;
38034 : 13;
38035 : 17;
38036 : 17;
38037 : 17;
38038 : 13;
38039 : 13;
38040 : 17;
38041 : 17;
38042 : 17;
38043 : 17;
38044 : 17;
38045 : 17;
38046 : 17;
38047 : 17;
38048 : 17;
38049 : 17;
38050 : 17;
38051 : 17;
38052 : 17;
38053 : 17;
38054 : 17;
38055 : 17;
38056 : 17;
38057 : 17;
38058 : 17;
38059 : 13;
38060 : 17;
38061 : 17;
38062 : 13;
38063 : 17;
38064 : 13;
38065 : 13;
38066 : 13;
38067 : 13;
38068 : 13;
38069 : 13;
38070 : 13;
38071 : 13;
38072 : 13;
38073 : 13;
38074 : 17;
38075 : 17;
38076 : 13;
38077 : 17;
38078 : 13;
38079 : 17;
38080 : 17;
38081 : 13;
38082 : 13;
38083 : 13;
38084 : 17;
38085 : 17;
38086 : 17;
38087 : 17;
38088 : 17;
38089 : 17;
38090 : 17;
38091 : 17;
38092 : 17;
38093 : 17;
38094 : 17;
38095 : 17;
38096 : 17;
38097 : 17;
38098 : 17;
38099 : 17;
38100 : 17;
38101 : 17;
38102 : 17;
38103 : 17;
38104 : 17;
38105 : 17;
38106 : 17;
38107 : 17;
38108 : 17;
38109 : 17;
38110 : 17;
38111 : 17;
38112 : 17;
38113 : 17;
38114 : 17;
38115 : 17;
38116 : 17;
38117 : 17;
38118 : 17;
38119 : 17;
38120 : 17;
38121 : 17;
38122 : 13;
38123 : 17;
38124 : 17;
38125 : 17;
38126 : 17;
38127 : 17;
38128 : 13;
38129 : 13;
38130 : 17;
38131 : 13;
38132 : 13;
38133 : 13;
38134 : 13;
38135 : 13;
38136 : 13;
38137 : 13;
38138 : 13;
38139 : 13;
38140 : 17;
38141 : 17;
38142 : 17;
38143 : 17;
38144 : 17;
38145 : 17;
38146 : 17;
38147 : 17;
38148 : 17;
38149 : 17;
38150 : 17;
38151 : 17;
38152 : 17;
38153 : 17;
38154 : 17;
38155 : 17;
38156 : 17;
38157 : 17;
38158 : 17;
38159 : 17;
38160 : 17;
38161 : 17;
38162 : 17;
38163 : 17;
38164 : 17;
38165 : 17;
38166 : 17;
38167 : 17;
38168 : 17;
38169 : 17;
38170 : 17;
38171 : 17;
38172 : 17;
38173 : 17;
38174 : 17;
38175 : 17;
38176 : 17;
38177 : 17;
38178 : 17;
38179 : 17;
38180 : 17;
38181 : 17;
38182 : 17;
38183 : 17;
38184 : 17;
38185 : 17;
38186 : 17;
38187 : 17;
38188 : 17;
38189 : 17;
38190 : 17;
38191 : 17;
38192 : 17;
38193 : 17;
38194 : 17;
38195 : 17;
38196 : 17;
38197 : 17;
38198 : 17;
38199 : 17;
38200 : 17;
38201 : 17;
38202 : 17;
38203 : 17;
38204 : 17;
38205 : 17;
38206 : 17;
38207 : 17;
38208 : 17;
38209 : 17;
38210 : 17;
38211 : 17;
38212 : 17;
38213 : 17;
38214 : 17;
38215 : 17;
38216 : 17;
38217 : 17;
38218 : 17;
38219 : 17;
38220 : 17;
38221 : 17;
38222 : 17;
38223 : 17;
38224 : 17;
38225 : 17;
38226 : 17;
38227 : 17;
38228 : 17;
38229 : 17;
38230 : 17;
38231 : 17;
38232 : 17;
38233 : 17;
38234 : 17;
38235 : 17;
38236 : 17;
38237 : 17;
38238 : 17;
38239 : 17;
38240 : 17;
38241 : 17;
38242 : 17;
38243 : 17;
38244 : 17;
38245 : 17;
38246 : 17;
38247 : 17;
38248 : 17;
38249 : 17;
38250 : 17;
38251 : 17;
38252 : 17;
38253 : 17;
38254 : 17;
38255 : 17;
38256 : 17;
38257 : 17;
38258 : 17;
38259 : 17;
38260 : 17;
38261 : 17;
38262 : 17;
38263 : 17;
38264 : 17;
38265 : 17;
38266 : 17;
38267 : 17;
38268 : 17;
38269 : 17;
38270 : 17;
38271 : 17;
38272 : 17;
38273 : 17;
38274 : 17;
38275 : 17;
38276 : 17;
38277 : 17;
38278 : 17;
38279 : 17;
38280 : 17;
38281 : 17;
38282 : 17;
38283 : 17;
38284 : 17;
38285 : 17;
38286 : 17;
38287 : 17;
38288 : 17;
38289 : 17;
38290 : 17;
38291 : 17;
38292 : 17;
38293 : 17;
38294 : 17;
38295 : 17;
38296 : 17;
38297 : 17;
38298 : 17;
38299 : 17;
38300 : 17;
38301 : 17;
38302 : 17;
38303 : 17;
38304 : 17;
38305 : 17;
38306 : 17;
38307 : 17;
38308 : 17;
38309 : 17;
38310 : 17;
38311 : 17;
38312 : 17;
38313 : 17;
38314 : 17;
38315 : 17;
38316 : 17;
38317 : 17;
38318 : 17;
38319 : 17;
38320 : 17;
38321 : 17;
38322 : 17;
38323 : 17;
38324 : 17;
38325 : 17;
38326 : 17;
38327 : 17;
38328 : 17;
38329 : 17;
38330 : 17;
38331 : 17;
38332 : 17;
38333 : 17;
38334 : 17;
38335 : 17;
38336 : 17;
38337 : 17;
38338 : 17;
38339 : 17;
38340 : 17;
38341 : 17;
38342 : 17;
38343 : 17;
38344 : 17;
38345 : 17;
38346 : 17;
38347 : 17;
38348 : 17;
38349 : 17;
38350 : 17;
38351 : 17;
38352 : 17;
38353 : 17;
38354 : 17;
38355 : 17;
38356 : 17;
38357 : 17;
38358 : 17;
38359 : 17;
38360 : 17;
38361 : 17;
38362 : 17;
38363 : 17;
38364 : 17;
38365 : 17;
38366 : 17;
38367 : 17;
38368 : 17;
38369 : 17;
38370 : 17;
38371 : 17;
38372 : 17;
38373 : 17;
38374 : 17;
38375 : 17;
38376 : 17;
38377 : 17;
38378 : 17;
38379 : 17;
38380 : 17;
38381 : 17;
38382 : 17;
38383 : 17;
38384 : 17;
38385 : 17;
38386 : 17;
38387 : 17;
38388 : 17;
38389 : 17;
38390 : 17;
38391 : 17;
38392 : 17;
38393 : 17;
38394 : 17;
38395 : 17;
38396 : 17;
38397 : 17;
38398 : 17;
38399 : 17;
END;
